timestamp_30min,corridor_id,segment_id,avg_current_speed,avg_free_flow_speed,avg_current_travel_time,avg_free_flow_travel_time,avg_delay_seconds,avg_speed_loss_pct,avg_travel_time_ratio,avg_confidence,min_current_speed,max_current_speed,std_current_speed,observations,road_closure,monitors,date_local,hour_local,day_of_week,day_type
2026-09-24 19:00:00-06:00,COR001,S001,50.0,70.0,265.0,189.0,76.0,28.57142857142857,1.402116402116402,1.0,50,50,0.0,2,False,2,2026-09-24,19,Thursday,Weekday
2026-09-24 23:30:00-06:00,COR001,S001,71.0,71.0,186.0,186.0,0.0,0.0,1.0,1.0,71,71,0.0,2,False,2,2026-09-24,23,Thursday,Weekday
2026-09-25 05:30:00-06:00,COR001,S001,71.0,71.0,186.0,186.0,0.0,0.0,1.0,1.0,71,71,0.0,2,False,2,2026-09-25,5,Friday,Weekday
2026-09-25 09:00:00-06:00,COR001,S001,71.0,71.0,186.0,186.0,0.0,0.0,1.0,1.0,71,71,0.0,2,False,2,2026-09-25,9,Friday,Weekday
2026-09-25 10:00:00-06:00,COR001,S001,71.0,71.0,186.0,186.0,0.0,0.0,1.0,1.0,71,71,0.0,2,False,2,2026-09-25,10,Friday,Weekday
2026-09-25 10:30:00-06:00,COR001,S001,71.0,71.0,186.0,186.0,0.0,0.0,1.0,1.0,71,71,0.0,2,False,2,2026-09-25,10,Friday,Weekday
2026-09-25 11:30:00-06:00,COR001,S001,71.0,71.0,186.0,186.0,0.0,0.0,1.0,1.0,71,71,0.0,2,False,2,2026-09-25,11,Friday,Weekday
2026-09-25 12:00:00-06:00,COR001,S001,71.0,71.0,186.0,186.0,0.0,0.0,1.0,1.0,71,71,0.0,2,False,2,2026-09-25,12,Friday,Weekday
2026-09-25 12:30:00-06:00,COR001,S001,58.0,70.0,228.0,189.0,39.0,17.142857142857142,1.2063492063492065,1.0,58,58,0.0,2,False,2,2026-09-25,12,Friday,Weekday
2026-09-25 13:00:00-06:00,COR001,S001,43.0,70.0,308.0,189.0,119.0,38.57142857142858,1.6296296296296295,1.0,43,43,0.0,2,False,2,2026-09-25,13,Friday,Weekday
2026-09-25 13:30:00-06:00,COR001,S001,52.5,70.0,259.0,189.0,70.0,25.0,1.3703703703703702,1.0,44,61,9.81495457622364,4,False,2,2026-09-25,13,Friday,Weekday
2026-09-25 14:00:00-06:00,COR001,S001,61.0,69.0,217.0,192.0,25.0,11.594202898550725,1.1302083333333333,1.0,61,61,0.0,2,False,2,2026-09-25,14,Friday,Weekday
2026-09-25 14:30:00-06:00,COR001,S001,51.0,69.0,259.0,192.0,67.0,26.08695652173913,1.3489583333333333,1.0,51,51,0.0,2,False,2,2026-09-25,14,Friday,Weekday
2026-09-25 15:00:00-06:00,COR001,S001,58.0,71.0,228.0,186.0,42.0,18.30985915492958,1.2258064516129032,1.0,58,58,0.0,2,False,2,2026-09-25,15,Friday,Weekday
2026-09-25 15:30:00-06:00,COR001,S001,44.0,70.0,301.0,189.0,112.0,37.142857142857146,1.5925925925925926,1.0,44,44,0.0,2,False,2,2026-09-25,15,Friday,Weekday
2026-09-25 16:00:00-06:00,COR001,S001,40.0,70.0,331.0,189.0,142.0,42.85714285714285,1.7513227513227514,0.999432,40,40,0.0,2,False,2,2026-09-25,16,Friday,Weekday
2026-09-25 16:30:00-06:00,COR001,S001,48.0,70.0,276.0,189.0,87.0,31.428571428571427,1.4603174603174602,0.999345,48,48,0.0,2,False,2,2026-09-25,16,Friday,Weekday
2026-09-25 17:00:00-06:00,COR001,S001,47.0,70.0,282.0,189.0,93.0,32.857142857142854,1.492063492063492,1.0,47,47,0.0,2,False,2,2026-09-25,17,Friday,Weekday
2026-09-25 17:30:00-06:00,COR001,S001,54.0,71.0,245.0,186.0,59.0,23.943661971830984,1.3172043010752688,1.0,54,54,0.0,2,False,2,2026-09-25,17,Friday,Weekday
2026-09-25 18:00:00-06:00,COR001,S001,50.0,70.0,265.0,189.0,76.0,28.57142857142857,1.402116402116402,1.0,50,50,0.0,2,False,2,2026-09-25,18,Friday,Weekday
2026-09-25 18:30:00-06:00,COR001,S001,45.0,69.0,294.0,192.0,102.0,34.78260869565217,1.53125,1.0,45,45,0.0,2,False,2,2026-09-25,18,Friday,Weekday
2026-09-25 19:00:00-06:00,COR001,S001,40.0,71.0,331.0,186.0,145.0,43.66197183098591,1.7795698924731185,0.999036,40,40,0.0,2,False,2,2026-09-25,19,Friday,Weekday
2026-09-25 19:30:00-06:00,COR001,S001,36.0,70.0,368.0,189.0,179.0,48.57142857142857,1.947089947089947,1.0,36,36,0.0,2,False,2,2026-09-25,19,Friday,Weekday
2026-09-25 20:00:00-06:00,COR001,S001,45.0,71.0,294.0,186.0,108.0,36.61971830985916,1.5806451612903225,1.0,45,45,0.0,2,False,2,2026-09-25,20,Friday,Weekday
2026-09-25 20:30:00-06:00,COR001,S001,54.0,71.0,245.0,186.0,59.0,23.943661971830984,1.3172043010752688,1.0,54,54,0.0,2,False,2,2026-09-25,20,Friday,Weekday
2026-09-25 21:00:00-06:00,COR001,S001,50.0,70.0,265.0,189.0,76.0,28.57142857142857,1.402116402116402,1.0,50,50,0.0,2,False,2,2026-09-25,21,Friday,Weekday
2026-09-25 21:30:00-06:00,COR001,S001,44.0,70.0,301.0,189.0,112.0,37.142857142857146,1.5925925925925926,1.0,44,44,0.0,2,False,2,2026-09-25,21,Friday,Weekday
2026-09-25 22:00:00-06:00,COR001,S001,50.0,70.0,265.0,189.0,76.0,28.57142857142857,1.402116402116402,1.0,50,50,0.0,2,False,2,2026-09-25,22,Friday,Weekday
2026-09-25 22:30:00-06:00,COR001,S001,54.0,70.0,245.0,189.0,56.0,22.857142857142858,1.2962962962962965,0.990624,54,54,0.0,2,False,2,2026-09-25,22,Friday,Weekday
2026-09-25 23:00:00-06:00,COR001,S001,55.0,70.0,240.0,189.0,51.0,21.428571428571427,1.2698412698412698,0.99,55,55,0.0,2,False,2,2026-09-25,23,Friday,Weekday
2026-09-25 23:30:00-06:00,COR001,S001,71.0,71.0,186.0,186.0,0.0,0.0,1.0,1.0,71,71,0.0,2,False,2,2026-09-25,23,Friday,Weekday
2026-09-26 00:00:00-06:00,COR001,S001,71.0,71.0,186.0,186.0,0.0,0.0,1.0,1.0,71,71,0.0,2,False,2,2026-09-26,0,Saturday,Weekend
2026-09-26 00:30:00-06:00,COR001,S001,71.0,71.0,186.0,186.0,0.0,0.0,1.0,1.0,71,71,0.0,2,False,2,2026-09-26,0,Saturday,Weekend
2026-09-26 01:00:00-06:00,COR001,S001,71.0,71.0,186.0,186.0,0.0,0.0,1.0,1.0,71,71,0.0,2,False,2,2026-09-26,1,Saturday,Weekend
2026-09-26 01:30:00-06:00,COR001,S001,71.0,71.0,186.0,186.0,0.0,0.0,1.0,1.0,71,71,0.0,2,False,2,2026-09-26,1,Saturday,Weekend
2026-09-26 02:00:00-06:00,COR001,S001,71.0,71.0,186.0,186.0,0.0,0.0,1.0,1.0,71,71,0.0,2,False,2,2026-09-26,2,Saturday,Weekend
2026-09-26 02:30:00-06:00,COR001,S001,71.0,71.0,186.0,186.0,0.0,0.0,1.0,1.0,71,71,0.0,2,False,2,2026-09-26,2,Saturday,Weekend
2026-09-26 03:00:00-06:00,COR001,S001,71.0,71.0,186.0,186.0,0.0,0.0,1.0,1.0,71,71,0.0,2,False,2,2026-09-26,3,Saturday,Weekend
2026-09-26 03:30:00-06:00,COR001,S001,71.0,71.0,186.0,186.0,0.0,0.0,1.0,1.0,71,71,0.0,2,False,2,2026-09-26,3,Saturday,Weekend
2026-09-26 04:00:00-06:00,COR001,S001,71.0,71.0,186.0,186.0,0.0,0.0,1.0,1.0,71,71,0.0,2,False,2,2026-09-26,4,Saturday,Weekend
2026-09-26 04:30:00-06:00,COR001,S001,71.0,71.0,186.0,186.0,0.0,0.0,1.0,1.0,71,71,0.0,2,False,2,2026-09-26,4,Saturday,Weekend
2026-09-26 05:00:00-06:00,COR001,S001,71.0,71.0,186.0,186.0,0.0,0.0,1.0,1.0,71,71,0.0,2,False,2,2026-09-26,5,Saturday,Weekend
2026-09-26 05:30:00-06:00,COR001,S001,71.0,71.0,186.0,186.0,0.0,0.0,1.0,1.0,71,71,0.0,2,False,2,2026-09-26,5,Saturday,Weekend
2026-09-26 06:00:00-06:00,COR001,S001,71.0,71.0,186.0,186.0,0.0,0.0,1.0,1.0,71,71,0.0,2,False,2,2026-09-26,6,Saturday,Weekend
2026-09-26 06:30:00-06:00,COR001,S001,71.0,71.0,186.0,186.0,0.0,0.0,1.0,1.0,71,71,0.0,2,False,2,2026-09-26,6,Saturday,Weekend
2026-09-26 07:00:00-06:00,COR001,S001,71.0,71.0,186.0,186.0,0.0,0.0,1.0,1.0,71,71,0.0,2,False,2,2026-09-26,7,Saturday,Weekend
2026-09-26 07:30:00-06:00,COR001,S001,71.0,71.0,186.0,186.0,0.0,0.0,1.0,1.0,71,71,0.0,2,False,2,2026-09-26,7,Saturday,Weekend
2026-09-26 08:00:00-06:00,COR001,S001,71.0,71.0,186.0,186.0,0.0,0.0,1.0,1.0,71,71,0.0,2,False,2,2026-09-26,8,Saturday,Weekend
2026-09-26 08:30:00-06:00,COR001,S001,71.0,71.0,186.0,186.0,0.0,0.0,1.0,1.0,71,71,0.0,2,False,2,2026-09-26,8,Saturday,Weekend
2026-09-26 09:00:00-06:00,COR001,S001,71.0,71.0,186.0,186.0,0.0,0.0,1.0,1.0,71,71,0.0,2,False,2,2026-09-26,9,Saturday,Weekend
2026-09-26 09:30:00-06:00,COR001,S001,71.0,71.0,186.0,186.0,0.0,0.0,1.0,1.0,71,71,0.0,2,False,2,2026-09-26,9,Saturday,Weekend
2026-09-26 10:00:00-06:00,COR001,S001,71.0,71.0,186.0,186.0,0.0,0.0,1.0,1.0,71,71,0.0,2,False,2,2026-09-26,10,Saturday,Weekend
2026-09-26 10:30:00-06:00,COR001,S001,71.0,71.0,186.0,186.0,0.0,0.0,1.0,1.0,71,71,0.0,2,False,2,2026-09-26,10,Saturday,Weekend
2026-09-26 11:00:00-06:00,COR001,S001,71.0,71.0,186.0,186.0,0.0,0.0,1.0,1.0,71,71,0.0,2,False,2,2026-09-26,11,Saturday,Weekend
2026-09-26 11:30:00-06:00,COR001,S001,71.0,71.0,186.0,186.0,0.0,0.0,1.0,1.0,71,71,0.0,2,False,2,2026-09-26,11,Saturday,Weekend
2026-09-26 12:00:00-06:00,COR001,S001,71.0,71.0,186.0,186.0,0.0,0.0,1.0,1.0,71,71,0.0,2,False,2,2026-09-26,12,Saturday,Weekend
2026-09-26 12:30:00-06:00,COR001,S001,57.0,70.0,232.0,189.0,43.0,18.571428571428573,1.2275132275132274,1.0,57,57,0.0,2,False,2,2026-09-26,12,Saturday,Weekend
2026-09-26 13:00:00-06:00,COR001,S001,71.0,71.0,186.0,186.0,0.0,0.0,1.0,1.0,71,71,0.0,2,False,2,2026-09-26,13,Saturday,Weekend
2026-09-26 13:30:00-06:00,COR001,S001,71.0,71.0,186.0,186.0,0.0,0.0,1.0,1.0,71,71,0.0,2,False,2,2026-09-26,13,Saturday,Weekend
2026-09-26 14:00:00-06:00,COR001,S001,55.0,70.0,240.0,189.0,51.0,21.428571428571427,1.2698412698412698,1.0,55,55,0.0,2,False,2,2026-09-26,14,Saturday,Weekend
2026-09-26 14:30:00-06:00,COR001,S001,53.0,70.0,250.0,189.0,61.0,24.285714285714285,1.3227513227513228,1.0,53,53,0.0,2,False,2,2026-09-26,14,Saturday,Weekend
2026-09-26 15:00:00-06:00,COR001,S001,41.0,70.0,323.0,189.0,134.0,41.42857142857143,1.708994708994709,0.996513,41,41,0.0,2,False,2,2026-09-26,15,Saturday,Weekend
2026-09-26 15:30:00-06:00,COR001,S001,50.0,70.0,265.0,189.0,76.0,28.57142857142857,1.402116402116402,0.999294,50,50,0.0,2,False,2,2026-09-26,15,Saturday,Weekend
2026-09-26 16:00:00-06:00,COR001,S001,57.0,70.0,232.0,189.0,43.0,18.571428571428573,1.2275132275132274,0.997349,57,57,0.0,2,False,2,2026-09-26,16,Saturday,Weekend
2026-09-26 16:30:00-06:00,COR001,S001,60.0,71.0,220.0,186.0,34.0,15.492957746478872,1.1827956989247312,1.0,60,60,0.0,2,False,2,2026-09-26,16,Saturday,Weekend
2026-09-26 17:00:00-06:00,COR001,S001,71.0,71.0,186.0,186.0,0.0,0.0,1.0,1.0,71,71,0.0,2,False,2,2026-09-26,17,Saturday,Weekend
2026-09-26 17:30:00-06:00,COR001,S001,71.0,71.0,186.0,186.0,0.0,0.0,1.0,1.0,71,71,0.0,2,False,2,2026-09-26,17,Saturday,Weekend
2026-09-26 18:00:00-06:00,COR001,S001,71.0,71.0,186.0,186.0,0.0,0.0,1.0,1.0,71,71,0.0,2,False,2,2026-09-26,18,Saturday,Weekend
2026-09-26 18:30:00-06:00,COR001,S001,71.0,71.0,186.0,186.0,0.0,0.0,1.0,1.0,71,71,0.0,2,False,2,2026-09-26,18,Saturday,Weekend
2026-09-26 19:00:00-06:00,COR001,S001,71.0,71.0,186.0,186.0,0.0,0.0,1.0,1.0,71,71,0.0,2,False,2,2026-09-26,19,Saturday,Weekend
2026-09-26 19:30:00-06:00,COR001,S001,71.0,71.0,186.0,186.0,0.0,0.0,1.0,1.0,71,71,0.0,2,False,2,2026-09-26,19,Saturday,Weekend
2026-09-26 20:00:00-06:00,COR001,S001,71.0,71.0,186.0,186.0,0.0,0.0,1.0,1.0,71,71,0.0,2,False,2,2026-09-26,20,Saturday,Weekend
2026-09-26 20:30:00-06:00,COR001,S001,71.0,71.0,186.0,186.0,0.0,0.0,1.0,1.0,71,71,0.0,2,False,2,2026-09-26,20,Saturday,Weekend
2026-09-26 21:00:00-06:00,COR001,S001,51.0,71.0,259.0,186.0,73.0,28.169014084507044,1.39247311827957,1.0,51,51,0.0,2,False,2,2026-09-26,21,Saturday,Weekend
2026-09-26 21:30:00-06:00,COR001,S001,71.0,71.0,186.0,186.0,0.0,0.0,1.0,1.0,71,71,0.0,2,False,2,2026-09-26,21,Saturday,Weekend
2026-09-26 22:00:00-06:00,COR001,S001,71.0,71.0,186.0,186.0,0.0,0.0,1.0,1.0,71,71,0.0,2,False,2,2026-09-26,22,Saturday,Weekend
2026-09-26 22:30:00-06:00,COR001,S001,71.0,71.0,186.0,186.0,0.0,0.0,1.0,1.0,71,71,0.0,2,False,2,2026-09-26,22,Saturday,Weekend
2026-09-26 23:00:00-06:00,COR001,S001,71.0,71.0,186.0,186.0,0.0,0.0,1.0,1.0,71,71,0.0,2,False,2,2026-09-26,23,Saturday,Weekend
2026-09-26 23:30:00-06:00,COR001,S001,71.0,71.0,186.0,186.0,0.0,0.0,1.0,1.0,71,71,0.0,2,False,2,2026-09-26,23,Saturday,Weekend
2026-09-27 00:00:00-06:00,COR001,S001,71.0,71.0,186.0,186.0,0.0,0.0,1.0,1.0,71,71,0.0,2,False,2,2026-09-27,0,Sunday,Weekend
2026-09-27 00:30:00-06:00,COR001,S001,71.0,71.0,186.0,186.0,0.0,0.0,1.0,1.0,71,71,0.0,2,False,2,2026-09-27,0,Sunday,Weekend
2026-09-27 01:00:00-06:00,COR001,S001,71.0,71.0,186.0,186.0,0.0,0.0,1.0,1.0,71,71,0.0,2,False,2,2026-09-27,1,Sunday,Weekend
2026-09-27 01:30:00-06:00,COR001,S001,71.0,71.0,186.0,186.0,0.0,0.0,1.0,1.0,71,71,0.0,2,False,2,2026-09-27,1,Sunday,Weekend
2026-09-27 02:00:00-06:00,COR001,S001,71.0,71.0,186.0,186.0,0.0,0.0,1.0,1.0,71,71,0.0,2,False,2,2026-09-27,2,Sunday,Weekend
2026-09-27 02:30:00-06:00,COR001,S001,71.0,71.0,186.0,186.0,0.0,0.0,1.0,1.0,71,71,0.0,2,False,2,2026-09-27,2,Sunday,Weekend
2026-09-27 03:00:00-06:00,COR001,S001,71.0,71.0,186.0,186.0,0.0,0.0,1.0,1.0,71,71,0.0,2,False,2,2026-09-27,3,Sunday,Weekend
2026-09-27 03:30:00-06:00,COR001,S001,71.0,71.0,186.0,186.0,0.0,0.0,1.0,1.0,71,71,0.0,2,False,2,2026-09-27,3,Sunday,Weekend
2026-09-27 04:00:00-06:00,COR001,S001,71.0,71.0,186.0,186.0,0.0,0.0,1.0,1.0,71,71,0.0,2,False,2,2026-09-27,4,Sunday,Weekend
2026-09-27 04:30:00-06:00,COR001,S001,71.0,71.0,186.0,186.0,0.0,0.0,1.0,1.0,71,71,0.0,2,False,2,2026-09-27,4,Sunday,Weekend
2026-09-27 05:00:00-06:00,COR001,S001,71.0,71.0,186.0,186.0,0.0,0.0,1.0,1.0,71,71,0.0,2,False,2,2026-09-27,5,Sunday,Weekend
2026-09-27 05:30:00-06:00,COR001,S001,71.0,71.0,186.0,186.0,0.0,0.0,1.0,1.0,71,71,0.0,2,False,2,2026-09-27,5,Sunday,Weekend
2026-09-27 06:00:00-06:00,COR001,S001,71.0,71.0,186.0,186.0,0.0,0.0,1.0,1.0,71,71,0.0,2,False,2,2026-09-27,6,Sunday,Weekend
2026-09-27 06:30:00-06:00,COR001,S001,71.0,71.0,186.0,186.0,0.0,0.0,1.0,1.0,71,71,0.0,2,False,2,2026-09-27,6,Sunday,Weekend
2026-09-27 07:00:00-06:00,COR001,S001,71.0,71.0,186.0,186.0,0.0,0.0,1.0,1.0,71,71,0.0,2,False,2,2026-09-27,7,Sunday,Weekend
2026-09-27 07:30:00-06:00,COR001,S001,71.0,71.0,186.0,186.0,0.0,0.0,1.0,1.0,71,71,0.0,2,False,2,2026-09-27,7,Sunday,Weekend
2026-09-27 08:00:00-06:00,COR001,S001,71.0,71.0,186.0,186.0,0.0,0.0,1.0,1.0,71,71,0.0,2,False,2,2026-09-27,8,Sunday,Weekend
2026-09-27 08:30:00-06:00,COR001,S001,71.0,71.0,186.0,186.0,0.0,0.0,1.0,1.0,71,71,0.0,2,False,2,2026-09-27,8,Sunday,Weekend
2026-09-27 09:00:00-06:00,COR001,S001,71.0,71.0,186.0,186.0,0.0,0.0,1.0,1.0,71,71,0.0,2,False,2,2026-09-27,9,Sunday,Weekend
2026-09-27 09:30:00-06:00,COR001,S001,71.0,71.0,186.0,186.0,0.0,0.0,1.0,1.0,71,71,0.0,2,False,2,2026-09-27,9,Sunday,Weekend
2026-09-27 10:00:00-06:00,COR001,S001,71.0,71.0,186.0,186.0,0.0,0.0,1.0,1.0,71,71,0.0,2,False,2,2026-09-27,10,Sunday,Weekend
2026-09-27 10:30:00-06:00,COR001,S001,71.0,71.0,186.0,186.0,0.0,0.0,1.0,1.0,71,71,0.0,2,False,2,2026-09-27,10,Sunday,Weekend
2026-09-27 11:00:00-06:00,COR001,S001,71.0,71.0,186.0,186.0,0.0,0.0,1.0,1.0,71,71,0.0,2,False,2,2026-09-27,11,Sunday,Weekend
2026-09-27 11:30:00-06:00,COR001,S001,71.0,71.0,186.0,186.0,0.0,0.0,1.0,1.0,71,71,0.0,2,False,2,2026-09-27,11,Sunday,Weekend
2026-09-27 12:00:00-06:00,COR001,S001,71.0,71.0,186.0,186.0,0.0,0.0,1.0,1.0,71,71,0.0,2,False,2,2026-09-27,12,Sunday,Weekend
2026-09-27 12:30:00-06:00,COR001,S001,71.0,71.0,186.0,186.0,0.0,0.0,1.0,1.0,71,71,0.0,2,False,2,2026-09-27,12,Sunday,Weekend
2026-09-27 13:00:00-06:00,COR001,S001,71.0,71.0,186.0,186.0,0.0,0.0,1.0,1.0,71,71,0.0,2,False,2,2026-09-27,13,Sunday,Weekend
2026-09-27 13:30:00-06:00,COR001,S001,71.0,71.0,186.0,186.0,0.0,0.0,1.0,1.0,71,71,0.0,2,False,2,2026-09-27,13,Sunday,Weekend
2026-09-27 14:00:00-06:00,COR001,S001,71.0,71.0,186.0,186.0,0.0,0.0,1.0,1.0,71,71,0.0,2,False,2,2026-09-27,14,Sunday,Weekend
2026-09-27 14:30:00-06:00,COR001,S001,71.0,71.0,186.0,186.0,0.0,0.0,1.0,1.0,71,71,0.0,2,False,2,2026-09-27,14,Sunday,Weekend
2026-09-27 15:00:00-06:00,COR001,S001,71.0,71.0,186.0,186.0,0.0,0.0,1.0,1.0,71,71,0.0,2,False,2,2026-09-27,15,Sunday,Weekend
2026-09-27 15:30:00-06:00,COR001,S001,71.0,71.0,186.0,186.0,0.0,0.0,1.0,1.0,71,71,0.0,2,False,2,2026-09-27,15,Sunday,Weekend
2026-09-27 16:00:00-06:00,COR001,S001,71.0,71.0,186.0,186.0,0.0,0.0,1.0,1.0,71,71,0.0,2,False,2,2026-09-27,16,Sunday,Weekend
2026-09-27 16:30:00-06:00,COR001,S001,71.0,71.0,186.0,186.0,0.0,0.0,1.0,1.0,71,71,0.0,2,False,2,2026-09-27,16,Sunday,Weekend
2026-09-27 17:00:00-06:00,COR001,S001,54.0,70.0,245.0,189.0,56.0,22.857142857142858,1.2962962962962965,1.0,54,54,0.0,2,False,2,2026-09-27,17,Sunday,Weekend
2026-09-27 17:30:00-06:00,COR001,S001,56.0,70.0,236.0,189.0,47.0,20.0,1.2486772486772486,1.0,56,56,0.0,2,False,2,2026-09-27,17,Sunday,Weekend
2026-09-27 18:00:00-06:00,COR001,S001,53.0,71.0,250.0,186.0,64.0,25.352112676056336,1.3440860215053765,0.996996,53,53,0.0,2,False,2,2026-09-27,18,Sunday,Weekend
2026-09-27 18:30:00-06:00,COR001,S001,55.0,70.0,240.0,189.0,51.0,21.428571428571427,1.2698412698412698,0.991686,55,55,0.0,2,False,2,2026-09-27,18,Sunday,Weekend
2026-09-27 19:00:00-06:00,COR001,S001,40.0,69.0,331.0,192.0,139.0,42.028985507246375,1.7239583333333333,0.988849,40,40,0.0,2,False,2,2026-09-27,19,Sunday,Weekend
2026-09-27 19:30:00-06:00,COR001,S001,48.0,71.0,276.0,186.0,90.0,32.3943661971831,1.4838709677419355,0.999386,48,48,0.0,2,False,2,2026-09-27,19,Sunday,Weekend
2026-09-27 20:00:00-06:00,COR001,S001,49.0,70.0,270.0,189.0,81.0,30.0,1.4285714285714286,0.999036,49,49,0.0,2,False,2,2026-09-27,20,Sunday,Weekend
2026-09-27 20:30:00-06:00,COR001,S001,54.0,70.0,245.0,189.0,56.0,22.857142857142858,1.2962962962962965,0.996996,54,54,0.0,2,False,2,2026-09-27,20,Sunday,Weekend
2026-09-27 21:00:00-06:00,COR001,S001,56.0,69.0,236.0,192.0,44.0,18.84057971014493,1.2291666666666667,1.0,56,56,0.0,2,False,2,2026-09-27,21,Sunday,Weekend
2026-09-27 21:30:00-06:00,COR001,S001,59.0,70.0,224.0,189.0,35.0,15.714285714285714,1.1851851851851851,1.0,59,59,0.0,2,False,2,2026-09-27,21,Sunday,Weekend
2026-09-27 22:00:00-06:00,COR001,S001,71.0,71.0,186.0,186.0,0.0,0.0,1.0,1.0,71,71,0.0,2,False,2,2026-09-27,22,Sunday,Weekend
2026-09-27 22:30:00-06:00,COR001,S001,71.0,71.0,186.0,186.0,0.0,0.0,1.0,1.0,71,71,0.0,2,False,2,2026-09-27,22,Sunday,Weekend
2026-09-27 23:00:00-06:00,COR001,S001,71.0,71.0,186.0,186.0,0.0,0.0,1.0,1.0,71,71,0.0,2,False,2,2026-09-27,23,Sunday,Weekend
2026-09-27 23:30:00-06:00,COR001,S001,71.0,71.0,186.0,186.0,0.0,0.0,1.0,1.0,71,71,0.0,2,False,2,2026-09-27,23,Sunday,Weekend
2026-09-28 00:00:00-06:00,COR001,S001,71.0,71.0,186.0,186.0,0.0,0.0,1.0,1.0,71,71,0.0,2,False,2,2026-09-28,0,Monday,Weekday
2026-09-28 00:30:00-06:00,COR001,S001,71.0,71.0,186.0,186.0,0.0,0.0,1.0,1.0,71,71,0.0,2,False,2,2026-09-28,0,Monday,Weekday
2026-09-28 01:00:00-06:00,COR001,S001,71.0,71.0,186.0,186.0,0.0,0.0,1.0,1.0,71,71,0.0,2,False,2,2026-09-28,1,Monday,Weekday
2026-09-28 01:30:00-06:00,COR001,S001,71.0,71.0,186.0,186.0,0.0,0.0,1.0,1.0,71,71,0.0,2,False,2,2026-09-28,1,Monday,Weekday
2026-09-28 02:00:00-06:00,COR001,S001,71.0,71.0,186.0,186.0,0.0,0.0,1.0,1.0,71,71,0.0,2,False,2,2026-09-28,2,Monday,Weekday
2026-09-28 02:30:00-06:00,COR001,S001,71.0,71.0,186.0,186.0,0.0,0.0,1.0,1.0,71,71,0.0,2,False,2,2026-09-28,2,Monday,Weekday
2026-09-28 03:00:00-06:00,COR001,S001,71.0,71.0,186.0,186.0,0.0,0.0,1.0,1.0,71,71,0.0,2,False,2,2026-09-28,3,Monday,Weekday
2026-09-28 03:30:00-06:00,COR001,S001,71.0,71.0,186.0,186.0,0.0,0.0,1.0,1.0,71,71,0.0,2,False,2,2026-09-28,3,Monday,Weekday
2026-09-28 04:00:00-06:00,COR001,S001,71.0,71.0,186.0,186.0,0.0,0.0,1.0,1.0,71,71,0.0,2,False,2,2026-09-28,4,Monday,Weekday
2026-09-28 04:30:00-06:00,COR001,S001,71.0,71.0,186.0,186.0,0.0,0.0,1.0,1.0,71,71,0.0,2,False,2,2026-09-28,4,Monday,Weekday
2026-09-28 05:00:00-06:00,COR001,S001,71.0,71.0,186.0,186.0,0.0,0.0,1.0,1.0,71,71,0.0,2,False,2,2026-09-28,5,Monday,Weekday
2026-09-28 05:30:00-06:00,COR001,S001,71.0,71.0,186.0,186.0,0.0,0.0,1.0,1.0,71,71,0.0,2,False,2,2026-09-28,5,Monday,Weekday
2026-09-28 06:00:00-06:00,COR001,S001,71.0,71.0,186.0,186.0,0.0,0.0,1.0,1.0,71,71,0.0,2,False,2,2026-09-28,6,Monday,Weekday
2026-09-28 06:30:00-06:00,COR001,S001,71.0,71.0,186.0,186.0,0.0,0.0,1.0,1.0,71,71,0.0,2,False,2,2026-09-28,6,Monday,Weekday
2026-09-28 07:00:00-06:00,COR001,S001,61.0,71.0,217.0,186.0,31.0,14.084507042253522,1.1666666666666667,0.992468,61,61,0.0,2,False,2,2026-09-28,7,Monday,Weekday
2026-09-28 07:30:00-06:00,COR001,S001,71.0,71.0,186.0,186.0,0.0,0.0,1.0,1.0,71,71,0.0,2,False,2,2026-09-28,7,Monday,Weekday
2026-09-28 08:00:00-06:00,COR001,S001,59.0,70.0,224.0,189.0,35.0,15.714285714285714,1.1851851851851851,1.0,59,59,0.0,2,False,2,2026-09-28,8,Monday,Weekday
2026-09-28 08:30:00-06:00,COR001,S001,71.0,71.0,186.0,186.0,0.0,0.0,1.0,1.0,71,71,0.0,2,False,2,2026-09-28,8,Monday,Weekday
2026-09-28 09:00:00-06:00,COR001,S001,59.0,70.0,224.0,189.0,35.0,15.714285714285714,1.1851851851851851,1.0,59,59,0.0,2,False,2,2026-09-28,9,Monday,Weekday
2026-09-28 09:30:00-06:00,COR001,S001,71.0,71.0,186.0,186.0,0.0,0.0,1.0,1.0,71,71,0.0,2,False,2,2026-09-28,9,Monday,Weekday
2026-09-28 10:00:00-06:00,COR001,S001,71.0,71.0,186.0,186.0,0.0,0.0,1.0,1.0,71,71,0.0,2,False,2,2026-09-28,10,Monday,Weekday
2026-09-28 10:30:00-06:00,COR001,S001,71.0,71.0,186.0,186.0,0.0,0.0,1.0,1.0,71,71,0.0,2,False,2,2026-09-28,10,Monday,Weekday
2026-09-28 11:00:00-06:00,COR001,S001,71.0,71.0,186.0,186.0,0.0,0.0,1.0,1.0,71,71,0.0,2,False,2,2026-09-28,11,Monday,Weekday
2026-09-28 11:30:00-06:00,COR001,S001,71.0,71.0,186.0,186.0,0.0,0.0,1.0,1.0,71,71,0.0,2,False,2,2026-09-28,11,Monday,Weekday
2026-09-28 12:00:00-06:00,COR001,S001,57.0,71.0,232.0,186.0,46.0,19.718309859154928,1.2473118279569892,1.0,57,57,0.0,2,False,2,2026-09-28,12,Monday,Weekday
2026-09-28 12:30:00-06:00,COR001,S001,71.0,71.0,186.0,186.0,0.0,0.0,1.0,1.0,71,71,0.0,2,False,2,2026-09-28,12,Monday,Weekday
2026-09-28 13:00:00-06:00,COR001,S001,61.0,71.0,217.0,186.0,31.0,14.084507042253522,1.1666666666666667,1.0,61,61,0.0,2,False,2,2026-09-28,13,Monday,Weekday
2026-09-28 13:30:00-06:00,COR001,S001,34.0,70.0,389.0,189.0,200.0,51.42857142857142,2.058201058201058,0.990541,34,34,0.0,2,False,2,2026-09-28,13,Monday,Weekday
2026-09-28 14:00:00-06:00,COR001,S001,32.0,70.0,414.0,189.0,225.0,54.285714285714285,2.1904761904761907,0.989397,32,32,0.0,2,False,2,2026-09-28,14,Monday,Weekday
2026-09-28 14:30:00-06:00,COR001,S001,33.0,70.0,401.0,189.0,212.0,52.85714285714286,2.121693121693122,0.983736,33,33,0.0,2,False,2,2026-09-28,14,Monday,Weekday
2026-09-28 15:00:00-06:00,COR001,S001,29.0,70.0,457.0,189.0,268.0,58.57142857142858,2.417989417989418,0.959427,29,29,0.0,2,False,2,2026-09-28,15,Monday,Weekday
2026-09-28 15:30:00-06:00,COR001,S001,21.0,70.0,631.0,189.0,442.0,70.0,3.3386243386243386,0.985253,21,21,0.0,2,False,2,2026-09-28,15,Monday,Weekday
2026-09-28 16:00:00-06:00,COR001,S001,23.0,70.0,576.0,189.0,387.0,67.14285714285714,3.0476190476190474,0.9868,23,23,0.0,2,False,2,2026-09-28,16,Monday,Weekday
2026-09-28 16:30:00-06:00,COR001,S001,45.0,69.0,294.0,192.0,102.0,34.78260869565217,1.53125,0.994848,45,45,0.0,2,False,2,2026-09-28,16,Monday,Weekday
2026-09-28 17:00:00-06:00,COR001,S001,43.0,69.0,308.0,192.0,116.0,37.68115942028986,1.6041666666666667,0.996157,43,43,0.0,2,False,2,2026-09-28,17,Monday,Weekday
2026-09-28 17:30:00-06:00,COR001,S001,47.0,69.0,282.0,192.0,90.0,31.88405797101449,1.46875,1.0,47,47,0.0,2,False,2,2026-09-28,17,Monday,Weekday
2026-09-28 18:00:00-06:00,COR001,S001,47.0,70.0,282.0,189.0,93.0,32.857142857142854,1.492063492063492,0.997626,47,47,0.0,2,False,2,2026-09-28,18,Monday,Weekday
2026-09-28 18:30:00-06:00,COR001,S001,50.0,70.0,265.0,189.0,76.0,28.57142857142857,1.402116402116402,1.0,50,50,0.0,2,False,2,2026-09-28,18,Monday,Weekday
2026-09-28 19:00:00-06:00,COR001,S001,44.0,69.0,301.0,192.0,109.0,36.231884057971016,1.5677083333333333,1.0,44,44,0.0,2,False,2,2026-09-28,19,Monday,Weekday
2026-09-28 19:30:00-06:00,COR001,S001,39.0,70.0,339.0,189.0,150.0,44.285714285714285,1.7936507936507935,0.997751,39,39,0.0,2,False,2,2026-09-28,19,Monday,Weekday
2026-09-28 20:00:00-06:00,COR001,S001,60.0,70.0,220.0,189.0,31.0,14.285714285714285,1.164021164021164,1.0,60,60,0.0,2,False,2,2026-09-28,20,Monday,Weekday
2026-09-28 20:30:00-06:00,COR001,S001,54.0,70.0,245.0,189.0,56.0,22.857142857142858,1.2962962962962965,1.0,54,54,0.0,2,False,2,2026-09-28,20,Monday,Weekday
2026-09-28 21:00:00-06:00,COR001,S001,54.0,70.0,245.0,189.0,56.0,22.857142857142858,1.2962962962962965,1.0,54,54,0.0,2,False,2,2026-09-28,21,Monday,Weekday
2026-09-28 21:30:00-06:00,COR001,S001,54.0,70.0,245.0,189.0,56.0,22.857142857142858,1.2962962962962965,1.0,54,54,0.0,2,False,2,2026-09-28,21,Monday,Weekday
2026-09-28 22:00:00-06:00,COR001,S001,50.0,70.0,265.0,189.0,76.0,28.57142857142857,1.402116402116402,0.998433,50,50,0.0,2,False,2,2026-09-28,22,Monday,Weekday
2026-09-28 22:30:00-06:00,COR001,S001,71.0,71.0,186.0,186.0,0.0,0.0,1.0,1.0,71,71,0.0,2,False,2,2026-09-28,22,Monday,Weekday
2026-09-28 23:00:00-06:00,COR001,S001,71.0,71.0,186.0,186.0,0.0,0.0,1.0,1.0,71,71,0.0,2,False,2,2026-09-28,23,Monday,Weekday
2026-09-28 23:30:00-06:00,COR001,S001,71.0,71.0,186.0,186.0,0.0,0.0,1.0,1.0,71,71,0.0,2,False,2,2026-09-28,23,Monday,Weekday
2026-09-29 00:00:00-06:00,COR001,S001,71.0,71.0,186.0,186.0,0.0,0.0,1.0,1.0,71,71,0.0,2,False,2,2026-09-29,0,Tuesday,Weekday
2026-09-29 00:30:00-06:00,COR001,S001,71.0,71.0,186.0,186.0,0.0,0.0,1.0,1.0,71,71,0.0,2,False,2,2026-09-29,0,Tuesday,Weekday
2026-09-29 01:00:00-06:00,COR001,S001,71.0,71.0,186.0,186.0,0.0,0.0,1.0,1.0,71,71,0.0,2,False,2,2026-09-29,1,Tuesday,Weekday
2026-09-29 01:30:00-06:00,COR001,S001,71.0,71.0,186.0,186.0,0.0,0.0,1.0,1.0,71,71,0.0,2,False,2,2026-09-29,1,Tuesday,Weekday
2026-09-29 02:00:00-06:00,COR001,S001,71.0,71.0,186.0,186.0,0.0,0.0,1.0,1.0,71,71,0.0,2,False,2,2026-09-29,2,Tuesday,Weekday
2026-09-29 02:30:00-06:00,COR001,S001,71.0,71.0,186.0,186.0,0.0,0.0,1.0,1.0,71,71,0.0,2,False,2,2026-09-29,2,Tuesday,Weekday
2026-09-29 03:00:00-06:00,COR001,S001,71.0,71.0,186.0,186.0,0.0,0.0,1.0,1.0,71,71,0.0,2,False,2,2026-09-29,3,Tuesday,Weekday
2026-09-29 03:30:00-06:00,COR001,S001,71.0,71.0,186.0,186.0,0.0,0.0,1.0,1.0,71,71,0.0,2,False,2,2026-09-29,3,Tuesday,Weekday
2026-09-29 04:00:00-06:00,COR001,S001,71.0,71.0,186.0,186.0,0.0,0.0,1.0,1.0,71,71,0.0,2,False,2,2026-09-29,4,Tuesday,Weekday
2026-09-29 04:30:00-06:00,COR001,S001,71.0,71.0,186.0,186.0,0.0,0.0,1.0,1.0,71,71,0.0,2,False,2,2026-09-29,4,Tuesday,Weekday
2026-09-29 05:00:00-06:00,COR001,S001,71.0,71.0,186.0,186.0,0.0,0.0,1.0,1.0,71,71,0.0,2,False,2,2026-09-29,5,Tuesday,Weekday
2026-09-29 05:30:00-06:00,COR001,S001,71.0,71.0,186.0,186.0,0.0,0.0,1.0,1.0,71,71,0.0,2,False,2,2026-09-29,5,Tuesday,Weekday
2026-09-29 06:00:00-06:00,COR001,S001,71.0,71.0,186.0,186.0,0.0,0.0,1.0,1.0,71,71,0.0,2,False,2,2026-09-29,6,Tuesday,Weekday
2026-09-29 06:30:00-06:00,COR001,S001,71.0,71.0,186.0,186.0,0.0,0.0,1.0,1.0,71,71,0.0,2,False,2,2026-09-29,6,Tuesday,Weekday
2026-09-29 07:00:00-06:00,COR001,S001,61.0,70.0,217.0,189.0,28.0,12.857142857142856,1.148148148148148,1.0,61,61,0.0,2,False,2,2026-09-29,7,Tuesday,Weekday
2026-09-29 07:30:00-06:00,COR001,S001,71.0,71.0,186.0,186.0,0.0,0.0,1.0,1.0,71,71,0.0,2,False,2,2026-09-29,7,Tuesday,Weekday
2026-09-29 08:00:00-06:00,COR001,S001,53.0,70.0,250.0,189.0,61.0,24.285714285714285,1.3227513227513228,0.994422,53,53,0.0,2,False,2,2026-09-29,8,Tuesday,Weekday
2026-09-29 08:30:00-06:00,COR001,S001,55.0,70.0,240.0,189.0,51.0,21.428571428571427,1.2698412698412698,0.99824,55,55,0.0,2,False,2,2026-09-29,8,Tuesday,Weekday
2026-09-29 09:00:00-06:00,COR001,S001,53.0,70.0,250.0,189.0,61.0,24.285714285714285,1.3227513227513228,0.991686,53,53,0.0,2,False,2,2026-09-29,9,Tuesday,Weekday
2026-09-29 10:00:00-06:00,COR001,S001,71.0,71.0,186.0,186.0,0.0,0.0,1.0,1.0,71,71,0.0,2,False,2,2026-09-29,10,Tuesday,Weekday
2026-09-29 10:30:00-06:00,COR001,S001,71.0,71.0,186.0,186.0,0.0,0.0,1.0,1.0,71,71,0.0,2,False,2,2026-09-29,10,Tuesday,Weekday
2026-09-29 11:00:00-06:00,COR001,S001,71.0,71.0,186.0,186.0,0.0,0.0,1.0,1.0,71,71,0.0,2,False,2,2026-09-29,11,Tuesday,Weekday
2026-09-29 11:30:00-06:00,COR001,S001,71.0,71.0,186.0,186.0,0.0,0.0,1.0,1.0,71,71,0.0,2,False,2,2026-09-29,11,Tuesday,Weekday
2026-09-29 12:00:00-06:00,COR001,S001,57.0,70.0,232.0,189.0,43.0,18.571428571428573,1.2275132275132274,1.0,57,57,0.0,2,False,2,2026-09-29,12,Tuesday,Weekday
2026-09-29 12:30:00-06:00,COR001,S001,57.0,70.0,232.0,189.0,43.0,18.571428571428573,1.2275132275132274,1.0,57,57,0.0,2,False,2,2026-09-29,12,Tuesday,Weekday
2026-09-29 13:00:00-06:00,COR001,S001,71.0,71.0,186.0,186.0,0.0,0.0,1.0,1.0,71,71,0.0,2,False,2,2026-09-29,13,Tuesday,Weekday
2026-09-29 13:30:00-06:00,COR001,S001,50.0,71.0,265.0,186.0,79.0,29.577464788732392,1.424731182795699,1.0,50,50,0.0,2,False,2,2026-09-29,13,Tuesday,Weekday
2026-09-29 14:00:00-06:00,COR001,S001,71.0,71.0,186.0,186.0,0.0,0.0,1.0,1.0,71,71,0.0,2,False,2,2026-09-29,14,Tuesday,Weekday
2026-09-29 14:30:00-06:00,COR001,S001,55.0,70.0,240.0,189.0,51.0,21.428571428571427,1.2698412698412698,1.0,55,55,0.0,2,False,2,2026-09-29,14,Tuesday,Weekday
2026-09-29 15:00:00-06:00,COR001,S001,58.0,70.0,228.0,189.0,39.0,17.142857142857142,1.2063492063492065,1.0,58,58,0.0,2,False,2,2026-09-29,15,Tuesday,Weekday
2026-09-29 15:30:00-06:00,COR001,S001,52.0,71.0,254.0,186.0,68.0,26.76056338028169,1.3655913978494625,1.0,52,52,0.0,2,False,2,2026-09-29,15,Tuesday,Weekday
2026-09-29 16:00:00-06:00,COR001,S001,52.0,70.0,254.0,189.0,65.0,25.71428571428571,1.343915343915344,1.0,52,52,0.0,2,False,2,2026-09-29,16,Tuesday,Weekday
2026-09-29 16:30:00-06:00,COR001,S001,56.0,70.0,236.0,189.0,47.0,20.0,1.2486772486772486,1.0,56,56,0.0,2,False,2,2026-09-29,16,Tuesday,Weekday
2026-09-29 17:00:00-06:00,COR001,S001,57.0,70.0,232.0,189.0,43.0,18.571428571428573,1.2275132275132274,1.0,57,57,0.0,2,False,2,2026-09-29,17,Tuesday,Weekday
2026-09-29 17:30:00-06:00,COR001,S001,46.0,71.0,288.0,186.0,102.0,35.2112676056338,1.5483870967741935,1.0,46,46,0.0,2,False,2,2026-09-29,17,Tuesday,Weekday
2026-09-29 18:00:00-06:00,COR001,S001,44.0,71.0,301.0,186.0,115.0,38.0281690140845,1.618279569892473,0.998243,44,44,0.0,2,False,2,2026-09-29,18,Tuesday,Weekday
2026-09-29 18:30:00-06:00,COR001,S001,41.0,70.0,323.0,189.0,134.0,41.42857142857143,1.708994708994709,0.998998,41,41,0.0,2,False,2,2026-09-29,18,Tuesday,Weekday
2026-09-29 19:00:00-06:00,COR001,S001,47.0,70.0,282.0,189.0,93.0,32.857142857142854,1.492063492063492,0.996996,47,47,0.0,2,False,2,2026-09-29,19,Tuesday,Weekday
2026-09-29 19:30:00-06:00,COR001,S001,27.0,70.0,490.0,189.0,301.0,61.42857142857143,2.592592592592593,0.995062,27,27,0.0,2,False,2,2026-09-29,19,Tuesday,Weekday
2026-09-29 20:00:00-06:00,COR001,S001,43.0,71.0,308.0,186.0,122.0,39.436619718309856,1.6559139784946235,0.994565,43,43,0.0,2,False,2,2026-09-29,20,Tuesday,Weekday
2026-09-29 20:30:00-06:00,COR001,S001,55.0,71.0,240.0,186.0,54.0,22.53521126760564,1.2903225806451613,1.0,55,55,0.0,2,False,2,2026-09-29,20,Tuesday,Weekday
2026-09-29 21:00:00-06:00,COR001,S001,57.0,70.0,232.0,189.0,43.0,18.571428571428573,1.2275132275132274,1.0,57,57,0.0,2,False,2,2026-09-29,21,Tuesday,Weekday
2026-09-29 21:30:00-06:00,COR001,S001,56.0,70.0,236.0,189.0,47.0,20.0,1.2486772486772486,1.0,56,56,0.0,2,False,2,2026-09-29,21,Tuesday,Weekday
2026-09-29 22:00:00-06:00,COR001,S001,53.0,70.0,250.0,189.0,61.0,24.285714285714285,1.3227513227513228,0.992316,53,53,0.0,2,False,2,2026-09-29,22,Tuesday,Weekday
2026-09-29 22:30:00-06:00,COR001,S001,71.0,71.0,186.0,186.0,0.0,0.0,1.0,1.0,71,71,0.0,2,False,2,2026-09-29,22,Tuesday,Weekday
2026-09-29 23:00:00-06:00,COR001,S001,71.0,71.0,186.0,186.0,0.0,0.0,1.0,1.0,71,71,0.0,2,False,2,2026-09-29,23,Tuesday,Weekday
2026-09-29 23:30:00-06:00,COR001,S001,71.0,71.0,186.0,186.0,0.0,0.0,1.0,1.0,71,71,0.0,2,False,2,2026-09-29,23,Tuesday,Weekday
2026-09-30 00:00:00-06:00,COR001,S001,71.0,71.0,186.0,186.0,0.0,0.0,1.0,1.0,71,71,0.0,2,False,2,2026-09-30,0,Wednesday,Weekday
2026-09-30 00:30:00-06:00,COR001,S001,60.0,70.0,220.0,189.0,31.0,14.285714285714285,1.164021164021164,0.948161,60,60,0.0,2,False,2,2026-09-30,0,Wednesday,Weekday
2026-09-30 01:00:00-06:00,COR001,S001,71.0,71.0,186.0,186.0,0.0,0.0,1.0,1.0,71,71,0.0,2,False,2,2026-09-30,1,Wednesday,Weekday
2026-09-30 01:30:00-06:00,COR001,S001,71.0,71.0,186.0,186.0,0.0,0.0,1.0,1.0,71,71,0.0,2,False,2,2026-09-30,1,Wednesday,Weekday
2026-09-30 02:00:00-06:00,COR001,S001,71.0,71.0,186.0,186.0,0.0,0.0,1.0,1.0,71,71,0.0,2,False,2,2026-09-30,2,Wednesday,Weekday
2026-09-30 02:30:00-06:00,COR001,S001,71.0,71.0,186.0,186.0,0.0,0.0,1.0,1.0,71,71,0.0,2,False,2,2026-09-30,2,Wednesday,Weekday
2026-09-30 03:00:00-06:00,COR001,S001,71.0,71.0,186.0,186.0,0.0,0.0,1.0,1.0,71,71,0.0,2,False,2,2026-09-30,3,Wednesday,Weekday
2026-09-30 03:30:00-06:00,COR001,S001,71.0,71.0,186.0,186.0,0.0,0.0,1.0,1.0,71,71,0.0,2,False,2,2026-09-30,3,Wednesday,Weekday
2026-09-30 04:00:00-06:00,COR001,S001,71.0,71.0,186.0,186.0,0.0,0.0,1.0,1.0,71,71,0.0,2,False,2,2026-09-30,4,Wednesday,Weekday
2026-09-30 04:30:00-06:00,COR001,S001,71.0,71.0,186.0,186.0,0.0,0.0,1.0,1.0,71,71,0.0,2,False,2,2026-09-30,4,Wednesday,Weekday
2026-09-30 05:00:00-06:00,COR001,S001,71.0,71.0,186.0,186.0,0.0,0.0,1.0,1.0,71,71,0.0,2,False,2,2026-09-30,5,Wednesday,Weekday
2026-09-30 05:30:00-06:00,COR001,S001,71.0,71.0,186.0,186.0,0.0,0.0,1.0,1.0,71,71,0.0,2,False,2,2026-09-30,5,Wednesday,Weekday
2026-09-30 06:00:00-06:00,COR001,S001,71.0,71.0,186.0,186.0,0.0,0.0,1.0,1.0,71,71,0.0,2,False,2,2026-09-30,6,Wednesday,Weekday
2026-09-30 06:30:00-06:00,COR001,S001,71.0,71.0,186.0,186.0,0.0,0.0,1.0,1.0,71,71,0.0,2,False,2,2026-09-30,6,Wednesday,Weekday
2026-09-30 07:00:00-06:00,COR001,S001,71.0,71.0,186.0,186.0,0.0,0.0,1.0,1.0,71,71,0.0,2,False,2,2026-09-30,7,Wednesday,Weekday
2026-09-30 07:30:00-06:00,COR001,S001,71.0,71.0,186.0,186.0,0.0,0.0,1.0,1.0,71,71,0.0,2,False,2,2026-09-30,7,Wednesday,Weekday
2026-09-30 08:00:00-06:00,COR001,S001,71.0,71.0,186.0,186.0,0.0,0.0,1.0,1.0,71,71,0.0,2,False,2,2026-09-30,8,Wednesday,Weekday
2026-09-30 08:30:00-06:00,COR001,S001,71.0,71.0,186.0,186.0,0.0,0.0,1.0,1.0,71,71,0.0,2,False,2,2026-09-30,8,Wednesday,Weekday
2026-09-30 09:00:00-06:00,COR001,S001,56.0,70.0,236.0,189.0,47.0,20.0,1.2486772486772486,1.0,56,56,0.0,2,False,2,2026-09-30,9,Wednesday,Weekday
2026-09-30 09:30:00-06:00,COR001,S001,71.0,71.0,186.0,186.0,0.0,0.0,1.0,1.0,71,71,0.0,2,False,2,2026-09-30,9,Wednesday,Weekday
2026-09-30 10:00:00-06:00,COR001,S001,71.0,71.0,186.0,186.0,0.0,0.0,1.0,1.0,71,71,0.0,2,False,2,2026-09-30,10,Wednesday,Weekday
2026-09-30 10:30:00-06:00,COR001,S001,71.0,71.0,186.0,186.0,0.0,0.0,1.0,1.0,71,71,0.0,2,False,2,2026-09-30,10,Wednesday,Weekday
2026-09-30 11:00:00-06:00,COR001,S001,71.0,71.0,186.0,186.0,0.0,0.0,1.0,1.0,71,71,0.0,2,False,2,2026-09-30,11,Wednesday,Weekday
2026-09-30 11:30:00-06:00,COR001,S001,71.0,71.0,186.0,186.0,0.0,0.0,1.0,1.0,71,71,0.0,2,False,2,2026-09-30,11,Wednesday,Weekday
2026-09-30 12:00:00-06:00,COR001,S001,71.0,71.0,186.0,186.0,0.0,0.0,1.0,1.0,71,71,0.0,2,False,2,2026-09-30,12,Wednesday,Weekday
2026-09-30 12:30:00-06:00,COR001,S001,71.0,71.0,186.0,186.0,0.0,0.0,1.0,1.0,71,71,0.0,2,False,2,2026-09-30,12,Wednesday,Weekday
2026-09-30 13:00:00-06:00,COR001,S001,71.0,71.0,186.0,186.0,0.0,0.0,1.0,1.0,71,71,0.0,2,False,2,2026-09-30,13,Wednesday,Weekday
2026-09-30 13:30:00-06:00,COR001,S001,71.0,71.0,186.0,186.0,0.0,0.0,1.0,1.0,71,71,0.0,2,False,2,2026-09-30,13,Wednesday,Weekday
2026-09-30 14:00:00-06:00,COR001,S001,45.0,70.0,294.0,189.0,105.0,35.714285714285715,1.5555555555555556,1.0,45,45,0.0,2,False,2,2026-09-30,14,Wednesday,Weekday
2026-09-30 14:30:00-06:00,COR001,S001,57.0,70.0,232.0,189.0,43.0,18.571428571428573,1.2275132275132274,1.0,57,57,0.0,2,False,2,2026-09-30,14,Wednesday,Weekday
2026-09-30 15:00:00-06:00,COR001,S001,54.0,71.0,245.0,186.0,59.0,23.943661971830984,1.3172043010752688,1.0,54,54,0.0,2,False,2,2026-09-30,15,Wednesday,Weekday
2026-09-30 15:30:00-06:00,COR001,S001,44.0,70.0,301.0,189.0,112.0,37.142857142857146,1.5925925925925926,0.999245,44,44,0.0,2,False,2,2026-09-30,15,Wednesday,Weekday
2026-09-30 16:00:00-06:00,COR001,S001,40.0,70.0,331.0,189.0,142.0,42.85714285714285,1.7513227513227514,0.986254,40,40,0.0,2,False,2,2026-09-30,16,Wednesday,Weekday
2026-09-30 16:30:00-06:00,COR001,S001,32.0,71.0,414.0,186.0,228.0,54.929577464788736,2.225806451612903,0.990073,32,32,0.0,2,False,2,2026-09-30,16,Wednesday,Weekday
2026-09-30 17:00:00-06:00,COR001,S001,35.0,69.0,378.0,192.0,186.0,49.275362318840585,1.96875,0.993267,35,35,0.0,2,False,2,2026-09-30,17,Wednesday,Weekday
2026-09-30 17:30:00-06:00,COR001,S001,43.0,71.0,308.0,186.0,122.0,39.436619718309856,1.6559139784946235,1.0,43,43,0.0,2,False,2,2026-09-30,17,Wednesday,Weekday
2026-09-30 18:00:00-06:00,COR001,S001,39.0,69.0,339.0,192.0,147.0,43.47826086956522,1.765625,0.996784,39,39,0.0,2,False,2,2026-09-30,18,Wednesday,Weekday
2026-09-30 18:30:00-06:00,COR001,S001,33.0,71.0,401.0,186.0,215.0,53.52112676056338,2.1559139784946235,0.997031,33,33,0.0,2,False,2,2026-09-30,18,Wednesday,Weekday
2026-09-30 19:00:00-06:00,COR001,S001,41.0,70.0,323.0,189.0,134.0,41.42857142857143,1.708994708994709,0.999245,41,41,0.0,2,False,2,2026-09-30,19,Wednesday,Weekday
2026-09-30 19:30:00-06:00,COR001,S001,39.0,71.0,339.0,186.0,153.0,45.07042253521127,1.8225806451612905,0.998476,39,39,0.0,2,False,2,2026-09-30,19,Wednesday,Weekday
2026-09-30 20:00:00-06:00,COR001,S001,34.0,71.0,389.0,186.0,203.0,52.11267605633802,2.091397849462365,0.997629,34,34,0.0,2,False,2,2026-09-30,20,Wednesday,Weekday
2026-09-30 20:30:00-06:00,COR001,S001,50.0,70.0,265.0,189.0,76.0,28.57142857142857,1.402116402116402,1.0,50,50,0.0,2,False,2,2026-09-30,20,Wednesday,Weekday
2026-09-30 21:00:00-06:00,COR001,S001,51.0,70.0,259.0,189.0,70.0,27.142857142857142,1.3703703703703705,1.0,51,51,0.0,2,False,2,2026-09-30,21,Wednesday,Weekday
2026-09-30 21:30:00-06:00,COR001,S001,71.0,71.0,186.0,186.0,0.0,0.0,1.0,1.0,71,71,0.0,2,False,2,2026-09-30,21,Wednesday,Weekday
2026-09-30 22:00:00-06:00,COR001,S001,71.0,71.0,186.0,186.0,0.0,0.0,1.0,1.0,71,71,0.0,2,False,2,2026-09-30,22,Wednesday,Weekday
2026-09-30 22:30:00-06:00,COR001,S001,71.0,71.0,186.0,186.0,0.0,0.0,1.0,1.0,71,71,0.0,2,False,2,2026-09-30,22,Wednesday,Weekday
2026-09-30 23:00:00-06:00,COR001,S001,71.0,71.0,186.0,186.0,0.0,0.0,1.0,1.0,71,71,0.0,2,False,2,2026-09-30,23,Wednesday,Weekday
2026-09-30 23:30:00-06:00,COR001,S001,71.0,71.0,186.0,186.0,0.0,0.0,1.0,1.0,71,71,0.0,2,False,2,2026-09-30,23,Wednesday,Weekday
2026-10-01 00:00:00-06:00,COR001,S001,71.0,71.0,186.0,186.0,0.0,0.0,1.0,1.0,71,71,0.0,2,False,2,2026-10-01,0,Thursday,Weekday
2026-10-01 00:30:00-06:00,COR001,S001,71.0,71.0,186.0,186.0,0.0,0.0,1.0,1.0,71,71,0.0,2,False,2,2026-10-01,0,Thursday,Weekday
2026-10-01 01:00:00-06:00,COR001,S001,71.0,71.0,186.0,186.0,0.0,0.0,1.0,1.0,71,71,0.0,2,False,2,2026-10-01,1,Thursday,Weekday
2026-10-01 01:30:00-06:00,COR001,S001,71.0,71.0,186.0,186.0,0.0,0.0,1.0,1.0,71,71,0.0,2,False,2,2026-10-01,1,Thursday,Weekday
2026-10-01 02:00:00-06:00,COR001,S001,71.0,71.0,186.0,186.0,0.0,0.0,1.0,1.0,71,71,0.0,2,False,2,2026-10-01,2,Thursday,Weekday
2026-10-01 02:30:00-06:00,COR001,S001,71.0,71.0,186.0,186.0,0.0,0.0,1.0,1.0,71,71,0.0,2,False,2,2026-10-01,2,Thursday,Weekday
2026-10-01 03:00:00-06:00,COR001,S001,71.0,71.0,186.0,186.0,0.0,0.0,1.0,1.0,71,71,0.0,2,False,2,2026-10-01,3,Thursday,Weekday
2026-10-01 03:30:00-06:00,COR001,S001,71.0,71.0,186.0,186.0,0.0,0.0,1.0,1.0,71,71,0.0,2,False,2,2026-10-01,3,Thursday,Weekday
2026-10-01 04:00:00-06:00,COR001,S001,71.0,71.0,186.0,186.0,0.0,0.0,1.0,1.0,71,71,0.0,2,False,2,2026-10-01,4,Thursday,Weekday
2026-10-01 04:30:00-06:00,COR001,S001,71.0,71.0,186.0,186.0,0.0,0.0,1.0,1.0,71,71,0.0,2,False,2,2026-10-01,4,Thursday,Weekday
2026-10-01 05:00:00-06:00,COR001,S001,71.0,71.0,186.0,186.0,0.0,0.0,1.0,1.0,71,71,0.0,2,False,2,2026-10-01,5,Thursday,Weekday
2026-10-01 05:30:00-06:00,COR001,S001,71.0,71.0,186.0,186.0,0.0,0.0,1.0,1.0,71,71,0.0,2,False,2,2026-10-01,5,Thursday,Weekday
2026-10-01 06:00:00-06:00,COR001,S001,71.0,71.0,186.0,186.0,0.0,0.0,1.0,1.0,71,71,0.0,2,False,2,2026-10-01,6,Thursday,Weekday
2026-10-01 06:30:00-06:00,COR001,S001,71.0,71.0,186.0,186.0,0.0,0.0,1.0,1.0,71,71,0.0,2,False,2,2026-10-01,6,Thursday,Weekday
2026-10-01 07:00:00-06:00,COR001,S001,71.0,71.0,186.0,186.0,0.0,0.0,1.0,1.0,71,71,0.0,2,False,2,2026-10-01,7,Thursday,Weekday
2026-10-01 07:30:00-06:00,COR001,S001,71.0,71.0,186.0,186.0,0.0,0.0,1.0,1.0,71,71,0.0,2,False,2,2026-10-01,7,Thursday,Weekday
2026-10-01 08:00:00-06:00,COR001,S001,71.0,71.0,186.0,186.0,0.0,0.0,1.0,1.0,71,71,0.0,2,False,2,2026-10-01,8,Thursday,Weekday
2026-10-01 08:30:00-06:00,COR001,S001,55.0,70.0,240.0,189.0,51.0,21.428571428571427,1.2698412698412698,1.0,55,55,0.0,2,False,2,2026-10-01,8,Thursday,Weekday
2026-10-01 09:00:00-06:00,COR001,S001,60.0,70.0,220.0,189.0,31.0,14.285714285714285,1.164021164021164,1.0,60,60,0.0,2,False,2,2026-10-01,9,Thursday,Weekday
2026-10-01 09:30:00-06:00,COR001,S001,71.0,71.0,186.0,186.0,0.0,0.0,1.0,1.0,71,71,0.0,2,False,2,2026-10-01,9,Thursday,Weekday
2026-10-01 10:00:00-06:00,COR001,S001,71.0,71.0,186.0,186.0,0.0,0.0,1.0,1.0,71,71,0.0,2,False,2,2026-10-01,10,Thursday,Weekday
2026-10-01 10:30:00-06:00,COR001,S001,71.0,71.0,186.0,186.0,0.0,0.0,1.0,1.0,71,71,0.0,2,False,2,2026-10-01,10,Thursday,Weekday
2026-10-01 11:00:00-06:00,COR001,S001,71.0,71.0,186.0,186.0,0.0,0.0,1.0,1.0,71,71,0.0,2,False,2,2026-10-01,11,Thursday,Weekday
2026-10-01 11:30:00-06:00,COR001,S001,71.0,71.0,186.0,186.0,0.0,0.0,1.0,1.0,71,71,0.0,2,False,2,2026-10-01,11,Thursday,Weekday
2026-10-01 12:00:00-06:00,COR001,S001,71.0,71.0,186.0,186.0,0.0,0.0,1.0,1.0,71,71,0.0,2,False,2,2026-10-01,12,Thursday,Weekday
2026-10-01 12:30:00-06:00,COR001,S001,71.0,71.0,186.0,186.0,0.0,0.0,1.0,1.0,71,71,0.0,2,False,2,2026-10-01,12,Thursday,Weekday
2026-10-01 13:00:00-06:00,COR001,S001,71.0,71.0,186.0,186.0,0.0,0.0,1.0,1.0,71,71,0.0,2,False,2,2026-10-01,13,Thursday,Weekday
2026-10-01 13:30:00-06:00,COR001,S001,51.0,70.0,259.0,189.0,70.0,27.142857142857142,1.3703703703703705,1.0,51,51,0.0,2,False,2,2026-10-01,13,Thursday,Weekday
2026-10-01 14:00:00-06:00,COR001,S001,71.0,71.0,186.0,186.0,0.0,0.0,1.0,1.0,71,71,0.0,2,False,2,2026-10-01,14,Thursday,Weekday
2026-10-01 14:30:00-06:00,COR001,S001,49.0,70.0,270.0,189.0,81.0,30.0,1.4285714285714286,1.0,49,49,0.0,2,False,2,2026-10-01,14,Thursday,Weekday
2026-10-01 15:00:00-06:00,COR001,S001,44.0,70.0,301.0,189.0,112.0,37.142857142857146,1.5925925925925926,1.0,44,44,0.0,2,False,2,2026-10-01,15,Thursday,Weekday
2026-10-01 15:30:00-06:00,COR001,S001,47.0,71.0,282.0,186.0,96.0,33.80281690140845,1.5161290322580645,1.0,47,47,0.0,2,False,2,2026-10-01,15,Thursday,Weekday
2026-10-01 16:00:00-06:00,COR001,S001,39.0,69.0,339.0,192.0,147.0,43.47826086956522,1.765625,0.996874,39,39,0.0,2,False,2,2026-10-01,16,Thursday,Weekday
2026-10-01 16:30:00-06:00,COR001,S001,57.0,71.0,232.0,186.0,46.0,19.718309859154928,1.2473118279569892,1.0,57,57,0.0,2,False,2,2026-10-01,16,Thursday,Weekday
2026-10-01 17:00:00-06:00,COR001,S001,54.0,70.0,245.0,189.0,56.0,22.857142857142858,1.2962962962962965,1.0,54,54,0.0,2,False,2,2026-10-01,17,Thursday,Weekday
2026-10-01 17:30:00-06:00,COR001,S001,52.0,70.0,254.0,189.0,65.0,25.71428571428571,1.343915343915344,1.0,52,52,0.0,2,False,2,2026-10-01,17,Thursday,Weekday
2026-10-01 18:00:00-06:00,COR001,S001,71.0,71.0,186.0,186.0,0.0,0.0,1.0,1.0,71,71,0.0,2,False,2,2026-10-01,18,Thursday,Weekday
2026-10-01 18:30:00-06:00,COR001,S001,50.0,70.0,265.0,189.0,76.0,28.57142857142857,1.402116402116402,1.0,50,50,0.0,2,False,2,2026-10-01,18,Thursday,Weekday
2026-10-01 19:00:00-06:00,COR001,S001,46.0,70.0,288.0,189.0,99.0,34.285714285714285,1.5238095238095235,1.0,46,46,0.0,2,False,2,2026-10-01,19,Thursday,Weekday
2026-10-01 19:30:00-06:00,COR001,S001,48.0,70.0,276.0,189.0,87.0,31.428571428571427,1.4603174603174602,1.0,48,48,0.0,2,False,2,2026-10-01,19,Thursday,Weekday
2026-10-01 20:00:00-06:00,COR001,S001,55.0,70.0,240.0,189.0,51.0,21.428571428571427,1.2698412698412698,1.0,55,55,0.0,2,False,2,2026-10-01,20,Thursday,Weekday
2026-10-01 20:30:00-06:00,COR001,S001,71.0,71.0,186.0,186.0,0.0,0.0,1.0,1.0,71,71,0.0,2,False,2,2026-10-01,20,Thursday,Weekday
2026-10-01 21:00:00-06:00,COR001,S001,49.0,70.0,270.0,189.0,81.0,30.0,1.4285714285714286,1.0,49,49,0.0,2,False,2,2026-10-01,21,Thursday,Weekday
2026-10-01 21:30:00-06:00,COR001,S001,71.0,71.0,186.0,186.0,0.0,0.0,1.0,1.0,71,71,0.0,2,False,2,2026-10-01,21,Thursday,Weekday
2026-10-01 22:00:00-06:00,COR001,S001,71.0,71.0,186.0,186.0,0.0,0.0,1.0,1.0,71,71,0.0,2,False,2,2026-10-01,22,Thursday,Weekday
2026-09-24 19:00:00-06:00,COR001,S002,25.5,66.5,216.5,71.5,145.0,61.91123188405797,2.717948717948718,1.0,20,31,7.7781745930520225,2,False,2,2026-09-24,19,Thursday,Weekday
2026-09-24 23:30:00-06:00,COR001,S002,66.5,66.5,71.5,71.5,0.0,0.0,1.0,1.0,64,69,3.5355339059327378,2,False,2,2026-09-24,23,Thursday,Weekday
2026-09-25 05:30:00-06:00,COR001,S002,66.5,66.5,71.5,71.5,0.0,0.0,1.0,1.0,64,69,3.5355339059327378,2,False,2,2026-09-25,5,Friday,Weekday
2026-09-25 09:00:00-06:00,COR001,S002,60.5,66.0,85.0,72.5,12.5,8.73015873015873,1.1050420168067228,0.99842,52,69,12.020815280171307,2,False,2,2026-09-25,9,Friday,Weekday
2026-09-25 10:00:00-06:00,COR001,S002,66.5,66.5,71.5,71.5,0.0,0.0,1.0,1.0,64,69,3.5355339059327378,2,False,2,2026-09-25,10,Friday,Weekday
2026-09-25 10:30:00-06:00,COR001,S002,66.5,66.5,71.5,71.5,0.0,0.0,1.0,1.0,64,69,3.5355339059327378,2,False,2,2026-09-25,10,Friday,Weekday
2026-09-25 11:30:00-06:00,COR001,S002,66.5,66.5,71.5,71.5,0.0,0.0,1.0,1.0,64,69,3.5355339059327378,2,False,2,2026-09-25,11,Friday,Weekday
2026-09-25 12:00:00-06:00,COR001,S002,61.0,66.5,74.0,71.5,2.5,7.971014492753622,1.0961538461538463,1.0,58,64,4.242640687119285,2,False,2,2026-09-25,12,Friday,Weekday
2026-09-25 12:30:00-06:00,COR001,S002,66.5,66.5,71.5,71.5,0.0,0.0,1.0,1.0,64,69,3.5355339059327378,2,False,2,2026-09-25,12,Friday,Weekday
2026-09-25 13:00:00-06:00,COR001,S002,44.0,66.5,130.0,71.5,58.5,34.36367753623188,1.6047008547008546,1.0,33,55,15.556349186104045,2,False,2,2026-09-25,13,Friday,Weekday
2026-09-25 13:30:00-06:00,COR001,S002,45.25,66.0,135.25,72.0,63.25,32.106019491129786,1.646277741865977,1.0,25,69,18.080837001274766,4,False,2,2026-09-25,13,Friday,Weekday
2026-09-25 14:00:00-06:00,COR001,S002,39.0,67.0,131.0,70.5,60.5,41.962095875139354,1.7493311036789296,1.0,34,44,7.0710678118654755,2,False,2,2026-09-25,14,Friday,Weekday
2026-09-25 14:30:00-06:00,COR001,S002,58.0,66.0,92.5,72.5,20.0,12.698412698412698,1.1680672268907561,1.0,47,69,15.556349186104045,2,False,2,2026-09-25,14,Friday,Weekday
2026-09-25 15:00:00-06:00,COR001,S002,57.0,66.5,96.5,71.5,25.0,14.84375,1.2136752136752138,1.0,45,69,16.97056274847714,2,False,2,2026-09-25,15,Friday,Weekday
2026-09-25 15:30:00-06:00,COR001,S002,49.5,67.0,138.0,70.5,67.5,26.923076923076923,1.5869565217391304,1.0,30,69,27.577164466275352,2,False,2,2026-09-25,15,Friday,Weekday
2026-09-25 16:00:00-06:00,COR001,S002,47.5,66.5,157.5,71.5,86.0,29.6875,1.735042735042735,1.0,26,69,30.405591591021544,2,False,2,2026-09-25,16,Friday,Weekday
2026-09-25 16:30:00-06:00,COR001,S002,34.0,65.5,183.0,72.5,110.5,48.657796451914095,2.1389786683904335,1.0,23,45,15.556349186104045,2,False,2,2026-09-25,16,Friday,Weekday
2026-09-25 17:00:00-06:00,COR001,S002,46.0,66.5,176.0,71.5,104.5,32.03125,1.893162393162393,1.0,23,69,32.526911934581186,2,False,2,2026-09-25,17,Friday,Weekday
2026-09-25 17:30:00-06:00,COR001,S002,33.5,66.0,177.5,72.5,105.0,49.792960662525886,2.1228183581124758,1.0,24,43,13.435028842544403,2,False,2,2026-09-25,17,Friday,Weekday
2026-09-25 18:00:00-06:00,COR001,S002,33.5,66.5,206.5,71.5,135.0,50.31702898550724,2.3333333333333335,1.0,20,47,19.091883092036785,2,False,2,2026-09-25,18,Friday,Weekday
2026-09-25 18:30:00-06:00,COR001,S002,18.5,66.5,277.5,71.5,206.0,72.28260869565217,3.658119658119658,1.0,16,21,3.5355339059327378,2,False,2,2026-09-25,18,Friday,Weekday
2026-09-25 19:00:00-06:00,COR001,S002,13.5,66.5,317.0,73.0,244.0,79.35029532030894,5.23801652892562,0.9992845,11,16,3.5355339059327378,2,False,2,2026-09-25,19,Friday,Weekday
2026-09-25 19:30:00-06:00,COR001,S002,17.5,65.0,271.5,73.5,198.0,73.05502846299811,3.768753973299428,1.0,17,18,0.7071067811865476,2,False,2,2026-09-25,19,Friday,Weekday
2026-09-25 20:00:00-06:00,COR001,S002,20.0,66.5,240.5,71.5,169.0,69.93885869565217,3.3418803418803416,1.0,19,21,1.4142135623730951,2,False,2,2026-09-25,20,Friday,Weekday
2026-09-25 20:30:00-06:00,COR001,S002,45.0,66.0,118.5,71.5,47.0,32.123161764705884,1.5213675213675213,1.0,37,53,11.313708498984761,2,False,2,2026-09-25,20,Friday,Weekday
2026-09-25 21:00:00-06:00,COR001,S002,58.5,66.5,75.5,71.5,4.0,11.594202898550725,1.1538461538461537,1.0,53,64,7.7781745930520225,2,False,2,2026-09-25,21,Friday,Weekday
2026-09-25 21:30:00-06:00,COR001,S002,52.0,66.5,81.0,71.5,9.5,21.014492753623188,1.3653846153846154,1.0,40,64,16.97056274847714,2,False,2,2026-09-25,21,Friday,Weekday
2026-09-25 22:00:00-06:00,COR001,S002,47.0,66.5,96.5,71.5,25.0,29.110054347826086,1.423076923076923,0.99842,45,49,2.8284271247461903,2,False,2,2026-09-25,22,Friday,Weekday
2026-09-25 22:30:00-06:00,COR001,S002,58.0,66.5,76.0,71.5,4.5,12.318840579710146,1.1730769230769234,1.0,52,64,8.48528137423857,2,False,2,2026-09-25,22,Friday,Weekday
2026-09-25 23:00:00-06:00,COR001,S002,66.5,66.5,71.5,71.5,0.0,0.0,1.0,1.0,64,69,3.5355339059327378,2,False,2,2026-09-25,23,Friday,Weekday
2026-09-25 23:30:00-06:00,COR001,S002,66.5,66.5,71.5,71.5,0.0,0.0,1.0,1.0,64,69,3.5355339059327378,2,False,2,2026-09-25,23,Friday,Weekday
2026-09-26 00:00:00-06:00,COR001,S002,66.5,66.5,71.5,71.5,0.0,0.0,1.0,1.0,64,69,3.5355339059327378,2,False,2,2026-09-26,0,Saturday,Weekend
2026-09-26 00:30:00-06:00,COR001,S002,66.5,66.5,71.5,71.5,0.0,0.0,1.0,1.0,64,69,3.5355339059327378,2,False,2,2026-09-26,0,Saturday,Weekend
2026-09-26 01:00:00-06:00,COR001,S002,66.5,66.5,71.5,71.5,0.0,0.0,1.0,1.0,64,69,3.5355339059327378,2,False,2,2026-09-26,1,Saturday,Weekend
2026-09-26 01:30:00-06:00,COR001,S002,66.5,66.5,71.5,71.5,0.0,0.0,1.0,1.0,64,69,3.5355339059327378,2,False,2,2026-09-26,1,Saturday,Weekend
2026-09-26 02:00:00-06:00,COR001,S002,66.5,66.5,71.5,71.5,0.0,0.0,1.0,1.0,64,69,3.5355339059327378,2,False,2,2026-09-26,2,Saturday,Weekend
2026-09-26 02:30:00-06:00,COR001,S002,66.5,66.5,71.5,71.5,0.0,0.0,1.0,1.0,64,69,3.5355339059327378,2,False,2,2026-09-26,2,Saturday,Weekend
2026-09-26 03:00:00-06:00,COR001,S002,60.5,66.5,85.0,71.5,13.5,9.375,1.1153846153846154,0.991553,52,69,12.020815280171307,2,False,2,2026-09-26,3,Saturday,Weekend
2026-09-26 03:30:00-06:00,COR001,S002,66.5,66.5,71.5,71.5,0.0,0.0,1.0,1.0,64,69,3.5355339059327378,2,False,2,2026-09-26,3,Saturday,Weekend
2026-09-26 04:00:00-06:00,COR001,S002,66.5,66.5,71.5,71.5,0.0,0.0,1.0,1.0,64,69,3.5355339059327378,2,False,2,2026-09-26,4,Saturday,Weekend
2026-09-26 04:30:00-06:00,COR001,S002,66.5,66.5,71.5,71.5,0.0,0.0,1.0,1.0,64,69,3.5355339059327378,2,False,2,2026-09-26,4,Saturday,Weekend
2026-09-26 05:00:00-06:00,COR001,S002,66.5,66.5,71.5,71.5,0.0,0.0,1.0,1.0,64,69,3.5355339059327378,2,False,2,2026-09-26,5,Saturday,Weekend
2026-09-26 05:30:00-06:00,COR001,S002,63.5,66.5,77.5,71.5,6.0,4.6875,1.0512820512820513,0.9960525,58,69,7.7781745930520225,2,False,2,2026-09-26,5,Saturday,Weekend
2026-09-26 06:00:00-06:00,COR001,S002,66.5,66.5,71.5,71.5,0.0,0.0,1.0,1.0,64,69,3.5355339059327378,2,False,2,2026-09-26,6,Saturday,Weekend
2026-09-26 06:30:00-06:00,COR001,S002,66.5,66.5,71.5,71.5,0.0,0.0,1.0,1.0,64,69,3.5355339059327378,2,False,2,2026-09-26,6,Saturday,Weekend
2026-09-26 07:00:00-06:00,COR001,S002,66.5,66.5,71.5,71.5,0.0,0.0,1.0,1.0,64,69,3.5355339059327378,2,False,2,2026-09-26,7,Saturday,Weekend
2026-09-26 07:30:00-06:00,COR001,S002,66.5,66.5,71.5,71.5,0.0,0.0,1.0,1.0,64,69,3.5355339059327378,2,False,2,2026-09-26,7,Saturday,Weekend
2026-09-26 08:00:00-06:00,COR001,S002,58.5,66.5,91.0,71.5,19.5,12.5,1.1666666666666665,0.9991380000000001,48,69,14.849242404917497,2,False,2,2026-09-26,8,Saturday,Weekend
2026-09-26 08:30:00-06:00,COR001,S002,63.0,66.5,78.5,71.5,7.0,5.46875,1.0598290598290598,0.9991380000000001,57,69,8.48528137423857,2,False,2,2026-09-26,8,Saturday,Weekend
2026-09-26 09:00:00-06:00,COR001,S002,66.5,66.5,71.5,71.5,0.0,0.0,1.0,1.0,64,69,3.5355339059327378,2,False,2,2026-09-26,9,Saturday,Weekend
2026-09-26 09:30:00-06:00,COR001,S002,66.5,66.5,71.5,71.5,0.0,0.0,1.0,1.0,64,69,3.5355339059327378,2,False,2,2026-09-26,9,Saturday,Weekend
2026-09-26 10:00:00-06:00,COR001,S002,60.0,66.5,86.5,71.5,15.0,10.15625,1.1282051282051282,1.0,51,69,12.727922061357855,2,False,2,2026-09-26,10,Saturday,Weekend
2026-09-26 10:30:00-06:00,COR001,S002,64.0,66.5,76.5,71.5,5.0,3.90625,1.0427350427350426,0.9991380000000001,59,69,7.0710678118654755,2,False,2,2026-09-26,10,Saturday,Weekend
2026-09-26 11:00:00-06:00,COR001,S002,54.5,66.5,106.5,71.5,35.0,18.75,1.2991452991452992,1.0,40,69,20.506096654409877,2,False,2,2026-09-26,11,Saturday,Weekend
2026-09-26 11:30:00-06:00,COR001,S002,61.5,66.0,82.5,72.5,10.0,7.142857142857142,1.0840336134453783,1.0,54,69,10.606601717798213,2,False,2,2026-09-26,11,Saturday,Weekend
2026-09-26 12:00:00-06:00,COR001,S002,58.5,67.0,75.5,71.5,4.0,12.142857142857142,1.1538461538461537,1.0,53,64,7.7781745930520225,2,False,2,2026-09-26,12,Saturday,Weekend
2026-09-26 12:30:00-06:00,COR001,S002,43.0,66.5,102.5,71.5,31.0,35.02038043478261,1.564102564102564,0.9977739999999999,39,47,5.656854249492381,2,False,2,2026-09-26,12,Saturday,Weekend
2026-09-26 13:00:00-06:00,COR001,S002,59.0,66.5,89.5,71.5,18.0,11.71875,1.1538461538461537,1.0,49,69,14.142135623730951,2,False,2,2026-09-26,13,Saturday,Weekend
2026-09-26 13:30:00-06:00,COR001,S002,36.0,66.0,169.0,72.5,96.5,46.10075914423741,1.991273432449903,1.0,25,47,15.556349186104045,2,False,2,2026-09-26,13,Saturday,Weekend
2026-09-26 14:00:00-06:00,COR001,S002,19.5,66.0,243.0,71.5,171.5,70.45036764705883,3.4380341880341883,1.0,19,20,0.7071067811865476,2,False,2,2026-09-26,14,Saturday,Weekend
2026-09-26 14:30:00-06:00,COR001,S002,15.0,65.5,311.0,73.5,237.5,77.0336605890603,4.397171010807375,0.995,15,15,0.0,2,False,2,2026-09-26,14,Saturday,Weekend
2026-09-26 15:00:00-06:00,COR001,S002,12.0,66.0,359.5,72.5,287.0,81.6425120772947,5.756302521008403,1.0,10,14,2.8284271247461903,2,False,2,2026-09-26,15,Saturday,Weekend
2026-09-26 15:30:00-06:00,COR001,S002,15.0,65.5,291.0,71.0,220.0,77.07459207459208,4.514331723027375,0.9992075,13,17,2.8284271247461903,2,False,2,2026-09-26,15,Saturday,Weekend
2026-09-26 16:00:00-06:00,COR001,S002,18.0,65.5,268.5,72.5,196.0,72.53734827264239,3.6840659340659334,1.0,17,19,1.4142135623730951,2,False,2,2026-09-26,16,Saturday,Weekend
2026-09-26 16:30:00-06:00,COR001,S002,25.0,66.5,217.5,71.5,146.0,62.63586956521739,2.7564102564102564,1.0,20,30,7.0710678118654755,2,False,2,2026-09-26,16,Saturday,Weekend
2026-09-26 17:00:00-06:00,COR001,S002,30.5,66.5,181.0,71.5,109.5,54.43840579710145,2.27991452991453,1.0,24,37,9.192388155425117,2,False,2,2026-09-26,17,Saturday,Weekend
2026-09-26 17:30:00-06:00,COR001,S002,48.5,66.0,109.0,72.5,36.5,26.949620427881296,1.3818681318681318,1.0,40,57,12.020815280171307,2,False,2,2026-09-26,17,Saturday,Weekend
2026-09-26 18:00:00-06:00,COR001,S002,66.5,66.5,71.5,71.5,0.0,0.0,1.0,1.0,64,69,3.5355339059327378,2,False,2,2026-09-26,18,Saturday,Weekend
2026-09-26 18:30:00-06:00,COR001,S002,66.5,66.5,71.5,71.5,0.0,0.0,1.0,1.0,64,69,3.5355339059327378,2,False,2,2026-09-26,18,Saturday,Weekend
2026-09-26 19:00:00-06:00,COR001,S002,66.5,66.5,71.5,71.5,0.0,0.0,1.0,1.0,64,69,3.5355339059327378,2,False,2,2026-09-26,19,Saturday,Weekend
2026-09-26 19:30:00-06:00,COR001,S002,57.5,66.0,76.0,71.5,4.5,12.5,1.1730769230769234,1.0,51,64,9.192388155425117,2,False,2,2026-09-26,19,Saturday,Weekend
2026-09-26 20:00:00-06:00,COR001,S002,58.5,66.0,75.5,71.5,4.0,11.029411764705882,1.1538461538461537,1.0,53,64,7.7781745930520225,2,False,2,2026-09-26,20,Saturday,Weekend
2026-09-26 20:30:00-06:00,COR001,S002,58.0,66.5,92.5,71.5,21.0,13.28125,1.1794871794871795,1.0,47,69,15.556349186104045,2,False,2,2026-09-26,20,Saturday,Weekend
2026-09-26 21:00:00-06:00,COR001,S002,61.0,66.5,74.0,71.5,2.5,7.971014492753622,1.0961538461538463,1.0,58,64,4.242640687119285,2,False,2,2026-09-26,21,Saturday,Weekend
2026-09-26 21:30:00-06:00,COR001,S002,56.0,66.0,100.0,72.5,27.5,15.873015873015872,1.2310924369747898,0.9977739999999999,43,69,18.384776310850235,2,False,2,2026-09-26,21,Saturday,Weekend
2026-09-26 22:00:00-06:00,COR001,S002,51.5,66.0,123.5,72.5,51.0,23.015873015873016,1.4285714285714284,1.0,34,69,24.748737341529164,2,False,2,2026-09-26,22,Saturday,Weekend
2026-09-26 22:30:00-06:00,COR001,S002,66.5,66.5,71.5,71.5,0.0,0.0,1.0,1.0,64,69,3.5355339059327378,2,False,2,2026-09-26,22,Saturday,Weekend
2026-09-26 23:00:00-06:00,COR001,S002,66.5,66.5,71.5,71.5,0.0,0.0,1.0,1.0,64,69,3.5355339059327378,2,False,2,2026-09-26,23,Saturday,Weekend
2026-09-26 23:30:00-06:00,COR001,S002,66.5,66.5,71.5,71.5,0.0,0.0,1.0,1.0,64,69,3.5355339059327378,2,False,2,2026-09-26,23,Saturday,Weekend
2026-09-27 00:00:00-06:00,COR001,S002,66.5,66.5,71.5,71.5,0.0,0.0,1.0,1.0,64,69,3.5355339059327378,2,False,2,2026-09-27,0,Sunday,Weekend
2026-09-27 00:30:00-06:00,COR001,S002,66.5,66.5,71.5,71.5,0.0,0.0,1.0,1.0,64,69,3.5355339059327378,2,False,2,2026-09-27,0,Sunday,Weekend
2026-09-27 01:00:00-06:00,COR001,S002,66.5,66.5,71.5,71.5,0.0,0.0,1.0,1.0,64,69,3.5355339059327378,2,False,2,2026-09-27,1,Sunday,Weekend
2026-09-27 01:30:00-06:00,COR001,S002,66.5,66.5,71.5,71.5,0.0,0.0,1.0,1.0,64,69,3.5355339059327378,2,False,2,2026-09-27,1,Sunday,Weekend
2026-09-27 02:00:00-06:00,COR001,S002,66.5,66.5,71.5,71.5,0.0,0.0,1.0,1.0,64,69,3.5355339059327378,2,False,2,2026-09-27,2,Sunday,Weekend
2026-09-27 02:30:00-06:00,COR001,S002,66.5,66.5,71.5,71.5,0.0,0.0,1.0,1.0,64,69,3.5355339059327378,2,False,2,2026-09-27,2,Sunday,Weekend
2026-09-27 03:00:00-06:00,COR001,S002,66.5,66.5,71.5,71.5,0.0,0.0,1.0,1.0,64,69,3.5355339059327378,2,False,2,2026-09-27,3,Sunday,Weekend
2026-09-27 03:30:00-06:00,COR001,S002,66.5,66.5,71.5,71.5,0.0,0.0,1.0,1.0,64,69,3.5355339059327378,2,False,2,2026-09-27,3,Sunday,Weekend
2026-09-27 04:00:00-06:00,COR001,S002,66.5,66.5,71.5,71.5,0.0,0.0,1.0,1.0,64,69,3.5355339059327378,2,False,2,2026-09-27,4,Sunday,Weekend
2026-09-27 04:30:00-06:00,COR001,S002,66.5,66.5,71.5,71.5,0.0,0.0,1.0,1.0,64,69,3.5355339059327378,2,False,2,2026-09-27,4,Sunday,Weekend
2026-09-27 05:00:00-06:00,COR001,S002,66.5,66.5,71.5,71.5,0.0,0.0,1.0,1.0,64,69,3.5355339059327378,2,False,2,2026-09-27,5,Sunday,Weekend
2026-09-27 05:30:00-06:00,COR001,S002,66.5,66.5,71.5,71.5,0.0,0.0,1.0,1.0,64,69,3.5355339059327378,2,False,2,2026-09-27,5,Sunday,Weekend
2026-09-27 06:00:00-06:00,COR001,S002,66.5,66.5,71.5,71.5,0.0,0.0,1.0,1.0,64,69,3.5355339059327378,2,False,2,2026-09-27,6,Sunday,Weekend
2026-09-27 06:30:00-06:00,COR001,S002,66.5,66.5,71.5,71.5,0.0,0.0,1.0,1.0,64,69,3.5355339059327378,2,False,2,2026-09-27,6,Sunday,Weekend
2026-09-27 07:00:00-06:00,COR001,S002,66.5,66.5,71.5,71.5,0.0,0.0,1.0,1.0,64,69,3.5355339059327378,2,False,2,2026-09-27,7,Sunday,Weekend
2026-09-27 07:30:00-06:00,COR001,S002,66.5,66.5,71.5,71.5,0.0,0.0,1.0,1.0,64,69,3.5355339059327378,2,False,2,2026-09-27,7,Sunday,Weekend
2026-09-27 08:00:00-06:00,COR001,S002,66.5,66.5,71.5,71.5,0.0,0.0,1.0,1.0,64,69,3.5355339059327378,2,False,2,2026-09-27,8,Sunday,Weekend
2026-09-27 08:30:00-06:00,COR001,S002,66.5,66.5,71.5,71.5,0.0,0.0,1.0,1.0,64,69,3.5355339059327378,2,False,2,2026-09-27,8,Sunday,Weekend
2026-09-27 09:00:00-06:00,COR001,S002,63.5,66.5,77.5,71.5,6.0,4.6875,1.0512820512820513,0.9991380000000001,58,69,7.7781745930520225,2,False,2,2026-09-27,9,Sunday,Weekend
2026-09-27 09:30:00-06:00,COR001,S002,66.5,66.5,71.5,71.5,0.0,0.0,1.0,1.0,64,69,3.5355339059327378,2,False,2,2026-09-27,9,Sunday,Weekend
2026-09-27 10:00:00-06:00,COR001,S002,66.5,66.5,71.5,71.5,0.0,0.0,1.0,1.0,64,69,3.5355339059327378,2,False,2,2026-09-27,10,Sunday,Weekend
2026-09-27 10:30:00-06:00,COR001,S002,66.5,66.5,71.5,71.5,0.0,0.0,1.0,1.0,64,69,3.5355339059327378,2,False,2,2026-09-27,10,Sunday,Weekend
2026-09-27 11:00:00-06:00,COR001,S002,66.5,66.5,71.5,71.5,0.0,0.0,1.0,1.0,64,69,3.5355339059327378,2,False,2,2026-09-27,11,Sunday,Weekend
2026-09-27 11:30:00-06:00,COR001,S002,66.5,66.5,71.5,71.5,0.0,0.0,1.0,1.0,64,69,3.5355339059327378,2,False,2,2026-09-27,11,Sunday,Weekend
2026-09-27 12:00:00-06:00,COR001,S002,66.5,66.5,71.5,71.5,0.0,0.0,1.0,1.0,64,69,3.5355339059327378,2,False,2,2026-09-27,12,Sunday,Weekend
2026-09-27 12:30:00-06:00,COR001,S002,60.0,66.5,86.5,71.5,15.0,10.15625,1.1282051282051282,1.0,51,69,12.727922061357855,2,False,2,2026-09-27,12,Sunday,Weekend
2026-09-27 13:00:00-06:00,COR001,S002,51.0,66.5,86.5,71.5,15.0,22.916666666666664,1.3226495726495726,1.0,46,56,7.0710678118654755,2,False,2,2026-09-27,13,Sunday,Weekend
2026-09-27 13:30:00-06:00,COR001,S002,66.5,66.5,71.5,71.5,0.0,0.0,1.0,1.0,64,69,3.5355339059327378,2,False,2,2026-09-27,13,Sunday,Weekend
2026-09-27 14:00:00-06:00,COR001,S002,60.0,66.5,86.5,71.5,15.0,10.15625,1.1282051282051282,1.0,51,69,12.727922061357855,2,False,2,2026-09-27,14,Sunday,Weekend
2026-09-27 14:30:00-06:00,COR001,S002,45.5,66.5,120.5,71.5,49.0,32.01992753623188,1.5235042735042734,1.0,36,55,13.435028842544403,2,False,2,2026-09-27,14,Sunday,Weekend
2026-09-27 15:00:00-06:00,COR001,S002,40.0,65.5,127.0,72.5,54.5,39.13398692810458,1.6683904330963153,1.0,35,45,7.0710678118654755,2,False,2,2026-09-27,15,Sunday,Weekend
2026-09-27 15:30:00-06:00,COR001,S002,35.5,66.5,225.5,71.5,154.0,47.531702898550726,2.435897435897436,1.0,18,53,24.748737341529164,2,False,2,2026-09-27,15,Sunday,Weekend
2026-09-27 16:00:00-06:00,COR001,S002,16.5,65.5,301.0,72.0,229.0,74.84841417910448,4.011396011396012,0.995,15,18,2.1213203435596424,2,False,2,2026-09-27,16,Sunday,Weekend
2026-09-27 16:30:00-06:00,COR001,S002,19.5,67.5,288.0,69.5,218.5,71.24505928853755,3.6591218515997275,0.9979665,15,24,6.363961030678928,2,False,2,2026-09-27,16,Sunday,Weekend
2026-09-27 17:00:00-06:00,COR001,S002,13.5,67.5,354.0,70.5,283.5,80.0,5.01304347826087,0.9992845,13,14,0.7071067811865476,2,False,2,2026-09-27,17,Sunday,Weekend
2026-09-27 17:30:00-06:00,COR001,S002,15.5,65.5,387.0,73.5,313.5,76.6362786348761,4.572314049586777,0.995,11,20,6.363961030678928,2,False,2,2026-09-27,17,Sunday,Weekend
2026-09-27 18:00:00-06:00,COR001,S002,13.0,68.0,378.0,70.0,308.0,80.9100758396533,5.321739130434782,0.995,12,14,1.4142135623730951,2,False,2,2026-09-27,18,Sunday,Weekend
2026-09-27 18:30:00-06:00,COR001,S002,15.0,68.5,421.0,69.0,352.0,78.25159914712154,5.102678571428571,0.985,10,20,7.0710678118654755,2,False,2,2026-09-27,18,Sunday,Weekend
2026-09-27 19:00:00-06:00,COR001,S002,10.5,67.5,432.5,71.0,361.5,84.36399647887325,6.558803418803419,0.98842,10,11,0.7071067811865476,2,False,2,2026-09-27,19,Sunday,Weekend
2026-09-27 19:30:00-06:00,COR001,S002,10.0,66.0,466.5,71.5,395.0,84.83455882352942,6.7094017094017095,0.995,10,10,0.0,2,False,2,2026-09-27,19,Sunday,Weekend
2026-09-27 20:00:00-06:00,COR001,S002,13.5,65.0,373.5,74.5,299.0,79.2943692088382,4.871638524077549,1.0,12,15,2.1213203435596424,2,False,2,2026-09-27,20,Sunday,Weekend
2026-09-27 20:30:00-06:00,COR001,S002,11.5,64.0,445.5,75.5,370.0,82.10784313725492,5.696307692307693,1.0,10,13,2.1213203435596424,2,False,2,2026-09-27,20,Sunday,Weekend
2026-09-27 21:00:00-06:00,COR001,S002,13.5,66.5,338.5,71.5,267.0,79.64221014492753,4.987179487179487,0.995,13,14,0.7071067811865476,2,False,2,2026-09-27,21,Sunday,Weekend
2026-09-27 21:30:00-06:00,COR001,S002,17.5,65.5,271.5,72.5,199.0,73.27264239028945,3.7994505494505493,0.995,17,18,0.7071067811865476,2,False,2,2026-09-27,21,Sunday,Weekend
2026-09-27 22:00:00-06:00,COR001,S002,66.5,66.5,71.5,71.5,0.0,0.0,1.0,1.0,64,69,3.5355339059327378,2,False,2,2026-09-27,22,Sunday,Weekend
2026-09-27 22:30:00-06:00,COR001,S002,66.5,66.5,71.5,71.5,0.0,0.0,1.0,1.0,64,69,3.5355339059327378,2,False,2,2026-09-27,22,Sunday,Weekend
2026-09-27 23:00:00-06:00,COR001,S002,66.5,66.5,71.5,71.5,0.0,0.0,1.0,1.0,64,69,3.5355339059327378,2,False,2,2026-09-27,23,Sunday,Weekend
2026-09-27 23:30:00-06:00,COR001,S002,59.0,66.5,89.5,71.5,18.0,11.71875,1.1538461538461537,0.995,49,69,14.142135623730951,2,False,2,2026-09-27,23,Sunday,Weekend
2026-09-28 00:00:00-06:00,COR001,S002,66.5,66.5,71.5,71.5,0.0,0.0,1.0,1.0,64,69,3.5355339059327378,2,False,2,2026-09-28,0,Monday,Weekday
2026-09-28 00:30:00-06:00,COR001,S002,60.5,66.5,85.0,71.5,13.5,9.375,1.1153846153846154,0.988313,52,69,12.020815280171307,2,False,2,2026-09-28,0,Monday,Weekday
2026-09-28 01:00:00-06:00,COR001,S002,62.0,66.5,81.0,71.5,9.5,7.03125,1.0811965811965814,0.9589025,55,69,9.899494936611665,2,False,2,2026-09-28,1,Monday,Weekday
2026-09-28 01:30:00-06:00,COR001,S002,63.5,66.5,77.5,71.5,6.0,4.6875,1.0512820512820513,0.9505399999999999,58,69,7.7781745930520225,2,False,2,2026-09-28,1,Monday,Weekday
2026-09-28 02:00:00-06:00,COR001,S002,59.0,66.5,89.5,71.5,18.0,11.71875,1.1538461538461537,0.9783215000000001,49,69,14.142135623730951,2,False,2,2026-09-28,2,Monday,Weekday
2026-09-28 02:30:00-06:00,COR001,S002,64.0,66.5,76.5,71.5,5.0,3.90625,1.0427350427350426,0.9350765,59,69,7.0710678118654755,2,False,2,2026-09-28,2,Monday,Weekday
2026-09-28 03:00:00-06:00,COR001,S002,62.0,66.5,81.0,71.5,9.5,7.03125,1.0811965811965814,0.9361775,55,69,9.899494936611665,2,False,2,2026-09-28,3,Monday,Weekday
2026-09-28 03:30:00-06:00,COR001,S002,62.5,66.5,80.0,71.5,8.5,6.25,1.0726495726495726,0.9538329999999999,56,69,9.192388155425117,2,False,2,2026-09-28,3,Monday,Weekday
2026-09-28 04:00:00-06:00,COR001,S002,59.5,66.5,88.0,71.5,16.5,10.9375,1.141025641025641,0.9555374999999999,50,69,13.435028842544403,2,False,2,2026-09-28,4,Monday,Weekday
2026-09-28 04:30:00-06:00,COR001,S002,55.5,67.0,102.5,70.5,32.0,17.692307692307693,1.2782608695652176,0.9910669999999999,42,69,19.091883092036785,2,False,2,2026-09-28,4,Monday,Weekday
2026-09-28 05:00:00-06:00,COR001,S002,59.0,66.5,89.5,71.5,18.0,11.71875,1.1538461538461537,0.9875955000000001,49,69,14.142135623730951,2,False,2,2026-09-28,5,Monday,Weekday
2026-09-28 05:30:00-06:00,COR001,S002,66.5,66.5,71.5,71.5,0.0,0.0,1.0,1.0,64,69,3.5355339059327378,2,False,2,2026-09-28,5,Monday,Weekday
2026-09-28 06:00:00-06:00,COR001,S002,66.5,66.5,71.5,71.5,0.0,0.0,1.0,1.0,64,69,3.5355339059327378,2,False,2,2026-09-28,6,Monday,Weekday
2026-09-28 06:30:00-06:00,COR001,S002,49.0,66.5,109.0,71.5,37.5,26.72101449275362,1.3952991452991452,0.9991380000000001,40,58,12.727922061357855,2,False,2,2026-09-28,6,Monday,Weekday
2026-09-28 07:00:00-06:00,COR001,S002,59.0,66.0,89.5,72.5,17.0,11.11111111111111,1.1428571428571428,0.9991380000000001,49,69,14.142135623730951,2,False,2,2026-09-28,7,Monday,Weekday
2026-09-28 07:30:00-06:00,COR001,S002,24.0,65.5,250.0,73.5,176.5,63.826554464703136,2.941830896376351,1.0,17,31,9.899494936611665,2,False,2,2026-09-28,7,Monday,Weekday
2026-09-28 08:00:00-06:00,COR001,S002,22.5,67.0,253.5,70.5,183.0,66.63322185061315,3.1717391304347826,0.994138,17,28,7.7781745930520225,2,False,2,2026-09-28,8,Monday,Weekday
2026-09-28 08:30:00-06:00,COR001,S002,25.5,67.0,275.5,71.5,204.0,62.566964285714285,3.1025641025641026,0.993566,15,36,14.849242404917497,2,False,2,2026-09-28,8,Monday,Weekday
2026-09-28 09:00:00-06:00,COR001,S002,55.0,66.0,104.5,72.5,32.0,17.46031746031746,1.2689075630252102,1.0,41,69,19.79898987322333,2,False,2,2026-09-28,9,Monday,Weekday
2026-09-28 09:30:00-06:00,COR001,S002,66.5,66.5,71.5,71.5,0.0,0.0,1.0,1.0,64,69,3.5355339059327378,2,False,2,2026-09-28,9,Monday,Weekday
2026-09-28 10:00:00-06:00,COR001,S002,66.5,66.5,71.5,71.5,0.0,0.0,1.0,1.0,64,69,3.5355339059327378,2,False,2,2026-09-28,10,Monday,Weekday
2026-09-28 10:30:00-06:00,COR001,S002,66.5,66.5,71.5,71.5,0.0,0.0,1.0,1.0,64,69,3.5355339059327378,2,False,2,2026-09-28,10,Monday,Weekday
2026-09-28 11:00:00-06:00,COR001,S002,61.5,66.5,82.5,71.5,11.0,7.8125,1.0940170940170941,1.0,54,69,10.606601717798213,2,False,2,2026-09-28,11,Monday,Weekday
2026-09-28 11:30:00-06:00,COR001,S002,56.5,66.0,98.0,72.5,25.5,15.07936507936508,1.2142857142857144,1.0,44,69,17.67766952966369,2,False,2,2026-09-28,11,Monday,Weekday
2026-09-28 12:00:00-06:00,COR001,S002,66.5,66.5,71.5,71.5,0.0,0.0,1.0,1.0,64,69,3.5355339059327378,2,False,2,2026-09-28,12,Monday,Weekday
2026-09-28 12:30:00-06:00,COR001,S002,42.0,66.0,131.0,71.5,59.5,36.71875,1.643162393162393,0.9991380000000001,33,51,12.727922061357855,2,False,2,2026-09-28,12,Monday,Weekday
2026-09-28 13:00:00-06:00,COR001,S002,11.0,67.5,597.5,70.5,527.0,83.9010989010989,6.99648829431438,0.9992845,7,15,5.656854249492381,2,False,2,2026-09-28,13,Monday,Weekday
2026-09-28 13:30:00-06:00,COR001,S002,7.0,67.0,852.5,68.5,784.0,89.50534759358288,10.572558922558922,0.966861,5,9,2.8284271247461903,2,False,2,2026-09-28,13,Monday,Weekday
2026-09-28 14:00:00-06:00,COR001,S002,8.5,66.5,531.0,71.5,459.5,87.17164855072464,7.933760683760683,0.9888025,8,9,0.7071067811865476,2,False,2,2026-09-28,14,Monday,Weekday
2026-09-28 14:30:00-06:00,COR001,S002,16.5,67.5,455.0,69.5,385.5,75.7905138339921,5.136997957794418,0.9829665000000001,9,24,10.606601717798213,2,False,2,2026-09-28,14,Monday,Weekday
2026-09-28 15:00:00-06:00,COR001,S002,10.0,67.0,545.0,73.5,471.5,85.2234448686279,6.962906504065041,0.985,8,12,2.8284271247461903,2,False,2,2026-09-28,15,Monday,Weekday
2026-09-28 15:30:00-06:00,COR001,S002,11.5,65.5,445.5,72.0,373.5,82.48600746268656,5.801994301994302,0.99,10,13,2.1213203435596424,2,False,2,2026-09-28,15,Monday,Weekday
2026-09-28 16:00:00-06:00,COR001,S002,15.0,64.5,342.5,74.0,268.5,76.82956186807897,4.369911233547597,1.0,13,17,2.8284271247461903,2,False,2,2026-09-28,16,Monday,Weekday
2026-09-28 16:30:00-06:00,COR001,S002,14.5,67.0,329.0,70.5,258.5,78.36120401337793,4.661705685618729,1.0,14,15,0.7071067811865476,2,False,2,2026-09-28,16,Monday,Weekday
2026-09-28 17:00:00-06:00,COR001,S002,12.5,68.0,338.5,69.5,269.0,81.36363636363637,6.845132743362832,0.99,7,18,7.7781745930520225,2,False,2,2026-09-28,17,Monday,Weekday
2026-09-28 17:30:00-06:00,COR001,S002,22.0,66.0,233.5,72.5,161.0,66.80469289164941,3.044279250161603,0.9991380000000001,19,25,4.242640687119285,2,False,2,2026-09-28,17,Monday,Weekday
2026-09-28 18:00:00-06:00,COR001,S002,20.0,66.5,226.5,71.5,155.0,69.82563405797102,3.356837606837607,1.0,19,21,1.4142135623730951,2,False,2,2026-09-28,18,Monday,Weekday
2026-09-28 18:30:00-06:00,COR001,S002,24.0,66.5,228.5,70.5,158.0,64.06108597285068,2.9096989966555187,1.0,19,29,7.0710678118654755,2,False,2,2026-09-28,18,Monday,Weekday
2026-09-28 19:00:00-06:00,COR001,S002,13.0,66.5,333.0,73.0,260.0,80.15674693321218,5.370247933884297,1.0,11,15,2.8284271247461903,2,False,2,2026-09-28,19,Monday,Weekday
2026-09-28 19:30:00-06:00,COR001,S002,14.5,66.5,304.5,71.5,233.0,78.07971014492753,4.696581196581197,1.0,13,16,2.1213203435596424,2,False,2,2026-09-28,19,Monday,Weekday
2026-09-28 20:00:00-06:00,COR001,S002,27.5,66.5,222.5,70.5,152.0,58.91402714932127,2.678929765886288,0.99842,19,36,12.020815280171307,2,False,2,2026-09-28,20,Monday,Weekday
2026-09-28 20:30:00-06:00,COR001,S002,32.0,66.0,168.0,72.5,95.5,51.8288474810214,2.118131868131868,1.0,26,38,8.48528137423857,2,False,2,2026-09-28,20,Monday,Weekday
2026-09-28 21:00:00-06:00,COR001,S002,51.0,66.0,93.5,72.5,21.0,22.705314009661834,1.2967032967032968,0.9982765,49,53,2.8284271247461903,2,False,2,2026-09-28,21,Monday,Weekday
2026-09-28 21:30:00-06:00,COR001,S002,59.5,66.5,75.0,71.5,3.5,10.144927536231885,1.1346153846153846,1.0,55,64,6.363961030678928,2,False,2,2026-09-28,21,Monday,Weekday
2026-09-28 22:00:00-06:00,COR001,S002,52.0,66.0,81.0,71.5,9.5,20.588235294117645,1.3653846153846154,1.0,40,64,16.97056274847714,2,False,2,2026-09-28,22,Monday,Weekday
2026-09-28 22:30:00-06:00,COR001,S002,66.5,66.5,71.5,71.5,0.0,0.0,1.0,1.0,64,69,3.5355339059327378,2,False,2,2026-09-28,22,Monday,Weekday
2026-09-28 23:00:00-06:00,COR001,S002,66.5,66.5,71.5,71.5,0.0,0.0,1.0,1.0,64,69,3.5355339059327378,2,False,2,2026-09-28,23,Monday,Weekday
2026-09-28 23:30:00-06:00,COR001,S002,66.5,66.5,71.5,71.5,0.0,0.0,1.0,1.0,64,69,3.5355339059327378,2,False,2,2026-09-28,23,Monday,Weekday
2026-09-29 00:00:00-06:00,COR001,S002,66.5,66.5,71.5,71.5,0.0,0.0,1.0,1.0,64,69,3.5355339059327378,2,False,2,2026-09-29,0,Tuesday,Weekday
2026-09-29 00:30:00-06:00,COR001,S002,66.5,66.5,71.5,71.5,0.0,0.0,1.0,1.0,64,69,3.5355339059327378,2,False,2,2026-09-29,0,Tuesday,Weekday
2026-09-29 01:00:00-06:00,COR001,S002,66.5,66.5,71.5,71.5,0.0,0.0,1.0,1.0,64,69,3.5355339059327378,2,False,2,2026-09-29,1,Tuesday,Weekday
2026-09-29 01:30:00-06:00,COR001,S002,66.5,66.5,71.5,71.5,0.0,0.0,1.0,1.0,64,69,3.5355339059327378,2,False,2,2026-09-29,1,Tuesday,Weekday
2026-09-29 02:00:00-06:00,COR001,S002,66.5,66.5,71.5,71.5,0.0,0.0,1.0,1.0,64,69,3.5355339059327378,2,False,2,2026-09-29,2,Tuesday,Weekday
2026-09-29 02:30:00-06:00,COR001,S002,66.5,66.5,71.5,71.5,0.0,0.0,1.0,1.0,64,69,3.5355339059327378,2,False,2,2026-09-29,2,Tuesday,Weekday
2026-09-29 03:00:00-06:00,COR001,S002,66.5,66.5,71.5,71.5,0.0,0.0,1.0,1.0,64,69,3.5355339059327378,2,False,2,2026-09-29,3,Tuesday,Weekday
2026-09-29 03:30:00-06:00,COR001,S002,66.5,66.5,71.5,71.5,0.0,0.0,1.0,1.0,64,69,3.5355339059327378,2,False,2,2026-09-29,3,Tuesday,Weekday
2026-09-29 04:00:00-06:00,COR001,S002,66.5,66.5,71.5,71.5,0.0,0.0,1.0,1.0,64,69,3.5355339059327378,2,False,2,2026-09-29,4,Tuesday,Weekday
2026-09-29 04:30:00-06:00,COR001,S002,66.5,66.5,71.5,71.5,0.0,0.0,1.0,1.0,64,69,3.5355339059327378,2,False,2,2026-09-29,4,Tuesday,Weekday
2026-09-29 05:00:00-06:00,COR001,S002,66.5,66.5,71.5,71.5,0.0,0.0,1.0,1.0,64,69,3.5355339059327378,2,False,2,2026-09-29,5,Tuesday,Weekday
2026-09-29 05:30:00-06:00,COR001,S002,66.5,66.5,71.5,71.5,0.0,0.0,1.0,1.0,64,69,3.5355339059327378,2,False,2,2026-09-29,5,Tuesday,Weekday
2026-09-29 06:00:00-06:00,COR001,S002,66.5,66.5,71.5,71.5,0.0,0.0,1.0,1.0,64,69,3.5355339059327378,2,False,2,2026-09-29,6,Tuesday,Weekday
2026-09-29 06:30:00-06:00,COR001,S002,61.0,66.5,83.5,71.5,12.0,8.59375,1.1025641025641026,0.9991380000000001,53,69,11.313708498984761,2,False,2,2026-09-29,6,Tuesday,Weekday
2026-09-29 07:00:00-06:00,COR001,S002,60.0,66.0,86.5,72.5,14.0,9.523809523809524,1.1176470588235294,0.99842,51,69,12.727922061357855,2,False,2,2026-09-29,7,Tuesday,Weekday
2026-09-29 07:30:00-06:00,COR001,S002,29.0,66.0,271.5,71.5,200.0,56.66360294117647,2.948717948717949,1.0,15,43,19.79898987322333,2,False,2,2026-09-29,7,Tuesday,Weekday
2026-09-29 08:00:00-06:00,COR001,S002,15.0,66.0,342.5,71.0,271.5,77.31343283582089,4.4945249597423516,0.9948565,13,17,2.8284271247461903,2,False,2,2026-09-29,8,Tuesday,Weekday
2026-09-29 08:30:00-06:00,COR001,S002,9.0,65.5,518.5,71.0,447.5,86.25874125874125,7.371175523349437,0.995,9,9,0.0,2,False,2,2026-09-29,8,Tuesday,Weekday
2026-09-29 09:00:00-06:00,COR001,S002,8.0,69.5,547.5,68.5,479.0,88.42247097844114,8.927678571428572,0.99,7,9,1.4142135623730951,2,False,2,2026-09-29,9,Tuesday,Weekday
2026-09-29 10:00:00-06:00,COR001,S002,26.5,66.0,224.0,71.5,152.5,60.15625,2.7072649572649574,0.995,19,34,10.606601717798213,2,False,2,2026-09-29,10,Tuesday,Weekday
2026-09-29 10:30:00-06:00,COR001,S002,54.0,66.5,109.0,71.5,37.5,19.53125,1.3205128205128205,1.0,39,69,21.213203435596427,2,False,2,2026-09-29,10,Tuesday,Weekday
2026-09-29 11:00:00-06:00,COR001,S002,63.5,66.5,77.5,71.5,6.0,4.6875,1.0512820512820513,0.9991380000000001,58,69,7.7781745930520225,2,False,2,2026-09-29,11,Tuesday,Weekday
2026-09-29 11:30:00-06:00,COR001,S002,60.0,66.5,86.5,71.5,15.0,10.15625,1.1282051282051282,1.0,51,69,12.727922061357855,2,False,2,2026-09-29,11,Tuesday,Weekday
2026-09-29 12:00:00-06:00,COR001,S002,57.5,66.5,94.5,71.5,23.0,14.0625,1.1965811965811965,1.0,46,69,16.263455967290593,2,False,2,2026-09-29,12,Tuesday,Weekday
2026-09-29 12:30:00-06:00,COR001,S002,66.5,66.5,71.5,71.5,0.0,0.0,1.0,1.0,64,69,3.5355339059327378,2,False,2,2026-09-29,12,Tuesday,Weekday
2026-09-29 13:00:00-06:00,COR001,S002,58.0,66.5,92.5,71.5,21.0,13.28125,1.1794871794871795,0.99842,47,69,15.556349186104045,2,False,2,2026-09-29,13,Tuesday,Weekday
2026-09-29 13:30:00-06:00,COR001,S002,55.0,66.5,78.0,71.5,6.5,16.666666666666664,1.25,1.0,46,64,12.727922061357855,2,False,2,2026-09-29,13,Tuesday,Weekday
2026-09-29 14:00:00-06:00,COR001,S002,56.0,66.5,77.0,71.5,5.5,15.217391304347828,1.2115384615384617,1.0,48,64,11.313708498984761,2,False,2,2026-09-29,14,Tuesday,Weekday
2026-09-29 14:30:00-06:00,COR001,S002,60.5,66.5,85.0,71.5,13.5,9.375,1.1153846153846154,1.0,52,69,12.020815280171307,2,False,2,2026-09-29,14,Tuesday,Weekday
2026-09-29 15:00:00-06:00,COR001,S002,50.5,66.5,94.0,71.5,22.5,24.037590579710148,1.326923076923077,1.0,49,52,2.1213203435596424,2,False,2,2026-09-29,15,Tuesday,Weekday
2026-09-29 15:30:00-06:00,COR001,S002,38.0,66.5,134.5,71.5,63.0,43.05932971014493,1.7777777777777777,1.0,33,43,7.0710678118654755,2,False,2,2026-09-29,15,Tuesday,Weekday
2026-09-29 16:00:00-06:00,COR001,S002,44.5,66.0,101.0,72.5,28.5,32.26363008971705,1.4949903038138328,1.0,42,47,3.5355339059327378,2,False,2,2026-09-29,16,Tuesday,Weekday
2026-09-29 16:30:00-06:00,COR001,S002,42.5,66.5,110.5,71.5,39.0,36.02807971014493,1.5726495726495726,1.0,42,43,0.7071067811865476,2,False,2,2026-09-29,16,Tuesday,Weekday
2026-09-29 17:00:00-06:00,COR001,S002,48.0,66.0,104.0,72.5,31.5,27.467218771566596,1.3849385908209437,1.0,43,53,7.0710678118654755,2,False,2,2026-09-29,17,Tuesday,Weekday
2026-09-29 17:30:00-06:00,COR001,S002,47.0,66.0,102.0,72.5,29.5,28.77846790890269,1.413219133807369,1.0,45,49,2.8284271247461903,2,False,2,2026-09-29,17,Tuesday,Weekday
2026-09-29 18:00:00-06:00,COR001,S002,32.0,66.5,185.0,71.5,113.5,52.321105072463766,2.2393162393162394,1.0,23,41,12.727922061357855,2,False,2,2026-09-29,18,Tuesday,Weekday
2026-09-29 18:30:00-06:00,COR001,S002,17.0,66.0,314.0,73.5,240.5,74.42396313364056,3.96900826446281,1.0,14,20,4.242640687119285,2,False,2,2026-09-29,18,Tuesday,Weekday
2026-09-29 19:00:00-06:00,COR001,S002,10.0,65.5,500.0,72.5,427.5,84.76890756302521,6.681480284421461,0.995,9,11,1.4142135623730951,2,False,2,2026-09-29,19,Tuesday,Weekday
2026-09-29 19:30:00-06:00,COR001,S002,14.0,65.5,303.5,72.5,231.0,78.41970121381885,5.030219780219779,0.995,11,17,4.242640687119285,2,False,2,2026-09-29,19,Tuesday,Weekday
2026-09-29 20:00:00-06:00,COR001,S002,23.0,66.5,241.0,70.5,170.5,65.56561085972851,3.0630434782608695,1.0,18,28,7.0710678118654755,2,False,2,2026-09-29,20,Tuesday,Weekday
2026-09-29 20:30:00-06:00,COR001,S002,46.5,66.5,109.0,71.5,37.5,30.287590579710148,1.4551282051282053,0.99842,41,52,7.7781745930520225,2,False,2,2026-09-29,20,Tuesday,Weekday
2026-09-29 21:00:00-06:00,COR001,S002,62.0,66.5,81.0,71.5,9.5,7.03125,1.0811965811965814,0.9991380000000001,55,69,9.899494936611665,2,False,2,2026-09-29,21,Tuesday,Weekday
2026-09-29 21:30:00-06:00,COR001,S002,51.0,66.5,89.0,71.5,17.5,23.086503623188406,1.314102564102564,0.9991380000000001,49,53,2.8284271247461903,2,False,2,2026-09-29,21,Tuesday,Weekday
2026-09-29 22:00:00-06:00,COR001,S002,59.5,66.5,75.0,71.5,3.5,10.144927536231885,1.1346153846153846,1.0,55,64,6.363961030678928,2,False,2,2026-09-29,22,Tuesday,Weekday
2026-09-29 22:30:00-06:00,COR001,S002,66.5,66.5,71.5,71.5,0.0,0.0,1.0,1.0,64,69,3.5355339059327378,2,False,2,2026-09-29,22,Tuesday,Weekday
2026-09-29 23:00:00-06:00,COR001,S002,66.5,66.5,71.5,71.5,0.0,0.0,1.0,1.0,64,69,3.5355339059327378,2,False,2,2026-09-29,23,Tuesday,Weekday
2026-09-29 23:30:00-06:00,COR001,S002,66.5,66.5,71.5,71.5,0.0,0.0,1.0,1.0,64,69,3.5355339059327378,2,False,2,2026-09-29,23,Tuesday,Weekday
2026-09-30 00:00:00-06:00,COR001,S002,66.5,66.5,71.5,71.5,0.0,0.0,1.0,1.0,64,69,3.5355339059327378,2,False,2,2026-09-30,0,Wednesday,Weekday
2026-09-30 00:30:00-06:00,COR001,S002,66.5,66.5,71.5,71.5,0.0,0.0,1.0,1.0,64,69,3.5355339059327378,2,False,2,2026-09-30,0,Wednesday,Weekday
2026-09-30 01:00:00-06:00,COR001,S002,66.5,66.5,71.5,71.5,0.0,0.0,1.0,1.0,64,69,3.5355339059327378,2,False,2,2026-09-30,1,Wednesday,Weekday
2026-09-30 01:30:00-06:00,COR001,S002,66.5,66.5,71.5,71.5,0.0,0.0,1.0,1.0,64,69,3.5355339059327378,2,False,2,2026-09-30,1,Wednesday,Weekday
2026-09-30 02:00:00-06:00,COR001,S002,66.5,66.5,71.5,71.5,0.0,0.0,1.0,1.0,64,69,3.5355339059327378,2,False,2,2026-09-30,2,Wednesday,Weekday
2026-09-30 02:30:00-06:00,COR001,S002,66.5,66.5,71.5,71.5,0.0,0.0,1.0,1.0,64,69,3.5355339059327378,2,False,2,2026-09-30,2,Wednesday,Weekday
2026-09-30 03:00:00-06:00,COR001,S002,66.5,66.5,71.5,71.5,0.0,0.0,1.0,1.0,64,69,3.5355339059327378,2,False,2,2026-09-30,3,Wednesday,Weekday
2026-09-30 03:30:00-06:00,COR001,S002,66.5,66.5,71.5,71.5,0.0,0.0,1.0,1.0,64,69,3.5355339059327378,2,False,2,2026-09-30,3,Wednesday,Weekday
2026-09-30 04:00:00-06:00,COR001,S002,66.5,66.5,71.5,71.5,0.0,0.0,1.0,1.0,64,69,3.5355339059327378,2,False,2,2026-09-30,4,Wednesday,Weekday
2026-09-30 04:30:00-06:00,COR001,S002,66.5,66.5,71.5,71.5,0.0,0.0,1.0,1.0,64,69,3.5355339059327378,2,False,2,2026-09-30,4,Wednesday,Weekday
2026-09-30 05:00:00-06:00,COR001,S002,66.5,66.5,71.5,71.5,0.0,0.0,1.0,1.0,64,69,3.5355339059327378,2,False,2,2026-09-30,5,Wednesday,Weekday
2026-09-30 05:30:00-06:00,COR001,S002,66.5,66.5,71.5,71.5,0.0,0.0,1.0,1.0,64,69,3.5355339059327378,2,False,2,2026-09-30,5,Wednesday,Weekday
2026-09-30 06:00:00-06:00,COR001,S002,66.5,66.5,71.5,71.5,0.0,0.0,1.0,1.0,64,69,3.5355339059327378,2,False,2,2026-09-30,6,Wednesday,Weekday
2026-09-30 06:30:00-06:00,COR001,S002,59.5,66.5,88.0,71.5,16.5,10.9375,1.141025641025641,0.9977739999999999,50,69,13.435028842544403,2,False,2,2026-09-30,6,Wednesday,Weekday
2026-09-30 07:00:00-06:00,COR001,S002,60.0,66.0,86.5,72.5,14.0,9.523809523809524,1.1176470588235294,1.0,51,69,12.727922061357855,2,False,2,2026-09-30,7,Wednesday,Weekday
2026-09-30 07:30:00-06:00,COR001,S002,44.0,66.5,210.5,71.5,139.0,35.15625,2.1880341880341883,1.0,19,69,35.35533905932738,2,False,2,2026-09-30,7,Wednesday,Weekday
2026-09-30 08:00:00-06:00,COR001,S002,45.5,65.5,183.5,73.5,110.0,32.25806451612903,1.9090909090909092,0.9991380000000001,22,69,33.23401871576773,2,False,2,2026-09-30,8,Wednesday,Weekday
2026-09-30 08:30:00-06:00,COR001,S002,55.0,66.0,104.5,72.5,32.0,17.46031746031746,1.2689075630252102,1.0,41,69,19.79898987322333,2,False,2,2026-09-30,8,Wednesday,Weekday
2026-09-30 09:00:00-06:00,COR001,S002,66.5,66.5,71.5,71.5,0.0,0.0,1.0,1.0,64,69,3.5355339059327378,2,False,2,2026-09-30,9,Wednesday,Weekday
2026-09-30 09:30:00-06:00,COR001,S002,58.5,66.0,91.0,72.5,18.5,11.904761904761903,1.1554621848739495,0.99842,48,69,14.849242404917497,2,False,2,2026-09-30,9,Wednesday,Weekday
2026-09-30 10:00:00-06:00,COR001,S002,48.5,66.5,109.0,71.5,37.5,27.445652173913043,1.3952991452991452,1.0,40,57,12.020815280171307,2,False,2,2026-09-30,10,Wednesday,Weekday
2026-09-30 10:30:00-06:00,COR001,S002,66.5,66.5,71.5,71.5,0.0,0.0,1.0,1.0,64,69,3.5355339059327378,2,False,2,2026-09-30,10,Wednesday,Weekday
2026-09-30 11:00:00-06:00,COR001,S002,66.5,66.5,71.5,71.5,0.0,0.0,1.0,1.0,64,69,3.5355339059327378,2,False,2,2026-09-30,11,Wednesday,Weekday
2026-09-30 11:30:00-06:00,COR001,S002,66.5,66.5,71.5,71.5,0.0,0.0,1.0,1.0,64,69,3.5355339059327378,2,False,2,2026-09-30,11,Wednesday,Weekday
2026-09-30 12:00:00-06:00,COR001,S002,66.5,66.5,71.5,71.5,0.0,0.0,1.0,1.0,64,69,3.5355339059327378,2,False,2,2026-09-30,12,Wednesday,Weekday
2026-09-30 12:30:00-06:00,COR001,S002,44.5,66.5,95.5,71.5,24.0,32.506793478260875,1.564102564102564,1.0,36,53,12.020815280171307,2,False,2,2026-09-30,12,Wednesday,Weekday
2026-09-30 13:00:00-06:00,COR001,S002,50.0,66.5,101.0,71.5,29.5,25.045289855072465,1.341880341880342,0.9991380000000001,44,56,8.48528137423857,2,False,2,2026-09-30,13,Wednesday,Weekday
2026-09-30 13:30:00-06:00,COR001,S002,42.0,66.5,112.5,71.5,41.0,36.80932971014493,1.5897435897435899,0.9991380000000001,41,43,1.4142135623730951,2,False,2,2026-09-30,13,Wednesday,Weekday
2026-09-30 14:00:00-06:00,COR001,S002,41.5,66.5,113.0,71.5,41.5,37.533967391304344,1.6089743589743588,1.0,41,42,0.7071067811865476,2,False,2,2026-09-30,14,Wednesday,Weekday
2026-09-30 14:30:00-06:00,COR001,S002,30.0,65.5,255.0,73.5,181.5,55.21271622253389,2.7264780673871583,1.0,16,44,19.79898987322333,2,False,2,2026-09-30,14,Wednesday,Weekday
2026-09-30 15:00:00-06:00,COR001,S002,10.0,67.0,500.0,69.5,430.5,85.07462686567163,6.7832341269841265,1.0,9,11,1.4142135623730951,2,False,2,2026-09-30,15,Wednesday,Weekday
2026-09-30 15:30:00-06:00,COR001,S002,10.0,66.5,500.0,72.5,427.5,85.0,6.681480284421461,0.995,9,11,1.4142135623730951,2,False,2,2026-09-30,15,Wednesday,Weekday
2026-09-30 16:00:00-06:00,COR001,S002,9.0,64.0,518.5,75.0,443.5,85.90653290922435,7.135049683830172,0.99,9,9,0.0,2,False,2,2026-09-30,16,Wednesday,Weekday
2026-09-30 16:30:00-06:00,COR001,S002,12.5,67.0,351.0,71.5,279.5,81.20535714285714,5.467948717948717,0.995,11,14,2.1213203435596424,2,False,2,2026-09-30,16,Wednesday,Weekday
2026-09-30 17:00:00-06:00,COR001,S002,11.0,64.5,424.0,74.0,350.0,82.92007703418392,5.877869605142332,0.995,11,11,0.0,2,False,2,2026-09-30,17,Wednesday,Weekday
2026-09-30 17:30:00-06:00,COR001,S002,12.0,63.5,411.5,75.0,336.5,81.1351217088922,5.369015356820235,1.0,11,13,1.4142135623730951,2,False,2,2026-09-30,17,Wednesday,Weekday
2026-09-30 18:00:00-06:00,COR001,S002,11.0,66.0,424.0,71.0,353.0,83.32950631458094,6.02512077294686,0.995,11,11,0.0,2,False,2,2026-09-30,18,Wednesday,Weekday
2026-09-30 18:30:00-06:00,COR001,S002,12.5,67.0,406.5,71.5,335.0,81.40625,5.418803418803419,0.995,11,14,2.1213203435596424,2,False,2,2026-09-30,18,Wednesday,Weekday
2026-09-30 19:00:00-06:00,COR001,S002,11.5,66.5,380.0,70.0,310.0,82.68882858435097,5.927892494264176,0.995,10,13,2.1213203435596424,2,False,2,2026-09-30,19,Wednesday,Weekday
2026-09-30 19:30:00-06:00,COR001,S002,15.5,66.5,286.0,70.5,215.5,76.6289592760181,4.421739130434783,1.0,14,17,2.1213203435596424,2,False,2,2026-09-30,19,Wednesday,Weekday
2026-09-30 20:00:00-06:00,COR001,S002,23.5,66.0,239.5,72.5,167.0,64.69979296066253,2.944408532643827,1.0,18,29,7.7781745930520225,2,False,2,2026-09-30,20,Wednesday,Weekday
2026-09-30 20:30:00-06:00,COR001,S002,45.0,66.0,108.0,72.5,35.5,31.884057971014492,1.4636393018745961,1.0,42,48,4.242640687119285,2,False,2,2026-09-30,20,Wednesday,Weekday
2026-09-30 21:00:00-06:00,COR001,S002,48.5,66.0,86.0,71.5,14.5,25.73529411764706,1.5576923076923077,1.0,33,64,21.920310216782973,2,False,2,2026-09-30,21,Wednesday,Weekday
2026-09-30 21:30:00-06:00,COR001,S002,55.5,66.5,85.0,71.5,13.5,16.508152173913043,1.1901709401709402,1.0,54,57,2.1213203435596424,2,False,2,2026-09-30,21,Wednesday,Weekday
2026-09-30 22:00:00-06:00,COR001,S002,59.5,66.5,75.0,71.5,3.5,10.144927536231885,1.1346153846153846,0.995,55,64,6.363961030678928,2,False,2,2026-09-30,22,Wednesday,Weekday
2026-09-30 22:30:00-06:00,COR001,S002,66.5,66.5,71.5,71.5,0.0,0.0,1.0,1.0,64,69,3.5355339059327378,2,False,2,2026-09-30,22,Wednesday,Weekday
2026-09-30 23:00:00-06:00,COR001,S002,66.5,66.5,71.5,71.5,0.0,0.0,1.0,1.0,64,69,3.5355339059327378,2,False,2,2026-09-30,23,Wednesday,Weekday
2026-09-30 23:30:00-06:00,COR001,S002,66.5,66.5,71.5,71.5,0.0,0.0,1.0,1.0,64,69,3.5355339059327378,2,False,2,2026-09-30,23,Wednesday,Weekday
2026-10-01 00:00:00-06:00,COR001,S002,66.5,66.5,71.5,71.5,0.0,0.0,1.0,1.0,64,69,3.5355339059327378,2,False,2,2026-10-01,0,Thursday,Weekday
2026-10-01 00:30:00-06:00,COR001,S002,66.5,66.5,71.5,71.5,0.0,0.0,1.0,1.0,64,69,3.5355339059327378,2,False,2,2026-10-01,0,Thursday,Weekday
2026-10-01 01:00:00-06:00,COR001,S002,66.5,66.5,71.5,71.5,0.0,0.0,1.0,1.0,64,69,3.5355339059327378,2,False,2,2026-10-01,1,Thursday,Weekday
2026-10-01 01:30:00-06:00,COR001,S002,66.5,66.5,71.5,71.5,0.0,0.0,1.0,1.0,64,69,3.5355339059327378,2,False,2,2026-10-01,1,Thursday,Weekday
2026-10-01 02:00:00-06:00,COR001,S002,66.5,66.5,71.5,71.5,0.0,0.0,1.0,1.0,64,69,3.5355339059327378,2,False,2,2026-10-01,2,Thursday,Weekday
2026-10-01 02:30:00-06:00,COR001,S002,66.5,66.5,71.5,71.5,0.0,0.0,1.0,1.0,64,69,3.5355339059327378,2,False,2,2026-10-01,2,Thursday,Weekday
2026-10-01 03:00:00-06:00,COR001,S002,66.5,66.5,71.5,71.5,0.0,0.0,1.0,1.0,64,69,3.5355339059327378,2,False,2,2026-10-01,3,Thursday,Weekday
2026-10-01 03:30:00-06:00,COR001,S002,66.5,66.5,71.5,71.5,0.0,0.0,1.0,1.0,64,69,3.5355339059327378,2,False,2,2026-10-01,3,Thursday,Weekday
2026-10-01 04:00:00-06:00,COR001,S002,66.5,66.5,71.5,71.5,0.0,0.0,1.0,1.0,64,69,3.5355339059327378,2,False,2,2026-10-01,4,Thursday,Weekday
2026-10-01 04:30:00-06:00,COR001,S002,66.5,66.5,71.5,71.5,0.0,0.0,1.0,1.0,64,69,3.5355339059327378,2,False,2,2026-10-01,4,Thursday,Weekday
2026-10-01 05:00:00-06:00,COR001,S002,66.5,66.5,71.5,71.5,0.0,0.0,1.0,1.0,64,69,3.5355339059327378,2,False,2,2026-10-01,5,Thursday,Weekday
2026-10-01 05:30:00-06:00,COR001,S002,66.5,66.5,71.5,71.5,0.0,0.0,1.0,1.0,64,69,3.5355339059327378,2,False,2,2026-10-01,5,Thursday,Weekday
2026-10-01 06:00:00-06:00,COR001,S002,66.5,66.5,71.5,71.5,0.0,0.0,1.0,1.0,64,69,3.5355339059327378,2,False,2,2026-10-01,6,Thursday,Weekday
2026-10-01 06:30:00-06:00,COR001,S002,62.0,66.5,81.0,71.5,9.5,7.03125,1.0811965811965814,0.99842,55,69,9.899494936611665,2,False,2,2026-10-01,6,Thursday,Weekday
2026-10-01 07:00:00-06:00,COR001,S002,62.0,66.5,81.0,71.5,9.5,7.03125,1.0811965811965814,0.99842,55,69,9.899494936611665,2,False,2,2026-10-01,7,Thursday,Weekday
2026-10-01 07:30:00-06:00,COR001,S002,32.5,66.5,227.5,71.5,156.0,51.87952898550724,2.5128205128205128,0.9992650000000001,18,47,20.506096654409877,2,False,2,2026-10-01,7,Thursday,Weekday
2026-10-01 08:00:00-06:00,COR001,S002,30.5,66.0,229.5,71.5,158.0,54.31985294117647,2.58974358974359,0.9932765,18,43,17.67766952966369,2,False,2,2026-10-01,8,Thursday,Weekday
2026-10-01 08:30:00-06:00,COR001,S002,39.5,66.5,147.5,71.5,76.0,41.111865942028984,1.7991452991452992,0.9991380000000001,29,50,14.849242404917497,2,False,2,2026-10-01,8,Thursday,Weekday
2026-10-01 09:00:00-06:00,COR001,S002,56.0,66.0,100.0,72.5,27.5,15.873015873015872,1.2310924369747898,0.9991380000000001,43,69,18.384776310850235,2,False,2,2026-10-01,9,Thursday,Weekday
2026-10-01 09:30:00-06:00,COR001,S002,66.5,66.5,71.5,71.5,0.0,0.0,1.0,1.0,64,69,3.5355339059327378,2,False,2,2026-10-01,9,Thursday,Weekday
2026-10-01 10:00:00-06:00,COR001,S002,66.5,66.5,71.5,71.5,0.0,0.0,1.0,1.0,64,69,3.5355339059327378,2,False,2,2026-10-01,10,Thursday,Weekday
2026-10-01 10:30:00-06:00,COR001,S002,61.0,66.0,83.5,72.5,11.0,7.936507936507936,1.092436974789916,1.0,53,69,11.313708498984761,2,False,2,2026-10-01,10,Thursday,Weekday
2026-10-01 11:00:00-06:00,COR001,S002,66.5,66.5,71.5,71.5,0.0,0.0,1.0,1.0,64,69,3.5355339059327378,2,False,2,2026-10-01,11,Thursday,Weekday
2026-10-01 11:30:00-06:00,COR001,S002,49.0,66.0,96.0,71.5,24.5,25.735294117647058,1.358974358974359,1.0,48,50,1.4142135623730951,2,False,2,2026-10-01,11,Thursday,Weekday
2026-10-01 12:00:00-06:00,COR001,S002,59.5,66.0,88.0,72.5,15.5,10.31746031746032,1.1302521008403361,1.0,50,69,13.435028842544403,2,False,2,2026-10-01,12,Thursday,Weekday
2026-10-01 12:30:00-06:00,COR001,S002,62.0,66.5,81.0,71.5,9.5,7.03125,1.0811965811965814,1.0,55,69,9.899494936611665,2,False,2,2026-10-01,12,Thursday,Weekday
2026-10-01 13:00:00-06:00,COR001,S002,59.0,66.5,89.5,71.5,18.0,11.71875,1.1538461538461537,1.0,49,69,14.142135623730951,2,False,2,2026-10-01,13,Thursday,Weekday
2026-10-01 13:30:00-06:00,COR001,S002,44.0,65.5,103.0,72.5,30.5,32.60971055088702,1.5117970265029088,1.0,42,46,2.8284271247461903,2,False,2,2026-10-01,13,Thursday,Weekday
2026-10-01 14:00:00-06:00,COR001,S002,56.0,66.0,100.0,72.5,27.5,15.873015873015872,1.2310924369747898,1.0,43,69,18.384776310850235,2,False,2,2026-10-01,14,Thursday,Weekday
2026-10-01 14:30:00-06:00,COR001,S002,40.0,67.0,122.5,71.5,51.0,40.37946428571429,1.6752136752136753,1.0,37,43,4.242640687119285,2,False,2,2026-10-01,14,Thursday,Weekday
2026-10-01 15:00:00-06:00,COR001,S002,48.5,65.5,95.0,72.5,22.5,25.81699346405229,1.3543956043956045,1.0,48,49,0.7071067811865476,2,False,2,2026-10-01,15,Thursday,Weekday
2026-10-01 15:30:00-06:00,COR001,S002,47.5,66.0,106.5,72.5,34.0,28.26086956521739,1.4059469941822882,1.0,42,53,7.7781745930520225,2,False,2,2026-10-01,15,Thursday,Weekday
2026-10-01 16:00:00-06:00,COR001,S002,39.0,67.0,123.5,71.5,52.0,41.808035714285715,1.7136752136752138,1.0,37,41,2.8284271247461903,2,False,2,2026-10-01,16,Thursday,Weekday
2026-10-01 16:30:00-06:00,COR001,S002,57.5,66.5,94.5,71.5,23.0,14.0625,1.1965811965811965,1.0,46,69,16.263455967290593,2,False,2,2026-10-01,16,Thursday,Weekday
2026-10-01 17:00:00-06:00,COR001,S002,41.0,66.0,105.5,71.5,34.0,37.54595588235294,1.6794871794871795,1.0,35,47,8.48528137423857,2,False,2,2026-10-01,17,Thursday,Weekday
2026-10-01 17:30:00-06:00,COR001,S002,48.5,66.0,97.5,72.5,25.0,26.466528640441684,1.3603749191984484,1.0,47,50,2.1213203435596424,2,False,2,2026-10-01,17,Thursday,Weekday
2026-10-01 18:00:00-06:00,COR001,S002,59.5,66.5,75.0,71.5,3.5,10.144927536231885,1.1346153846153846,1.0,55,64,6.363961030678928,2,False,2,2026-10-01,18,Thursday,Weekday
2026-10-01 18:30:00-06:00,COR001,S002,36.0,67.0,175.0,70.5,104.5,46.75585284280936,2.072408026755853,1.0,24,48,16.97056274847714,2,False,2,2026-10-01,18,Thursday,Weekday
2026-10-01 19:00:00-06:00,COR001,S002,17.0,67.0,258.0,72.0,186.0,74.35725463894477,4.079663865546219,1.0,15,19,2.8284271247461903,2,False,2,2026-10-01,19,Thursday,Weekday
2026-10-01 19:30:00-06:00,COR001,S002,23.5,65.5,230.0,73.5,156.5,64.38756428237494,2.8822314049586777,1.0,19,28,6.363961030678928,2,False,2,2026-10-01,19,Thursday,Weekday
2026-10-01 20:00:00-06:00,COR001,S002,37.5,66.5,125.0,71.5,53.5,43.55751811594203,1.7713675213675215,1.0,37,38,0.7071067811865476,2,False,2,2026-10-01,20,Thursday,Weekday
2026-10-01 20:30:00-06:00,COR001,S002,59.5,66.0,88.0,72.5,15.5,10.31746031746032,1.1302521008403361,1.0,50,69,13.435028842544403,2,False,2,2026-10-01,20,Thursday,Weekday
2026-10-01 21:00:00-06:00,COR001,S002,66.5,66.5,71.5,71.5,0.0,0.0,1.0,1.0,64,69,3.5355339059327378,2,False,2,2026-10-01,21,Thursday,Weekday
2026-10-01 21:30:00-06:00,COR001,S002,54.0,66.0,79.0,71.5,7.5,17.647058823529413,1.2884615384615383,1.0,44,64,14.142135623730951,2,False,2,2026-10-01,21,Thursday,Weekday
2026-10-01 22:00:00-06:00,COR001,S002,66.5,66.5,71.5,71.5,0.0,0.0,1.0,1.0,64,69,3.5355339059327378,2,False,2,2026-10-01,22,Thursday,Weekday
2026-09-24 19:00:00-06:00,COR001,S003,55.0,78.0,187.0,132.0,55.0,29.48717948717949,1.4166666666666667,1.0,55,55,0.0,2,False,2,2026-09-24,19,Thursday,Weekday
2026-09-24 23:30:00-06:00,COR001,S003,78.0,78.0,132.0,132.0,0.0,0.0,1.0,1.0,78,78,0.0,2,False,2,2026-09-24,23,Thursday,Weekday
2026-09-25 05:30:00-06:00,COR001,S003,78.0,78.0,132.0,132.0,0.0,0.0,1.0,1.0,78,78,0.0,2,False,2,2026-09-25,5,Friday,Weekday
2026-09-25 09:00:00-06:00,COR001,S003,55.0,77.0,187.0,133.0,54.0,28.57142857142857,1.406015037593985,1.0,55,55,0.0,2,False,2,2026-09-25,9,Friday,Weekday
2026-09-25 10:00:00-06:00,COR001,S003,78.0,78.0,132.0,132.0,0.0,0.0,1.0,1.0,78,78,0.0,2,False,2,2026-09-25,10,Friday,Weekday
2026-09-25 10:30:00-06:00,COR001,S003,78.0,78.0,132.0,132.0,0.0,0.0,1.0,1.0,78,78,0.0,2,False,2,2026-09-25,10,Friday,Weekday
2026-09-25 11:30:00-06:00,COR001,S003,78.0,78.0,132.0,132.0,0.0,0.0,1.0,1.0,78,78,0.0,2,False,2,2026-09-25,11,Friday,Weekday
2026-09-25 12:00:00-06:00,COR001,S003,78.0,78.0,132.0,132.0,0.0,0.0,1.0,1.0,78,78,0.0,2,False,2,2026-09-25,12,Friday,Weekday
2026-09-25 12:30:00-06:00,COR001,S003,78.0,78.0,132.0,132.0,0.0,0.0,1.0,1.0,78,78,0.0,2,False,2,2026-09-25,12,Friday,Weekday
2026-09-25 13:00:00-06:00,COR001,S003,59.0,77.0,174.0,133.0,41.0,23.37662337662337,1.3082706766917294,1.0,59,59,0.0,2,False,2,2026-09-25,13,Friday,Weekday
2026-09-25 13:30:00-06:00,COR001,S003,52.5,77.0,197.0,133.0,64.0,31.818181818181817,1.481203007518797,1.0,48,57,5.196152422706632,4,False,2,2026-09-25,13,Friday,Weekday
2026-09-25 14:00:00-06:00,COR001,S003,51.0,78.0,202.0,132.0,70.0,34.61538461538461,1.5303030303030305,1.0,51,51,0.0,2,False,2,2026-09-25,14,Friday,Weekday
2026-09-25 14:30:00-06:00,COR001,S003,54.0,78.0,190.0,132.0,58.0,30.76923076923077,1.4393939393939394,1.0,54,54,0.0,2,False,2,2026-09-25,14,Friday,Weekday
2026-09-25 15:00:00-06:00,COR001,S003,57.0,77.0,180.0,133.0,47.0,25.97402597402597,1.3533834586466165,1.0,57,57,0.0,2,False,2,2026-09-25,15,Friday,Weekday
2026-09-25 15:30:00-06:00,COR001,S003,57.0,78.0,180.0,132.0,48.0,26.923076923076923,1.3636363636363635,1.0,57,57,0.0,2,False,2,2026-09-25,15,Friday,Weekday
2026-09-25 16:00:00-06:00,COR001,S003,53.0,78.0,194.0,132.0,62.0,32.05128205128205,1.4696969696969695,1.0,53,53,0.0,2,False,2,2026-09-25,16,Friday,Weekday
2026-09-25 16:30:00-06:00,COR001,S003,53.0,77.0,194.0,133.0,61.0,31.16883116883117,1.4586466165413534,1.0,53,53,0.0,2,False,2,2026-09-25,16,Friday,Weekday
2026-09-25 17:00:00-06:00,COR001,S003,55.0,77.0,187.0,133.0,54.0,28.57142857142857,1.406015037593985,1.0,55,55,0.0,2,False,2,2026-09-25,17,Friday,Weekday
2026-09-25 17:30:00-06:00,COR001,S003,52.0,78.0,198.0,132.0,66.0,33.33333333333333,1.5,1.0,52,52,0.0,2,False,2,2026-09-25,17,Friday,Weekday
2026-09-25 18:00:00-06:00,COR001,S003,53.0,78.0,194.0,132.0,62.0,32.05128205128205,1.4696969696969695,1.0,53,53,0.0,2,False,2,2026-09-25,18,Friday,Weekday
2026-09-25 18:30:00-06:00,COR001,S003,48.0,77.0,214.0,133.0,81.0,37.66233766233766,1.6090225563909777,1.0,48,48,0.0,2,False,2,2026-09-25,18,Friday,Weekday
2026-09-25 19:00:00-06:00,COR001,S003,54.0,78.0,190.0,132.0,58.0,30.76923076923077,1.4393939393939394,1.0,54,54,0.0,2,False,2,2026-09-25,19,Friday,Weekday
2026-09-25 19:30:00-06:00,COR001,S003,51.0,78.0,202.0,132.0,70.0,34.61538461538461,1.5303030303030305,1.0,51,51,0.0,2,False,2,2026-09-25,19,Friday,Weekday
2026-09-25 20:00:00-06:00,COR001,S003,53.0,78.0,194.0,132.0,62.0,32.05128205128205,1.4696969696969695,1.0,53,53,0.0,2,False,2,2026-09-25,20,Friday,Weekday
2026-09-25 20:30:00-06:00,COR001,S003,53.0,77.0,194.0,133.0,61.0,31.16883116883117,1.4586466165413534,1.0,53,53,0.0,2,False,2,2026-09-25,20,Friday,Weekday
2026-09-25 21:00:00-06:00,COR001,S003,66.0,77.0,156.0,133.0,23.0,14.285714285714285,1.1729323308270676,1.0,66,66,0.0,2,False,2,2026-09-25,21,Friday,Weekday
2026-09-25 21:30:00-06:00,COR001,S003,78.0,78.0,132.0,132.0,0.0,0.0,1.0,1.0,78,78,0.0,2,False,2,2026-09-25,21,Friday,Weekday
2026-09-25 22:00:00-06:00,COR001,S003,78.0,78.0,132.0,132.0,0.0,0.0,1.0,1.0,78,78,0.0,2,False,2,2026-09-25,22,Friday,Weekday
2026-09-25 22:30:00-06:00,COR001,S003,78.0,78.0,132.0,132.0,0.0,0.0,1.0,1.0,78,78,0.0,2,False,2,2026-09-25,22,Friday,Weekday
2026-09-25 23:00:00-06:00,COR001,S003,78.0,78.0,132.0,132.0,0.0,0.0,1.0,1.0,78,78,0.0,2,False,2,2026-09-25,23,Friday,Weekday
2026-09-25 23:30:00-06:00,COR001,S003,78.0,78.0,132.0,132.0,0.0,0.0,1.0,1.0,78,78,0.0,2,False,2,2026-09-25,23,Friday,Weekday
2026-09-26 00:00:00-06:00,COR001,S003,78.0,78.0,132.0,132.0,0.0,0.0,1.0,1.0,78,78,0.0,2,False,2,2026-09-26,0,Saturday,Weekend
2026-09-26 00:30:00-06:00,COR001,S003,78.0,78.0,132.0,132.0,0.0,0.0,1.0,1.0,78,78,0.0,2,False,2,2026-09-26,0,Saturday,Weekend
2026-09-26 01:00:00-06:00,COR001,S003,78.0,78.0,132.0,132.0,0.0,0.0,1.0,1.0,78,78,0.0,2,False,2,2026-09-26,1,Saturday,Weekend
2026-09-26 01:30:00-06:00,COR001,S003,78.0,78.0,132.0,132.0,0.0,0.0,1.0,1.0,78,78,0.0,2,False,2,2026-09-26,1,Saturday,Weekend
2026-09-26 02:00:00-06:00,COR001,S003,78.0,78.0,132.0,132.0,0.0,0.0,1.0,1.0,78,78,0.0,2,False,2,2026-09-26,2,Saturday,Weekend
2026-09-26 02:30:00-06:00,COR001,S003,78.0,78.0,132.0,132.0,0.0,0.0,1.0,1.0,78,78,0.0,2,False,2,2026-09-26,2,Saturday,Weekend
2026-09-26 03:00:00-06:00,COR001,S003,78.0,78.0,132.0,132.0,0.0,0.0,1.0,1.0,78,78,0.0,2,False,2,2026-09-26,3,Saturday,Weekend
2026-09-26 03:30:00-06:00,COR001,S003,73.0,77.0,141.0,133.0,8.0,5.194805194805195,1.0601503759398496,0.935991,73,73,0.0,2,False,2,2026-09-26,3,Saturday,Weekend
2026-09-26 04:00:00-06:00,COR001,S003,78.0,78.0,132.0,132.0,0.0,0.0,1.0,1.0,78,78,0.0,2,False,2,2026-09-26,4,Saturday,Weekend
2026-09-26 04:30:00-06:00,COR001,S003,78.0,78.0,132.0,132.0,0.0,0.0,1.0,1.0,78,78,0.0,2,False,2,2026-09-26,4,Saturday,Weekend
2026-09-26 05:00:00-06:00,COR001,S003,78.0,78.0,132.0,132.0,0.0,0.0,1.0,1.0,78,78,0.0,2,False,2,2026-09-26,5,Saturday,Weekend
2026-09-26 05:30:00-06:00,COR001,S003,78.0,78.0,132.0,132.0,0.0,0.0,1.0,1.0,78,78,0.0,2,False,2,2026-09-26,5,Saturday,Weekend
2026-09-26 06:00:00-06:00,COR001,S003,78.0,78.0,132.0,132.0,0.0,0.0,1.0,1.0,78,78,0.0,2,False,2,2026-09-26,6,Saturday,Weekend
2026-09-26 06:30:00-06:00,COR001,S003,78.0,78.0,132.0,132.0,0.0,0.0,1.0,1.0,78,78,0.0,2,False,2,2026-09-26,6,Saturday,Weekend
2026-09-26 07:00:00-06:00,COR001,S003,78.0,78.0,132.0,132.0,0.0,0.0,1.0,1.0,78,78,0.0,2,False,2,2026-09-26,7,Saturday,Weekend
2026-09-26 07:30:00-06:00,COR001,S003,78.0,78.0,132.0,132.0,0.0,0.0,1.0,1.0,78,78,0.0,2,False,2,2026-09-26,7,Saturday,Weekend
2026-09-26 08:00:00-06:00,COR001,S003,60.0,77.0,171.0,133.0,38.0,22.07792207792208,1.2857142857142858,1.0,60,60,0.0,2,False,2,2026-09-26,8,Saturday,Weekend
2026-09-26 08:30:00-06:00,COR001,S003,78.0,78.0,132.0,132.0,0.0,0.0,1.0,1.0,78,78,0.0,2,False,2,2026-09-26,8,Saturday,Weekend
2026-09-26 09:00:00-06:00,COR001,S003,78.0,78.0,132.0,132.0,0.0,0.0,1.0,1.0,78,78,0.0,2,False,2,2026-09-26,9,Saturday,Weekend
2026-09-26 09:30:00-06:00,COR001,S003,78.0,78.0,132.0,132.0,0.0,0.0,1.0,1.0,78,78,0.0,2,False,2,2026-09-26,9,Saturday,Weekend
2026-09-26 10:00:00-06:00,COR001,S003,63.0,77.0,163.0,133.0,30.0,18.181818181818183,1.2255639097744362,1.0,63,63,0.0,2,False,2,2026-09-26,10,Saturday,Weekend
2026-09-26 10:30:00-06:00,COR001,S003,78.0,78.0,132.0,132.0,0.0,0.0,1.0,1.0,78,78,0.0,2,False,2,2026-09-26,10,Saturday,Weekend
2026-09-26 11:00:00-06:00,COR001,S003,78.0,78.0,132.0,132.0,0.0,0.0,1.0,1.0,78,78,0.0,2,False,2,2026-09-26,11,Saturday,Weekend
2026-09-26 11:30:00-06:00,COR001,S003,61.0,77.0,169.0,133.0,36.0,20.77922077922078,1.2706766917293233,1.0,61,61,0.0,2,False,2,2026-09-26,11,Saturday,Weekend
2026-09-26 12:00:00-06:00,COR001,S003,78.0,78.0,132.0,132.0,0.0,0.0,1.0,1.0,78,78,0.0,2,False,2,2026-09-26,12,Saturday,Weekend
2026-09-26 12:30:00-06:00,COR001,S003,64.0,78.0,161.0,132.0,29.0,17.94871794871795,1.2196969696969695,1.0,64,64,0.0,2,False,2,2026-09-26,12,Saturday,Weekend
2026-09-26 13:00:00-06:00,COR001,S003,51.0,77.0,202.0,133.0,69.0,33.76623376623377,1.518796992481203,1.0,51,51,0.0,2,False,2,2026-09-26,13,Saturday,Weekend
2026-09-26 13:30:00-06:00,COR001,S003,52.0,78.0,198.0,132.0,66.0,33.33333333333333,1.5,1.0,52,52,0.0,2,False,2,2026-09-26,13,Saturday,Weekend
2026-09-26 14:00:00-06:00,COR001,S003,52.0,78.0,198.0,132.0,66.0,33.33333333333333,1.5,1.0,52,52,0.0,2,False,2,2026-09-26,14,Saturday,Weekend
2026-09-26 14:30:00-06:00,COR001,S003,50.0,78.0,206.0,132.0,74.0,35.8974358974359,1.5606060606060606,1.0,50,50,0.0,2,False,2,2026-09-26,14,Saturday,Weekend
2026-09-26 15:00:00-06:00,COR001,S003,53.0,77.0,194.0,133.0,61.0,31.16883116883117,1.4586466165413534,1.0,53,53,0.0,2,False,2,2026-09-26,15,Saturday,Weekend
2026-09-26 15:30:00-06:00,COR001,S003,57.0,77.0,180.0,133.0,47.0,25.97402597402597,1.3533834586466165,1.0,57,57,0.0,2,False,2,2026-09-26,15,Saturday,Weekend
2026-09-26 16:00:00-06:00,COR001,S003,50.0,77.0,206.0,133.0,73.0,35.064935064935064,1.5488721804511278,1.0,50,50,0.0,2,False,2,2026-09-26,16,Saturday,Weekend
2026-09-26 16:30:00-06:00,COR001,S003,57.0,77.0,180.0,133.0,47.0,25.97402597402597,1.3533834586466165,1.0,57,57,0.0,2,False,2,2026-09-26,16,Saturday,Weekend
2026-09-26 17:00:00-06:00,COR001,S003,54.0,78.0,190.0,132.0,58.0,30.76923076923077,1.4393939393939394,1.0,54,54,0.0,2,False,2,2026-09-26,17,Saturday,Weekend
2026-09-26 17:30:00-06:00,COR001,S003,53.0,78.0,194.0,132.0,62.0,32.05128205128205,1.4696969696969695,1.0,53,53,0.0,2,False,2,2026-09-26,17,Saturday,Weekend
2026-09-26 18:00:00-06:00,COR001,S003,78.0,78.0,132.0,132.0,0.0,0.0,1.0,1.0,78,78,0.0,2,False,2,2026-09-26,18,Saturday,Weekend
2026-09-26 18:30:00-06:00,COR001,S003,60.0,78.0,171.0,132.0,39.0,23.07692307692308,1.2954545454545454,1.0,60,60,0.0,2,False,2,2026-09-26,18,Saturday,Weekend
2026-09-26 19:00:00-06:00,COR001,S003,56.0,77.0,184.0,133.0,51.0,27.27272727272727,1.3834586466165413,1.0,56,56,0.0,2,False,2,2026-09-26,19,Saturday,Weekend
2026-09-26 19:30:00-06:00,COR001,S003,57.0,77.0,180.0,133.0,47.0,25.97402597402597,1.3533834586466165,1.0,57,57,0.0,2,False,2,2026-09-26,19,Saturday,Weekend
2026-09-26 20:00:00-06:00,COR001,S003,54.0,77.0,190.0,133.0,57.0,29.87012987012987,1.4285714285714286,1.0,54,54,0.0,2,False,2,2026-09-26,20,Saturday,Weekend
2026-09-26 20:30:00-06:00,COR001,S003,59.0,78.0,174.0,132.0,42.0,24.35897435897436,1.318181818181818,1.0,59,59,0.0,2,False,2,2026-09-26,20,Saturday,Weekend
2026-09-26 21:00:00-06:00,COR001,S003,78.0,78.0,132.0,132.0,0.0,0.0,1.0,1.0,78,78,0.0,2,False,2,2026-09-26,21,Saturday,Weekend
2026-09-26 21:30:00-06:00,COR001,S003,63.0,78.0,163.0,132.0,31.0,19.23076923076924,1.2348484848484849,1.0,63,63,0.0,2,False,2,2026-09-26,21,Saturday,Weekend
2026-09-26 22:00:00-06:00,COR001,S003,78.0,78.0,132.0,132.0,0.0,0.0,1.0,1.0,78,78,0.0,2,False,2,2026-09-26,22,Saturday,Weekend
2026-09-26 22:30:00-06:00,COR001,S003,78.0,78.0,132.0,132.0,0.0,0.0,1.0,1.0,78,78,0.0,2,False,2,2026-09-26,22,Saturday,Weekend
2026-09-26 23:00:00-06:00,COR001,S003,78.0,78.0,132.0,132.0,0.0,0.0,1.0,1.0,78,78,0.0,2,False,2,2026-09-26,23,Saturday,Weekend
2026-09-26 23:30:00-06:00,COR001,S003,78.0,78.0,132.0,132.0,0.0,0.0,1.0,1.0,78,78,0.0,2,False,2,2026-09-26,23,Saturday,Weekend
2026-09-27 00:00:00-06:00,COR001,S003,78.0,78.0,132.0,132.0,0.0,0.0,1.0,1.0,78,78,0.0,2,False,2,2026-09-27,0,Sunday,Weekend
2026-09-27 00:30:00-06:00,COR001,S003,78.0,78.0,132.0,132.0,0.0,0.0,1.0,1.0,78,78,0.0,2,False,2,2026-09-27,0,Sunday,Weekend
2026-09-27 01:00:00-06:00,COR001,S003,78.0,78.0,132.0,132.0,0.0,0.0,1.0,1.0,78,78,0.0,2,False,2,2026-09-27,1,Sunday,Weekend
2026-09-27 01:30:00-06:00,COR001,S003,78.0,78.0,132.0,132.0,0.0,0.0,1.0,1.0,78,78,0.0,2,False,2,2026-09-27,1,Sunday,Weekend
2026-09-27 02:00:00-06:00,COR001,S003,78.0,78.0,132.0,132.0,0.0,0.0,1.0,1.0,78,78,0.0,2,False,2,2026-09-27,2,Sunday,Weekend
2026-09-27 02:30:00-06:00,COR001,S003,78.0,78.0,132.0,132.0,0.0,0.0,1.0,1.0,78,78,0.0,2,False,2,2026-09-27,2,Sunday,Weekend
2026-09-27 03:00:00-06:00,COR001,S003,78.0,78.0,132.0,132.0,0.0,0.0,1.0,1.0,78,78,0.0,2,False,2,2026-09-27,3,Sunday,Weekend
2026-09-27 03:30:00-06:00,COR001,S003,78.0,78.0,132.0,132.0,0.0,0.0,1.0,1.0,78,78,0.0,2,False,2,2026-09-27,3,Sunday,Weekend
2026-09-27 04:00:00-06:00,COR001,S003,78.0,78.0,132.0,132.0,0.0,0.0,1.0,1.0,78,78,0.0,2,False,2,2026-09-27,4,Sunday,Weekend
2026-09-27 04:30:00-06:00,COR001,S003,78.0,78.0,132.0,132.0,0.0,0.0,1.0,1.0,78,78,0.0,2,False,2,2026-09-27,4,Sunday,Weekend
2026-09-27 05:00:00-06:00,COR001,S003,78.0,78.0,132.0,132.0,0.0,0.0,1.0,1.0,78,78,0.0,2,False,2,2026-09-27,5,Sunday,Weekend
2026-09-27 05:30:00-06:00,COR001,S003,78.0,78.0,132.0,132.0,0.0,0.0,1.0,1.0,78,78,0.0,2,False,2,2026-09-27,5,Sunday,Weekend
2026-09-27 06:00:00-06:00,COR001,S003,78.0,78.0,132.0,132.0,0.0,0.0,1.0,1.0,78,78,0.0,2,False,2,2026-09-27,6,Sunday,Weekend
2026-09-27 06:30:00-06:00,COR001,S003,78.0,78.0,132.0,132.0,0.0,0.0,1.0,1.0,78,78,0.0,2,False,2,2026-09-27,6,Sunday,Weekend
2026-09-27 07:00:00-06:00,COR001,S003,78.0,78.0,132.0,132.0,0.0,0.0,1.0,1.0,78,78,0.0,2,False,2,2026-09-27,7,Sunday,Weekend
2026-09-27 07:30:00-06:00,COR001,S003,78.0,78.0,132.0,132.0,0.0,0.0,1.0,1.0,78,78,0.0,2,False,2,2026-09-27,7,Sunday,Weekend
2026-09-27 08:00:00-06:00,COR001,S003,78.0,78.0,132.0,132.0,0.0,0.0,1.0,1.0,78,78,0.0,2,False,2,2026-09-27,8,Sunday,Weekend
2026-09-27 08:30:00-06:00,COR001,S003,78.0,78.0,132.0,132.0,0.0,0.0,1.0,1.0,78,78,0.0,2,False,2,2026-09-27,8,Sunday,Weekend
2026-09-27 09:00:00-06:00,COR001,S003,78.0,78.0,132.0,132.0,0.0,0.0,1.0,1.0,78,78,0.0,2,False,2,2026-09-27,9,Sunday,Weekend
2026-09-27 09:30:00-06:00,COR001,S003,78.0,78.0,132.0,132.0,0.0,0.0,1.0,1.0,78,78,0.0,2,False,2,2026-09-27,9,Sunday,Weekend
2026-09-27 10:00:00-06:00,COR001,S003,78.0,78.0,132.0,132.0,0.0,0.0,1.0,1.0,78,78,0.0,2,False,2,2026-09-27,10,Sunday,Weekend
2026-09-27 10:30:00-06:00,COR001,S003,78.0,78.0,132.0,132.0,0.0,0.0,1.0,1.0,78,78,0.0,2,False,2,2026-09-27,10,Sunday,Weekend
2026-09-27 11:00:00-06:00,COR001,S003,78.0,78.0,132.0,132.0,0.0,0.0,1.0,1.0,78,78,0.0,2,False,2,2026-09-27,11,Sunday,Weekend
2026-09-27 11:30:00-06:00,COR001,S003,78.0,78.0,132.0,132.0,0.0,0.0,1.0,1.0,78,78,0.0,2,False,2,2026-09-27,11,Sunday,Weekend
2026-09-27 12:00:00-06:00,COR001,S003,78.0,78.0,132.0,132.0,0.0,0.0,1.0,1.0,78,78,0.0,2,False,2,2026-09-27,12,Sunday,Weekend
2026-09-27 12:30:00-06:00,COR001,S003,78.0,78.0,132.0,132.0,0.0,0.0,1.0,1.0,78,78,0.0,2,False,2,2026-09-27,12,Sunday,Weekend
2026-09-27 13:00:00-06:00,COR001,S003,78.0,78.0,132.0,132.0,0.0,0.0,1.0,1.0,78,78,0.0,2,False,2,2026-09-27,13,Sunday,Weekend
2026-09-27 13:30:00-06:00,COR001,S003,78.0,78.0,132.0,132.0,0.0,0.0,1.0,1.0,78,78,0.0,2,False,2,2026-09-27,13,Sunday,Weekend
2026-09-27 14:00:00-06:00,COR001,S003,57.0,77.0,180.0,133.0,47.0,25.97402597402597,1.3533834586466165,1.0,57,57,0.0,2,False,2,2026-09-27,14,Sunday,Weekend
2026-09-27 14:30:00-06:00,COR001,S003,61.0,78.0,169.0,132.0,37.0,21.7948717948718,1.2803030303030305,1.0,61,61,0.0,2,False,2,2026-09-27,14,Sunday,Weekend
2026-09-27 15:00:00-06:00,COR001,S003,61.0,77.0,169.0,133.0,36.0,20.77922077922078,1.2706766917293233,1.0,61,61,0.0,2,False,2,2026-09-27,15,Sunday,Weekend
2026-09-27 15:30:00-06:00,COR001,S003,61.0,78.0,169.0,132.0,37.0,21.7948717948718,1.2803030303030305,1.0,61,61,0.0,2,False,2,2026-09-27,15,Sunday,Weekend
2026-09-27 16:00:00-06:00,COR001,S003,56.0,77.0,184.0,133.0,51.0,27.27272727272727,1.3834586466165413,1.0,56,56,0.0,2,False,2,2026-09-27,16,Sunday,Weekend
2026-09-27 16:30:00-06:00,COR001,S003,59.0,78.0,174.0,132.0,42.0,24.35897435897436,1.318181818181818,1.0,59,59,0.0,2,False,2,2026-09-27,16,Sunday,Weekend
2026-09-27 17:00:00-06:00,COR001,S003,59.0,78.0,174.0,132.0,42.0,24.35897435897436,1.318181818181818,1.0,59,59,0.0,2,False,2,2026-09-27,17,Sunday,Weekend
2026-09-27 17:30:00-06:00,COR001,S003,53.0,77.0,194.0,133.0,61.0,31.16883116883117,1.4586466165413534,1.0,53,53,0.0,2,False,2,2026-09-27,17,Sunday,Weekend
2026-09-27 18:00:00-06:00,COR001,S003,54.0,77.0,190.0,133.0,57.0,29.87012987012987,1.4285714285714286,1.0,54,54,0.0,2,False,2,2026-09-27,18,Sunday,Weekend
2026-09-27 18:30:00-06:00,COR001,S003,50.0,78.0,206.0,132.0,74.0,35.8974358974359,1.5606060606060606,1.0,50,50,0.0,2,False,2,2026-09-27,18,Sunday,Weekend
2026-09-27 19:00:00-06:00,COR001,S003,56.0,77.0,184.0,133.0,51.0,27.27272727272727,1.3834586466165413,1.0,56,56,0.0,2,False,2,2026-09-27,19,Sunday,Weekend
2026-09-27 19:30:00-06:00,COR001,S003,50.0,77.0,206.0,133.0,73.0,35.064935064935064,1.5488721804511278,1.0,50,50,0.0,2,False,2,2026-09-27,19,Sunday,Weekend
2026-09-27 20:00:00-06:00,COR001,S003,57.0,78.0,180.0,132.0,48.0,26.923076923076923,1.3636363636363635,1.0,57,57,0.0,2,False,2,2026-09-27,20,Sunday,Weekend
2026-09-27 20:30:00-06:00,COR001,S003,58.0,78.0,177.0,132.0,45.0,25.64102564102564,1.3409090909090908,1.0,58,58,0.0,2,False,2,2026-09-27,20,Sunday,Weekend
2026-09-27 21:00:00-06:00,COR001,S003,62.0,77.0,166.0,133.0,33.0,19.480519480519483,1.2481203007518795,1.0,62,62,0.0,2,False,2,2026-09-27,21,Sunday,Weekend
2026-09-27 21:30:00-06:00,COR001,S003,60.0,77.0,171.0,133.0,38.0,22.07792207792208,1.2857142857142858,1.0,60,60,0.0,2,False,2,2026-09-27,21,Sunday,Weekend
2026-09-27 22:00:00-06:00,COR001,S003,78.0,78.0,132.0,132.0,0.0,0.0,1.0,1.0,78,78,0.0,2,False,2,2026-09-27,22,Sunday,Weekend
2026-09-27 22:30:00-06:00,COR001,S003,78.0,78.0,132.0,132.0,0.0,0.0,1.0,1.0,78,78,0.0,2,False,2,2026-09-27,22,Sunday,Weekend
2026-09-27 23:00:00-06:00,COR001,S003,78.0,78.0,132.0,132.0,0.0,0.0,1.0,1.0,78,78,0.0,2,False,2,2026-09-27,23,Sunday,Weekend
2026-09-27 23:30:00-06:00,COR001,S003,78.0,78.0,132.0,132.0,0.0,0.0,1.0,1.0,78,78,0.0,2,False,2,2026-09-27,23,Sunday,Weekend
2026-09-28 00:00:00-06:00,COR001,S003,78.0,78.0,132.0,132.0,0.0,0.0,1.0,1.0,78,78,0.0,2,False,2,2026-09-28,0,Monday,Weekday
2026-09-28 00:30:00-06:00,COR001,S003,78.0,78.0,132.0,132.0,0.0,0.0,1.0,1.0,78,78,0.0,2,False,2,2026-09-28,0,Monday,Weekday
2026-09-28 01:00:00-06:00,COR001,S003,78.0,78.0,132.0,132.0,0.0,0.0,1.0,1.0,78,78,0.0,2,False,2,2026-09-28,1,Monday,Weekday
2026-09-28 01:30:00-06:00,COR001,S003,78.0,78.0,132.0,132.0,0.0,0.0,1.0,1.0,78,78,0.0,2,False,2,2026-09-28,1,Monday,Weekday
2026-09-28 02:00:00-06:00,COR001,S003,78.0,78.0,132.0,132.0,0.0,0.0,1.0,1.0,78,78,0.0,2,False,2,2026-09-28,2,Monday,Weekday
2026-09-28 02:30:00-06:00,COR001,S003,78.0,78.0,132.0,132.0,0.0,0.0,1.0,1.0,78,78,0.0,2,False,2,2026-09-28,2,Monday,Weekday
2026-09-28 03:00:00-06:00,COR001,S003,78.0,78.0,132.0,132.0,0.0,0.0,1.0,1.0,78,78,0.0,2,False,2,2026-09-28,3,Monday,Weekday
2026-09-28 03:30:00-06:00,COR001,S003,78.0,78.0,132.0,132.0,0.0,0.0,1.0,1.0,78,78,0.0,2,False,2,2026-09-28,3,Monday,Weekday
2026-09-28 04:00:00-06:00,COR001,S003,78.0,78.0,132.0,132.0,0.0,0.0,1.0,1.0,78,78,0.0,2,False,2,2026-09-28,4,Monday,Weekday
2026-09-28 04:30:00-06:00,COR001,S003,78.0,78.0,132.0,132.0,0.0,0.0,1.0,1.0,78,78,0.0,2,False,2,2026-09-28,4,Monday,Weekday
2026-09-28 05:00:00-06:00,COR001,S003,78.0,78.0,132.0,132.0,0.0,0.0,1.0,1.0,78,78,0.0,2,False,2,2026-09-28,5,Monday,Weekday
2026-09-28 05:30:00-06:00,COR001,S003,78.0,78.0,132.0,132.0,0.0,0.0,1.0,1.0,78,78,0.0,2,False,2,2026-09-28,5,Monday,Weekday
2026-09-28 06:00:00-06:00,COR001,S003,78.0,78.0,132.0,132.0,0.0,0.0,1.0,1.0,78,78,0.0,2,False,2,2026-09-28,6,Monday,Weekday
2026-09-28 06:30:00-06:00,COR001,S003,78.0,78.0,132.0,132.0,0.0,0.0,1.0,1.0,78,78,0.0,2,False,2,2026-09-28,6,Monday,Weekday
2026-09-28 07:00:00-06:00,COR001,S003,78.0,78.0,132.0,132.0,0.0,0.0,1.0,1.0,78,78,0.0,2,False,2,2026-09-28,7,Monday,Weekday
2026-09-28 07:30:00-06:00,COR001,S003,53.0,77.0,194.0,133.0,61.0,31.16883116883117,1.4586466165413534,1.0,53,53,0.0,2,False,2,2026-09-28,7,Monday,Weekday
2026-09-28 08:00:00-06:00,COR001,S003,53.0,78.0,194.0,132.0,62.0,32.05128205128205,1.4696969696969695,1.0,53,53,0.0,2,False,2,2026-09-28,8,Monday,Weekday
2026-09-28 08:30:00-06:00,COR001,S003,56.0,78.0,184.0,132.0,52.0,28.205128205128204,1.393939393939394,1.0,56,56,0.0,2,False,2,2026-09-28,8,Monday,Weekday
2026-09-28 09:00:00-06:00,COR001,S003,57.0,78.0,180.0,132.0,48.0,26.923076923076923,1.3636363636363635,1.0,57,57,0.0,2,False,2,2026-09-28,9,Monday,Weekday
2026-09-28 09:30:00-06:00,COR001,S003,57.0,77.0,180.0,133.0,47.0,25.97402597402597,1.3533834586466165,1.0,57,57,0.0,2,False,2,2026-09-28,9,Monday,Weekday
2026-09-28 10:00:00-06:00,COR001,S003,59.0,77.0,174.0,133.0,41.0,23.37662337662337,1.3082706766917294,1.0,59,59,0.0,2,False,2,2026-09-28,10,Monday,Weekday
2026-09-28 10:30:00-06:00,COR001,S003,78.0,78.0,132.0,132.0,0.0,0.0,1.0,1.0,78,78,0.0,2,False,2,2026-09-28,10,Monday,Weekday
2026-09-28 11:00:00-06:00,COR001,S003,57.0,78.0,180.0,132.0,48.0,26.923076923076923,1.3636363636363635,1.0,57,57,0.0,2,False,2,2026-09-28,11,Monday,Weekday
2026-09-28 11:30:00-06:00,COR001,S003,78.0,78.0,132.0,132.0,0.0,0.0,1.0,1.0,78,78,0.0,2,False,2,2026-09-28,11,Monday,Weekday
2026-09-28 12:00:00-06:00,COR001,S003,78.0,78.0,132.0,132.0,0.0,0.0,1.0,1.0,78,78,0.0,2,False,2,2026-09-28,12,Monday,Weekday
2026-09-28 12:30:00-06:00,COR001,S003,63.0,77.0,163.0,133.0,30.0,18.181818181818183,1.2255639097744362,1.0,63,63,0.0,2,False,2,2026-09-28,12,Monday,Weekday
2026-09-28 13:00:00-06:00,COR001,S003,60.0,77.0,171.0,133.0,38.0,22.07792207792208,1.2857142857142858,1.0,60,60,0.0,2,False,2,2026-09-28,13,Monday,Weekday
2026-09-28 13:30:00-06:00,COR001,S003,62.0,78.0,166.0,132.0,34.0,20.51282051282051,1.2575757575757576,1.0,62,62,0.0,2,False,2,2026-09-28,13,Monday,Weekday
2026-09-28 14:00:00-06:00,COR001,S003,54.0,77.0,190.0,133.0,57.0,29.87012987012987,1.4285714285714286,1.0,54,54,0.0,2,False,2,2026-09-28,14,Monday,Weekday
2026-09-28 14:30:00-06:00,COR001,S003,53.0,77.0,194.0,133.0,61.0,31.16883116883117,1.4586466165413534,1.0,53,53,0.0,2,False,2,2026-09-28,14,Monday,Weekday
2026-09-28 15:00:00-06:00,COR001,S003,48.0,79.0,214.0,130.0,84.0,39.24050632911392,1.646153846153846,1.0,48,48,0.0,2,False,2,2026-09-28,15,Monday,Weekday
2026-09-28 15:30:00-06:00,COR001,S003,51.0,77.0,202.0,133.0,69.0,33.76623376623377,1.518796992481203,1.0,51,51,0.0,2,False,2,2026-09-28,15,Monday,Weekday
2026-09-28 16:00:00-06:00,COR001,S003,46.0,78.0,224.0,132.0,92.0,41.02564102564102,1.696969696969697,1.0,46,46,0.0,2,False,2,2026-09-28,16,Monday,Weekday
2026-09-28 16:30:00-06:00,COR001,S003,56.0,77.0,184.0,133.0,51.0,27.27272727272727,1.3834586466165413,1.0,56,56,0.0,2,False,2,2026-09-28,16,Monday,Weekday
2026-09-28 17:00:00-06:00,COR001,S003,78.0,78.0,132.0,132.0,0.0,0.0,1.0,1.0,78,78,0.0,2,False,2,2026-09-28,17,Monday,Weekday
2026-09-28 17:30:00-06:00,COR001,S003,53.0,77.0,194.0,133.0,61.0,31.16883116883117,1.4586466165413534,1.0,53,53,0.0,2,False,2,2026-09-28,17,Monday,Weekday
2026-09-28 18:00:00-06:00,COR001,S003,44.0,78.0,234.0,132.0,102.0,43.58974358974359,1.7727272727272727,1.0,44,44,0.0,2,False,2,2026-09-28,18,Monday,Weekday
2026-09-28 18:30:00-06:00,COR001,S003,54.0,77.0,190.0,133.0,57.0,29.87012987012987,1.4285714285714286,1.0,54,54,0.0,2,False,2,2026-09-28,18,Monday,Weekday
2026-09-28 19:00:00-06:00,COR001,S003,59.0,77.0,174.0,133.0,41.0,23.37662337662337,1.3082706766917294,1.0,59,59,0.0,2,False,2,2026-09-28,19,Monday,Weekday
2026-09-28 19:30:00-06:00,COR001,S003,54.0,78.0,190.0,132.0,58.0,30.76923076923077,1.4393939393939394,1.0,54,54,0.0,2,False,2,2026-09-28,19,Monday,Weekday
2026-09-28 20:00:00-06:00,COR001,S003,56.0,77.0,184.0,133.0,51.0,27.27272727272727,1.3834586466165413,1.0,56,56,0.0,2,False,2,2026-09-28,20,Monday,Weekday
2026-09-28 20:30:00-06:00,COR001,S003,57.0,77.0,180.0,133.0,47.0,25.97402597402597,1.3533834586466165,1.0,57,57,0.0,2,False,2,2026-09-28,20,Monday,Weekday
2026-09-28 21:00:00-06:00,COR001,S003,78.0,78.0,132.0,132.0,0.0,0.0,1.0,1.0,78,78,0.0,2,False,2,2026-09-28,21,Monday,Weekday
2026-09-28 21:30:00-06:00,COR001,S003,64.0,77.0,161.0,133.0,28.0,16.883116883116884,1.2105263157894737,1.0,64,64,0.0,2,False,2,2026-09-28,21,Monday,Weekday
2026-09-28 22:00:00-06:00,COR001,S003,78.0,78.0,132.0,132.0,0.0,0.0,1.0,1.0,78,78,0.0,2,False,2,2026-09-28,22,Monday,Weekday
2026-09-28 22:30:00-06:00,COR001,S003,78.0,78.0,132.0,132.0,0.0,0.0,1.0,1.0,78,78,0.0,2,False,2,2026-09-28,22,Monday,Weekday
2026-09-28 23:00:00-06:00,COR001,S003,78.0,78.0,132.0,132.0,0.0,0.0,1.0,1.0,78,78,0.0,2,False,2,2026-09-28,23,Monday,Weekday
2026-09-28 23:30:00-06:00,COR001,S003,78.0,78.0,132.0,132.0,0.0,0.0,1.0,1.0,78,78,0.0,2,False,2,2026-09-28,23,Monday,Weekday
2026-09-29 00:00:00-06:00,COR001,S003,78.0,78.0,132.0,132.0,0.0,0.0,1.0,1.0,78,78,0.0,2,False,2,2026-09-29,0,Tuesday,Weekday
2026-09-29 00:30:00-06:00,COR001,S003,78.0,78.0,132.0,132.0,0.0,0.0,1.0,1.0,78,78,0.0,2,False,2,2026-09-29,0,Tuesday,Weekday
2026-09-29 01:00:00-06:00,COR001,S003,78.0,78.0,132.0,132.0,0.0,0.0,1.0,1.0,78,78,0.0,2,False,2,2026-09-29,1,Tuesday,Weekday
2026-09-29 01:30:00-06:00,COR001,S003,78.0,78.0,132.0,132.0,0.0,0.0,1.0,1.0,78,78,0.0,2,False,2,2026-09-29,1,Tuesday,Weekday
2026-09-29 02:00:00-06:00,COR001,S003,78.0,78.0,132.0,132.0,0.0,0.0,1.0,1.0,78,78,0.0,2,False,2,2026-09-29,2,Tuesday,Weekday
2026-09-29 02:30:00-06:00,COR001,S003,78.0,78.0,132.0,132.0,0.0,0.0,1.0,1.0,78,78,0.0,2,False,2,2026-09-29,2,Tuesday,Weekday
2026-09-29 03:00:00-06:00,COR001,S003,78.0,78.0,132.0,132.0,0.0,0.0,1.0,1.0,78,78,0.0,2,False,2,2026-09-29,3,Tuesday,Weekday
2026-09-29 03:30:00-06:00,COR001,S003,78.0,78.0,132.0,132.0,0.0,0.0,1.0,1.0,78,78,0.0,2,False,2,2026-09-29,3,Tuesday,Weekday
2026-09-29 04:00:00-06:00,COR001,S003,78.0,78.0,132.0,132.0,0.0,0.0,1.0,1.0,78,78,0.0,2,False,2,2026-09-29,4,Tuesday,Weekday
2026-09-29 04:30:00-06:00,COR001,S003,78.0,78.0,132.0,132.0,0.0,0.0,1.0,1.0,78,78,0.0,2,False,2,2026-09-29,4,Tuesday,Weekday
2026-09-29 05:00:00-06:00,COR001,S003,78.0,78.0,132.0,132.0,0.0,0.0,1.0,1.0,78,78,0.0,2,False,2,2026-09-29,5,Tuesday,Weekday
2026-09-29 05:30:00-06:00,COR001,S003,78.0,78.0,132.0,132.0,0.0,0.0,1.0,1.0,78,78,0.0,2,False,2,2026-09-29,5,Tuesday,Weekday
2026-09-29 06:00:00-06:00,COR001,S003,78.0,78.0,132.0,132.0,0.0,0.0,1.0,1.0,78,78,0.0,2,False,2,2026-09-29,6,Tuesday,Weekday
2026-09-29 06:30:00-06:00,COR001,S003,73.0,78.0,141.0,132.0,9.0,6.41025641025641,1.068181818181818,1.0,73,73,0.0,2,False,2,2026-09-29,6,Tuesday,Weekday
2026-09-29 07:00:00-06:00,COR001,S003,78.0,78.0,132.0,132.0,0.0,0.0,1.0,1.0,78,78,0.0,2,False,2,2026-09-29,7,Tuesday,Weekday
2026-09-29 07:30:00-06:00,COR001,S003,53.0,77.0,194.0,133.0,61.0,31.16883116883117,1.4586466165413534,1.0,53,53,0.0,2,False,2,2026-09-29,7,Tuesday,Weekday
2026-09-29 08:00:00-06:00,COR001,S003,57.0,78.0,180.0,132.0,48.0,26.923076923076923,1.3636363636363635,1.0,57,57,0.0,2,False,2,2026-09-29,8,Tuesday,Weekday
2026-09-29 08:30:00-06:00,COR001,S003,55.0,77.0,187.0,133.0,54.0,28.57142857142857,1.406015037593985,1.0,55,55,0.0,2,False,2,2026-09-29,8,Tuesday,Weekday
2026-09-29 09:00:00-06:00,COR001,S003,54.0,77.0,190.0,133.0,57.0,29.87012987012987,1.4285714285714286,1.0,54,54,0.0,2,False,2,2026-09-29,9,Tuesday,Weekday
2026-09-29 10:00:00-06:00,COR001,S003,43.0,77.0,239.0,133.0,106.0,44.15584415584416,1.7969924812030076,1.0,43,43,0.0,2,False,2,2026-09-29,10,Tuesday,Weekday
2026-09-29 10:30:00-06:00,COR001,S003,54.0,78.0,190.0,132.0,58.0,30.76923076923077,1.4393939393939394,1.0,54,54,0.0,2,False,2,2026-09-29,10,Tuesday,Weekday
2026-09-29 11:00:00-06:00,COR001,S003,78.0,78.0,132.0,132.0,0.0,0.0,1.0,1.0,78,78,0.0,2,False,2,2026-09-29,11,Tuesday,Weekday
2026-09-29 11:30:00-06:00,COR001,S003,78.0,78.0,132.0,132.0,0.0,0.0,1.0,1.0,78,78,0.0,2,False,2,2026-09-29,11,Tuesday,Weekday
2026-09-29 12:00:00-06:00,COR001,S003,78.0,78.0,132.0,132.0,0.0,0.0,1.0,1.0,78,78,0.0,2,False,2,2026-09-29,12,Tuesday,Weekday
2026-09-29 12:30:00-06:00,COR001,S003,78.0,78.0,132.0,132.0,0.0,0.0,1.0,1.0,78,78,0.0,2,False,2,2026-09-29,12,Tuesday,Weekday
2026-09-29 13:00:00-06:00,COR001,S003,78.0,78.0,132.0,132.0,0.0,0.0,1.0,1.0,78,78,0.0,2,False,2,2026-09-29,13,Tuesday,Weekday
2026-09-29 13:30:00-06:00,COR001,S003,78.0,78.0,132.0,132.0,0.0,0.0,1.0,1.0,78,78,0.0,2,False,2,2026-09-29,13,Tuesday,Weekday
2026-09-29 14:00:00-06:00,COR001,S003,78.0,78.0,132.0,132.0,0.0,0.0,1.0,1.0,78,78,0.0,2,False,2,2026-09-29,14,Tuesday,Weekday
2026-09-29 14:30:00-06:00,COR001,S003,59.0,77.0,174.0,133.0,41.0,23.37662337662337,1.3082706766917294,1.0,59,59,0.0,2,False,2,2026-09-29,14,Tuesday,Weekday
2026-09-29 15:00:00-06:00,COR001,S003,61.0,78.0,169.0,132.0,37.0,21.7948717948718,1.2803030303030305,1.0,61,61,0.0,2,False,2,2026-09-29,15,Tuesday,Weekday
2026-09-29 15:30:00-06:00,COR001,S003,59.0,77.0,174.0,133.0,41.0,23.37662337662337,1.3082706766917294,1.0,59,59,0.0,2,False,2,2026-09-29,15,Tuesday,Weekday
2026-09-29 16:00:00-06:00,COR001,S003,55.0,77.0,187.0,133.0,54.0,28.57142857142857,1.406015037593985,1.0,55,55,0.0,2,False,2,2026-09-29,16,Tuesday,Weekday
2026-09-29 16:30:00-06:00,COR001,S003,52.0,77.0,198.0,133.0,65.0,32.467532467532465,1.4887218045112782,1.0,52,52,0.0,2,False,2,2026-09-29,16,Tuesday,Weekday
2026-09-29 17:00:00-06:00,COR001,S003,61.0,77.0,169.0,133.0,36.0,20.77922077922078,1.2706766917293233,1.0,61,61,0.0,2,False,2,2026-09-29,17,Tuesday,Weekday
2026-09-29 17:30:00-06:00,COR001,S003,54.0,78.0,190.0,132.0,58.0,30.76923076923077,1.4393939393939394,1.0,54,54,0.0,2,False,2,2026-09-29,17,Tuesday,Weekday
2026-09-29 18:00:00-06:00,COR001,S003,53.0,78.0,194.0,132.0,62.0,32.05128205128205,1.4696969696969695,1.0,53,53,0.0,2,False,2,2026-09-29,18,Tuesday,Weekday
2026-09-29 18:30:00-06:00,COR001,S003,45.0,77.0,229.0,133.0,96.0,41.55844155844156,1.7218045112781954,1.0,45,45,0.0,2,False,2,2026-09-29,18,Tuesday,Weekday
2026-09-29 19:00:00-06:00,COR001,S003,45.0,77.0,229.0,133.0,96.0,41.55844155844156,1.7218045112781954,1.0,45,45,0.0,2,False,2,2026-09-29,19,Tuesday,Weekday
2026-09-29 19:30:00-06:00,COR001,S003,54.0,77.0,190.0,133.0,57.0,29.87012987012987,1.4285714285714286,1.0,54,54,0.0,2,False,2,2026-09-29,19,Tuesday,Weekday
2026-09-29 20:00:00-06:00,COR001,S003,51.0,78.0,202.0,132.0,70.0,34.61538461538461,1.5303030303030305,1.0,51,51,0.0,2,False,2,2026-09-29,20,Tuesday,Weekday
2026-09-29 20:30:00-06:00,COR001,S003,56.0,77.0,184.0,133.0,51.0,27.27272727272727,1.3834586466165413,1.0,56,56,0.0,2,False,2,2026-09-29,20,Tuesday,Weekday
2026-09-29 21:00:00-06:00,COR001,S003,66.0,78.0,156.0,132.0,24.0,15.384615384615383,1.181818181818182,1.0,66,66,0.0,2,False,2,2026-09-29,21,Tuesday,Weekday
2026-09-29 21:30:00-06:00,COR001,S003,60.0,78.0,171.0,132.0,39.0,23.07692307692308,1.2954545454545454,1.0,60,60,0.0,2,False,2,2026-09-29,21,Tuesday,Weekday
2026-09-29 22:00:00-06:00,COR001,S003,78.0,78.0,132.0,132.0,0.0,0.0,1.0,1.0,78,78,0.0,2,False,2,2026-09-29,22,Tuesday,Weekday
2026-09-29 22:30:00-06:00,COR001,S003,78.0,78.0,132.0,132.0,0.0,0.0,1.0,1.0,78,78,0.0,2,False,2,2026-09-29,22,Tuesday,Weekday
2026-09-29 23:00:00-06:00,COR001,S003,78.0,78.0,132.0,132.0,0.0,0.0,1.0,1.0,78,78,0.0,2,False,2,2026-09-29,23,Tuesday,Weekday
2026-09-29 23:30:00-06:00,COR001,S003,78.0,78.0,132.0,132.0,0.0,0.0,1.0,1.0,78,78,0.0,2,False,2,2026-09-29,23,Tuesday,Weekday
2026-09-30 00:00:00-06:00,COR001,S003,78.0,78.0,132.0,132.0,0.0,0.0,1.0,1.0,78,78,0.0,2,False,2,2026-09-30,0,Wednesday,Weekday
2026-09-30 00:30:00-06:00,COR001,S003,78.0,78.0,132.0,132.0,0.0,0.0,1.0,1.0,78,78,0.0,2,False,2,2026-09-30,0,Wednesday,Weekday
2026-09-30 01:00:00-06:00,COR001,S003,78.0,78.0,132.0,132.0,0.0,0.0,1.0,1.0,78,78,0.0,2,False,2,2026-09-30,1,Wednesday,Weekday
2026-09-30 01:30:00-06:00,COR001,S003,78.0,78.0,132.0,132.0,0.0,0.0,1.0,1.0,78,78,0.0,2,False,2,2026-09-30,1,Wednesday,Weekday
2026-09-30 02:00:00-06:00,COR001,S003,78.0,78.0,132.0,132.0,0.0,0.0,1.0,1.0,78,78,0.0,2,False,2,2026-09-30,2,Wednesday,Weekday
2026-09-30 02:30:00-06:00,COR001,S003,78.0,78.0,132.0,132.0,0.0,0.0,1.0,1.0,78,78,0.0,2,False,2,2026-09-30,2,Wednesday,Weekday
2026-09-30 03:00:00-06:00,COR001,S003,78.0,78.0,132.0,132.0,0.0,0.0,1.0,1.0,78,78,0.0,2,False,2,2026-09-30,3,Wednesday,Weekday
2026-09-30 03:30:00-06:00,COR001,S003,78.0,78.0,132.0,132.0,0.0,0.0,1.0,1.0,78,78,0.0,2,False,2,2026-09-30,3,Wednesday,Weekday
2026-09-30 04:00:00-06:00,COR001,S003,78.0,78.0,132.0,132.0,0.0,0.0,1.0,1.0,78,78,0.0,2,False,2,2026-09-30,4,Wednesday,Weekday
2026-09-30 04:30:00-06:00,COR001,S003,78.0,78.0,132.0,132.0,0.0,0.0,1.0,1.0,78,78,0.0,2,False,2,2026-09-30,4,Wednesday,Weekday
2026-09-30 05:00:00-06:00,COR001,S003,78.0,78.0,132.0,132.0,0.0,0.0,1.0,1.0,78,78,0.0,2,False,2,2026-09-30,5,Wednesday,Weekday
2026-09-30 05:30:00-06:00,COR001,S003,69.0,78.0,149.0,132.0,17.0,11.538461538461538,1.128787878787879,0.974758,69,69,0.0,2,False,2,2026-09-30,5,Wednesday,Weekday
2026-09-30 06:00:00-06:00,COR001,S003,78.0,78.0,132.0,132.0,0.0,0.0,1.0,1.0,78,78,0.0,2,False,2,2026-09-30,6,Wednesday,Weekday
2026-09-30 06:30:00-06:00,COR001,S003,78.0,78.0,132.0,132.0,0.0,0.0,1.0,1.0,78,78,0.0,2,False,2,2026-09-30,6,Wednesday,Weekday
2026-09-30 07:00:00-06:00,COR001,S003,78.0,78.0,132.0,132.0,0.0,0.0,1.0,1.0,78,78,0.0,2,False,2,2026-09-30,7,Wednesday,Weekday
2026-09-30 07:30:00-06:00,COR001,S003,56.0,78.0,184.0,132.0,52.0,28.205128205128204,1.393939393939394,1.0,56,56,0.0,2,False,2,2026-09-30,7,Wednesday,Weekday
2026-09-30 08:00:00-06:00,COR001,S003,52.0,78.0,198.0,132.0,66.0,33.33333333333333,1.5,1.0,52,52,0.0,2,False,2,2026-09-30,8,Wednesday,Weekday
2026-09-30 08:30:00-06:00,COR001,S003,52.0,78.0,198.0,132.0,66.0,33.33333333333333,1.5,1.0,52,52,0.0,2,False,2,2026-09-30,8,Wednesday,Weekday
2026-09-30 09:00:00-06:00,COR001,S003,55.0,78.0,187.0,132.0,55.0,29.48717948717949,1.4166666666666667,1.0,55,55,0.0,2,False,2,2026-09-30,9,Wednesday,Weekday
2026-09-30 09:30:00-06:00,COR001,S003,59.0,77.0,174.0,133.0,41.0,23.37662337662337,1.3082706766917294,1.0,59,59,0.0,2,False,2,2026-09-30,9,Wednesday,Weekday
2026-09-30 10:00:00-06:00,COR001,S003,58.0,77.0,177.0,133.0,44.0,24.67532467532468,1.330827067669173,1.0,58,58,0.0,2,False,2,2026-09-30,10,Wednesday,Weekday
2026-09-30 10:30:00-06:00,COR001,S003,78.0,78.0,132.0,132.0,0.0,0.0,1.0,1.0,78,78,0.0,2,False,2,2026-09-30,10,Wednesday,Weekday
2026-09-30 11:00:00-06:00,COR001,S003,78.0,78.0,132.0,132.0,0.0,0.0,1.0,1.0,78,78,0.0,2,False,2,2026-09-30,11,Wednesday,Weekday
2026-09-30 11:30:00-06:00,COR001,S003,78.0,78.0,132.0,132.0,0.0,0.0,1.0,1.0,78,78,0.0,2,False,2,2026-09-30,11,Wednesday,Weekday
2026-09-30 12:00:00-06:00,COR001,S003,78.0,78.0,132.0,132.0,0.0,0.0,1.0,1.0,78,78,0.0,2,False,2,2026-09-30,12,Wednesday,Weekday
2026-09-30 12:30:00-06:00,COR001,S003,58.0,78.0,177.0,132.0,45.0,25.64102564102564,1.3409090909090908,1.0,58,58,0.0,2,False,2,2026-09-30,12,Wednesday,Weekday
2026-09-30 13:00:00-06:00,COR001,S003,78.0,78.0,132.0,132.0,0.0,0.0,1.0,1.0,78,78,0.0,2,False,2,2026-09-30,13,Wednesday,Weekday
2026-09-30 13:30:00-06:00,COR001,S003,51.0,77.0,202.0,133.0,69.0,33.76623376623377,1.518796992481203,1.0,51,51,0.0,2,False,2,2026-09-30,13,Wednesday,Weekday
2026-09-30 14:00:00-06:00,COR001,S003,45.0,77.0,229.0,133.0,96.0,41.55844155844156,1.7218045112781954,1.0,45,45,0.0,2,False,2,2026-09-30,14,Wednesday,Weekday
2026-09-30 14:30:00-06:00,COR001,S003,46.0,78.0,224.0,132.0,92.0,41.02564102564102,1.696969696969697,1.0,46,46,0.0,2,False,2,2026-09-30,14,Wednesday,Weekday
2026-09-30 15:00:00-06:00,COR001,S003,58.0,78.0,177.0,132.0,45.0,25.64102564102564,1.3409090909090908,1.0,58,58,0.0,2,False,2,2026-09-30,15,Wednesday,Weekday
2026-09-30 15:30:00-06:00,COR001,S003,57.0,78.0,180.0,132.0,48.0,26.923076923076923,1.3636363636363635,1.0,57,57,0.0,2,False,2,2026-09-30,15,Wednesday,Weekday
2026-09-30 16:00:00-06:00,COR001,S003,60.0,77.0,171.0,133.0,38.0,22.07792207792208,1.2857142857142858,1.0,60,60,0.0,2,False,2,2026-09-30,16,Wednesday,Weekday
2026-09-30 16:30:00-06:00,COR001,S003,54.0,77.0,190.0,133.0,57.0,29.87012987012987,1.4285714285714286,1.0,54,54,0.0,2,False,2,2026-09-30,16,Wednesday,Weekday
2026-09-30 17:00:00-06:00,COR001,S003,52.0,77.0,198.0,133.0,65.0,32.467532467532465,1.4887218045112782,1.0,52,52,0.0,2,False,2,2026-09-30,17,Wednesday,Weekday
2026-09-30 17:30:00-06:00,COR001,S003,46.0,77.0,224.0,133.0,91.0,40.25974025974026,1.6842105263157894,1.0,46,46,0.0,2,False,2,2026-09-30,17,Wednesday,Weekday
2026-09-30 18:00:00-06:00,COR001,S003,56.0,77.0,184.0,133.0,51.0,27.27272727272727,1.3834586466165413,1.0,56,56,0.0,2,False,2,2026-09-30,18,Wednesday,Weekday
2026-09-30 18:30:00-06:00,COR001,S003,44.0,77.0,234.0,133.0,101.0,42.85714285714285,1.7593984962406015,1.0,44,44,0.0,2,False,2,2026-09-30,18,Wednesday,Weekday
2026-09-30 19:00:00-06:00,COR001,S003,43.0,77.0,239.0,133.0,106.0,44.15584415584416,1.7969924812030076,1.0,43,43,0.0,2,False,2,2026-09-30,19,Wednesday,Weekday
2026-09-30 19:30:00-06:00,COR001,S003,49.0,77.0,210.0,133.0,77.0,36.36363636363637,1.5789473684210529,1.0,49,49,0.0,2,False,2,2026-09-30,19,Wednesday,Weekday
2026-09-30 20:00:00-06:00,COR001,S003,52.0,77.0,198.0,133.0,65.0,32.467532467532465,1.4887218045112782,1.0,52,52,0.0,2,False,2,2026-09-30,20,Wednesday,Weekday
2026-09-30 20:30:00-06:00,COR001,S003,45.0,77.0,229.0,133.0,96.0,41.55844155844156,1.7218045112781954,1.0,45,45,0.0,2,False,2,2026-09-30,20,Wednesday,Weekday
2026-09-30 21:00:00-06:00,COR001,S003,63.0,78.0,163.0,132.0,31.0,19.23076923076924,1.2348484848484849,1.0,63,63,0.0,2,False,2,2026-09-30,21,Wednesday,Weekday
2026-09-30 21:30:00-06:00,COR001,S003,78.0,78.0,132.0,132.0,0.0,0.0,1.0,1.0,78,78,0.0,2,False,2,2026-09-30,21,Wednesday,Weekday
2026-09-30 22:00:00-06:00,COR001,S003,78.0,78.0,132.0,132.0,0.0,0.0,1.0,1.0,78,78,0.0,2,False,2,2026-09-30,22,Wednesday,Weekday
2026-09-30 22:30:00-06:00,COR001,S003,78.0,78.0,132.0,132.0,0.0,0.0,1.0,1.0,78,78,0.0,2,False,2,2026-09-30,22,Wednesday,Weekday
2026-09-30 23:00:00-06:00,COR001,S003,78.0,78.0,132.0,132.0,0.0,0.0,1.0,1.0,78,78,0.0,2,False,2,2026-09-30,23,Wednesday,Weekday
2026-09-30 23:30:00-06:00,COR001,S003,78.0,78.0,132.0,132.0,0.0,0.0,1.0,1.0,78,78,0.0,2,False,2,2026-09-30,23,Wednesday,Weekday
2026-10-01 00:00:00-06:00,COR001,S003,78.0,78.0,132.0,132.0,0.0,0.0,1.0,1.0,78,78,0.0,2,False,2,2026-10-01,0,Thursday,Weekday
2026-10-01 00:30:00-06:00,COR001,S003,78.0,78.0,132.0,132.0,0.0,0.0,1.0,1.0,78,78,0.0,2,False,2,2026-10-01,0,Thursday,Weekday
2026-10-01 01:00:00-06:00,COR001,S003,78.0,78.0,132.0,132.0,0.0,0.0,1.0,1.0,78,78,0.0,2,False,2,2026-10-01,1,Thursday,Weekday
2026-10-01 01:30:00-06:00,COR001,S003,78.0,78.0,132.0,132.0,0.0,0.0,1.0,1.0,78,78,0.0,2,False,2,2026-10-01,1,Thursday,Weekday
2026-10-01 02:00:00-06:00,COR001,S003,78.0,78.0,132.0,132.0,0.0,0.0,1.0,1.0,78,78,0.0,2,False,2,2026-10-01,2,Thursday,Weekday
2026-10-01 02:30:00-06:00,COR001,S003,78.0,78.0,132.0,132.0,0.0,0.0,1.0,1.0,78,78,0.0,2,False,2,2026-10-01,2,Thursday,Weekday
2026-10-01 03:00:00-06:00,COR001,S003,78.0,78.0,132.0,132.0,0.0,0.0,1.0,1.0,78,78,0.0,2,False,2,2026-10-01,3,Thursday,Weekday
2026-10-01 03:30:00-06:00,COR001,S003,78.0,78.0,132.0,132.0,0.0,0.0,1.0,1.0,78,78,0.0,2,False,2,2026-10-01,3,Thursday,Weekday
2026-10-01 04:00:00-06:00,COR001,S003,78.0,78.0,132.0,132.0,0.0,0.0,1.0,1.0,78,78,0.0,2,False,2,2026-10-01,4,Thursday,Weekday
2026-10-01 04:30:00-06:00,COR001,S003,78.0,78.0,132.0,132.0,0.0,0.0,1.0,1.0,78,78,0.0,2,False,2,2026-10-01,4,Thursday,Weekday
2026-10-01 05:00:00-06:00,COR001,S003,78.0,78.0,132.0,132.0,0.0,0.0,1.0,1.0,78,78,0.0,2,False,2,2026-10-01,5,Thursday,Weekday
2026-10-01 05:30:00-06:00,COR001,S003,78.0,78.0,132.0,132.0,0.0,0.0,1.0,1.0,78,78,0.0,2,False,2,2026-10-01,5,Thursday,Weekday
2026-10-01 06:00:00-06:00,COR001,S003,78.0,78.0,132.0,132.0,0.0,0.0,1.0,1.0,78,78,0.0,2,False,2,2026-10-01,6,Thursday,Weekday
2026-10-01 06:30:00-06:00,COR001,S003,78.0,78.0,132.0,132.0,0.0,0.0,1.0,1.0,78,78,0.0,2,False,2,2026-10-01,6,Thursday,Weekday
2026-10-01 07:00:00-06:00,COR001,S003,66.0,78.0,156.0,132.0,24.0,15.384615384615383,1.181818181818182,1.0,66,66,0.0,2,False,2,2026-10-01,7,Thursday,Weekday
2026-10-01 07:30:00-06:00,COR001,S003,54.0,77.0,190.0,133.0,57.0,29.87012987012987,1.4285714285714286,1.0,54,54,0.0,2,False,2,2026-10-01,7,Thursday,Weekday
2026-10-01 08:00:00-06:00,COR001,S003,57.0,77.0,180.0,133.0,47.0,25.97402597402597,1.3533834586466165,1.0,57,57,0.0,2,False,2,2026-10-01,8,Thursday,Weekday
2026-10-01 08:30:00-06:00,COR001,S003,53.0,78.0,194.0,132.0,62.0,32.05128205128205,1.4696969696969695,1.0,53,53,0.0,2,False,2,2026-10-01,8,Thursday,Weekday
2026-10-01 09:00:00-06:00,COR001,S003,49.0,78.0,210.0,132.0,78.0,37.17948717948718,1.5909090909090908,1.0,49,49,0.0,2,False,2,2026-10-01,9,Thursday,Weekday
2026-10-01 09:30:00-06:00,COR001,S003,78.0,78.0,132.0,132.0,0.0,0.0,1.0,1.0,78,78,0.0,2,False,2,2026-10-01,9,Thursday,Weekday
2026-10-01 10:00:00-06:00,COR001,S003,78.0,78.0,132.0,132.0,0.0,0.0,1.0,1.0,78,78,0.0,2,False,2,2026-10-01,10,Thursday,Weekday
2026-10-01 10:30:00-06:00,COR001,S003,60.0,77.0,171.0,133.0,38.0,22.07792207792208,1.2857142857142858,1.0,60,60,0.0,2,False,2,2026-10-01,10,Thursday,Weekday
2026-10-01 11:00:00-06:00,COR001,S003,78.0,78.0,132.0,132.0,0.0,0.0,1.0,1.0,78,78,0.0,2,False,2,2026-10-01,11,Thursday,Weekday
2026-10-01 11:30:00-06:00,COR001,S003,65.0,78.0,158.0,132.0,26.0,16.666666666666664,1.196969696969697,1.0,65,65,0.0,2,False,2,2026-10-01,11,Thursday,Weekday
2026-10-01 12:00:00-06:00,COR001,S003,78.0,78.0,132.0,132.0,0.0,0.0,1.0,1.0,78,78,0.0,2,False,2,2026-10-01,12,Thursday,Weekday
2026-10-01 12:30:00-06:00,COR001,S003,78.0,78.0,132.0,132.0,0.0,0.0,1.0,1.0,78,78,0.0,2,False,2,2026-10-01,12,Thursday,Weekday
2026-10-01 13:00:00-06:00,COR001,S003,54.0,77.0,190.0,133.0,57.0,29.87012987012987,1.4285714285714286,1.0,54,54,0.0,2,False,2,2026-10-01,13,Thursday,Weekday
2026-10-01 13:30:00-06:00,COR001,S003,55.0,78.0,187.0,132.0,55.0,29.48717948717949,1.4166666666666667,1.0,55,55,0.0,2,False,2,2026-10-01,13,Thursday,Weekday
2026-10-01 14:00:00-06:00,COR001,S003,61.0,78.0,169.0,132.0,37.0,21.7948717948718,1.2803030303030305,1.0,61,61,0.0,2,False,2,2026-10-01,14,Thursday,Weekday
2026-10-01 14:30:00-06:00,COR001,S003,57.0,77.0,180.0,133.0,47.0,25.97402597402597,1.3533834586466165,1.0,57,57,0.0,2,False,2,2026-10-01,14,Thursday,Weekday
2026-10-01 15:00:00-06:00,COR001,S003,62.0,78.0,166.0,132.0,34.0,20.51282051282051,1.2575757575757576,1.0,62,62,0.0,2,False,2,2026-10-01,15,Thursday,Weekday
2026-10-01 15:30:00-06:00,COR001,S003,59.0,77.0,174.0,133.0,41.0,23.37662337662337,1.3082706766917294,1.0,59,59,0.0,2,False,2,2026-10-01,15,Thursday,Weekday
2026-10-01 16:00:00-06:00,COR001,S003,57.0,77.0,180.0,133.0,47.0,25.97402597402597,1.3533834586466165,1.0,57,57,0.0,2,False,2,2026-10-01,16,Thursday,Weekday
2026-10-01 16:30:00-06:00,COR001,S003,60.0,77.0,171.0,133.0,38.0,22.07792207792208,1.2857142857142858,1.0,60,60,0.0,2,False,2,2026-10-01,16,Thursday,Weekday
2026-10-01 17:00:00-06:00,COR001,S003,78.0,78.0,132.0,132.0,0.0,0.0,1.0,1.0,78,78,0.0,2,False,2,2026-10-01,17,Thursday,Weekday
2026-10-01 17:30:00-06:00,COR001,S003,78.0,78.0,132.0,132.0,0.0,0.0,1.0,1.0,78,78,0.0,2,False,2,2026-10-01,17,Thursday,Weekday
2026-10-01 18:00:00-06:00,COR001,S003,52.0,77.0,198.0,133.0,65.0,32.467532467532465,1.4887218045112782,1.0,52,52,0.0,2,False,2,2026-10-01,18,Thursday,Weekday
2026-10-01 18:30:00-06:00,COR001,S003,53.0,77.0,194.0,133.0,61.0,31.16883116883117,1.4586466165413534,1.0,53,53,0.0,2,False,2,2026-10-01,18,Thursday,Weekday
2026-10-01 19:00:00-06:00,COR001,S003,56.0,77.0,184.0,133.0,51.0,27.27272727272727,1.3834586466165413,1.0,56,56,0.0,2,False,2,2026-10-01,19,Thursday,Weekday
2026-10-01 19:30:00-06:00,COR001,S003,53.0,77.0,194.0,133.0,61.0,31.16883116883117,1.4586466165413534,1.0,53,53,0.0,2,False,2,2026-10-01,19,Thursday,Weekday
2026-10-01 20:00:00-06:00,COR001,S003,50.0,77.0,206.0,133.0,73.0,35.064935064935064,1.5488721804511278,1.0,50,50,0.0,2,False,2,2026-10-01,20,Thursday,Weekday
2026-10-01 20:30:00-06:00,COR001,S003,78.0,78.0,132.0,132.0,0.0,0.0,1.0,1.0,78,78,0.0,2,False,2,2026-10-01,20,Thursday,Weekday
2026-10-01 21:00:00-06:00,COR001,S003,78.0,78.0,132.0,132.0,0.0,0.0,1.0,1.0,78,78,0.0,2,False,2,2026-10-01,21,Thursday,Weekday
2026-10-01 21:30:00-06:00,COR001,S003,63.0,77.0,163.0,133.0,30.0,18.181818181818183,1.2255639097744362,0.997153,63,63,0.0,2,False,2,2026-10-01,21,Thursday,Weekday
2026-10-01 22:00:00-06:00,COR001,S003,78.0,78.0,132.0,132.0,0.0,0.0,1.0,1.0,78,78,0.0,2,False,2,2026-10-01,22,Thursday,Weekday
