timestamp_30min,corridor_id,monitor_point_id,segment_id,avg_current_speed,avg_free_flow_speed,avg_current_travel_time,avg_free_flow_travel_time,avg_delay_seconds,avg_speed_loss_pct,avg_travel_time_ratio,avg_confidence,min_current_speed,max_current_speed,std_current_speed,observations,road_closure,date_local,hour_local,day_of_week,day_type
2026-09-24 19:00:00-06:00,COR001,MP001,S001,50.0,70.0,265.0,189.0,76.0,28.57142857142857,1.402116402116402,1.0,50,50,0.0,1,False,2026-09-24,19,Thursday,Weekday
2026-09-24 19:00:00-06:00,COR001,MP002,S001,50.0,70.0,265.0,189.0,76.0,28.57142857142857,1.402116402116402,1.0,50,50,0.0,1,False,2026-09-24,19,Thursday,Weekday
2026-09-24 19:00:00-06:00,COR001,MP003,S002,31.0,69.0,58.0,26.0,32.0,55.072463768115945,2.230769230769231,1.0,31,31,0.0,1,False,2026-09-24,19,Thursday,Weekday
2026-09-24 19:00:00-06:00,COR001,MP004,S002,20.0,64.0,375.0,117.0,258.0,68.75,3.2051282051282053,1.0,20,20,0.0,1,False,2026-09-24,19,Thursday,Weekday
2026-09-24 19:00:00-06:00,COR001,MP005,S003,55.0,78.0,187.0,132.0,55.0,29.48717948717949,1.4166666666666667,1.0,55,55,0.0,1,False,2026-09-24,19,Thursday,Weekday
2026-09-24 19:00:00-06:00,COR001,MP006,S003,55.0,78.0,187.0,132.0,55.0,29.48717948717949,1.4166666666666667,1.0,55,55,0.0,1,False,2026-09-24,19,Thursday,Weekday
2026-09-24 23:30:00-06:00,COR001,MP001,S001,71.0,71.0,186.0,186.0,0.0,0.0,1.0,1.0,71,71,0.0,1,False,2026-09-24,23,Thursday,Weekday
2026-09-24 23:30:00-06:00,COR001,MP002,S001,71.0,71.0,186.0,186.0,0.0,0.0,1.0,1.0,71,71,0.0,1,False,2026-09-24,23,Thursday,Weekday
2026-09-24 23:30:00-06:00,COR001,MP003,S002,69.0,69.0,26.0,26.0,0.0,0.0,1.0,1.0,69,69,0.0,1,False,2026-09-24,23,Thursday,Weekday
2026-09-24 23:30:00-06:00,COR001,MP004,S002,64.0,64.0,117.0,117.0,0.0,0.0,1.0,1.0,64,64,0.0,1,False,2026-09-24,23,Thursday,Weekday
2026-09-24 23:30:00-06:00,COR001,MP005,S003,78.0,78.0,132.0,132.0,0.0,0.0,1.0,1.0,78,78,0.0,1,False,2026-09-24,23,Thursday,Weekday
2026-09-24 23:30:00-06:00,COR001,MP006,S003,78.0,78.0,132.0,132.0,0.0,0.0,1.0,1.0,78,78,0.0,1,False,2026-09-24,23,Thursday,Weekday
2026-09-25 05:30:00-06:00,COR001,MP001,S001,71.0,71.0,186.0,186.0,0.0,0.0,1.0,1.0,71,71,0.0,1,False,2026-09-25,5,Friday,Weekday
2026-09-25 05:30:00-06:00,COR001,MP002,S001,71.0,71.0,186.0,186.0,0.0,0.0,1.0,1.0,71,71,0.0,1,False,2026-09-25,5,Friday,Weekday
2026-09-25 05:30:00-06:00,COR001,MP003,S002,69.0,69.0,26.0,26.0,0.0,0.0,1.0,1.0,69,69,0.0,1,False,2026-09-25,5,Friday,Weekday
2026-09-25 05:30:00-06:00,COR001,MP004,S002,64.0,64.0,117.0,117.0,0.0,0.0,1.0,1.0,64,64,0.0,1,False,2026-09-25,5,Friday,Weekday
2026-09-25 05:30:00-06:00,COR001,MP005,S003,78.0,78.0,132.0,132.0,0.0,0.0,1.0,1.0,78,78,0.0,1,False,2026-09-25,5,Friday,Weekday
2026-09-25 05:30:00-06:00,COR001,MP006,S003,78.0,78.0,132.0,132.0,0.0,0.0,1.0,1.0,78,78,0.0,1,False,2026-09-25,5,Friday,Weekday
2026-09-25 09:00:00-06:00,COR001,MP001,S001,71.0,71.0,186.0,186.0,0.0,0.0,1.0,1.0,71,71,0.0,1,False,2026-09-25,9,Friday,Weekday
2026-09-25 09:00:00-06:00,COR001,MP002,S001,71.0,71.0,186.0,186.0,0.0,0.0,1.0,1.0,71,71,0.0,1,False,2026-09-25,9,Friday,Weekday
2026-09-25 09:00:00-06:00,COR001,MP003,S002,69.0,69.0,26.0,26.0,0.0,0.0,1.0,1.0,69,69,0.0,1,False,2026-09-25,9,Friday,Weekday
2026-09-25 09:00:00-06:00,COR001,MP004,S002,52.0,63.0,144.0,119.0,25.0,17.46031746031746,1.2100840336134453,0.99684,52,52,0.0,1,False,2026-09-25,9,Friday,Weekday
2026-09-25 09:00:00-06:00,COR001,MP005,S003,55.0,77.0,187.0,133.0,54.0,28.57142857142857,1.406015037593985,1.0,55,55,0.0,1,False,2026-09-25,9,Friday,Weekday
2026-09-25 09:00:00-06:00,COR001,MP006,S003,55.0,77.0,187.0,133.0,54.0,28.57142857142857,1.406015037593985,1.0,55,55,0.0,1,False,2026-09-25,9,Friday,Weekday
2026-09-25 10:00:00-06:00,COR001,MP001,S001,71.0,71.0,186.0,186.0,0.0,0.0,1.0,1.0,71,71,0.0,1,False,2026-09-25,10,Friday,Weekday
2026-09-25 10:00:00-06:00,COR001,MP002,S001,71.0,71.0,186.0,186.0,0.0,0.0,1.0,1.0,71,71,0.0,1,False,2026-09-25,10,Friday,Weekday
2026-09-25 10:00:00-06:00,COR001,MP003,S002,69.0,69.0,26.0,26.0,0.0,0.0,1.0,1.0,69,69,0.0,1,False,2026-09-25,10,Friday,Weekday
2026-09-25 10:00:00-06:00,COR001,MP004,S002,64.0,64.0,117.0,117.0,0.0,0.0,1.0,1.0,64,64,0.0,1,False,2026-09-25,10,Friday,Weekday
2026-09-25 10:00:00-06:00,COR001,MP005,S003,78.0,78.0,132.0,132.0,0.0,0.0,1.0,1.0,78,78,0.0,1,False,2026-09-25,10,Friday,Weekday
2026-09-25 10:00:00-06:00,COR001,MP006,S003,78.0,78.0,132.0,132.0,0.0,0.0,1.0,1.0,78,78,0.0,1,False,2026-09-25,10,Friday,Weekday
2026-09-25 10:30:00-06:00,COR001,MP001,S001,71.0,71.0,186.0,186.0,0.0,0.0,1.0,1.0,71,71,0.0,1,False,2026-09-25,10,Friday,Weekday
2026-09-25 10:30:00-06:00,COR001,MP002,S001,71.0,71.0,186.0,186.0,0.0,0.0,1.0,1.0,71,71,0.0,1,False,2026-09-25,10,Friday,Weekday
2026-09-25 10:30:00-06:00,COR001,MP003,S002,69.0,69.0,26.0,26.0,0.0,0.0,1.0,1.0,69,69,0.0,1,False,2026-09-25,10,Friday,Weekday
2026-09-25 10:30:00-06:00,COR001,MP004,S002,64.0,64.0,117.0,117.0,0.0,0.0,1.0,1.0,64,64,0.0,1,False,2026-09-25,10,Friday,Weekday
2026-09-25 10:30:00-06:00,COR001,MP005,S003,78.0,78.0,132.0,132.0,0.0,0.0,1.0,1.0,78,78,0.0,1,False,2026-09-25,10,Friday,Weekday
2026-09-25 10:30:00-06:00,COR001,MP006,S003,78.0,78.0,132.0,132.0,0.0,0.0,1.0,1.0,78,78,0.0,1,False,2026-09-25,10,Friday,Weekday
2026-09-25 11:30:00-06:00,COR001,MP001,S001,71.0,71.0,186.0,186.0,0.0,0.0,1.0,1.0,71,71,0.0,1,False,2026-09-25,11,Friday,Weekday
2026-09-25 11:30:00-06:00,COR001,MP002,S001,71.0,71.0,186.0,186.0,0.0,0.0,1.0,1.0,71,71,0.0,1,False,2026-09-25,11,Friday,Weekday
2026-09-25 11:30:00-06:00,COR001,MP003,S002,69.0,69.0,26.0,26.0,0.0,0.0,1.0,1.0,69,69,0.0,1,False,2026-09-25,11,Friday,Weekday
2026-09-25 11:30:00-06:00,COR001,MP004,S002,64.0,64.0,117.0,117.0,0.0,0.0,1.0,1.0,64,64,0.0,1,False,2026-09-25,11,Friday,Weekday
2026-09-25 11:30:00-06:00,COR001,MP005,S003,78.0,78.0,132.0,132.0,0.0,0.0,1.0,1.0,78,78,0.0,1,False,2026-09-25,11,Friday,Weekday
2026-09-25 11:30:00-06:00,COR001,MP006,S003,78.0,78.0,132.0,132.0,0.0,0.0,1.0,1.0,78,78,0.0,1,False,2026-09-25,11,Friday,Weekday
2026-09-25 12:00:00-06:00,COR001,MP001,S001,71.0,71.0,186.0,186.0,0.0,0.0,1.0,1.0,71,71,0.0,1,False,2026-09-25,12,Friday,Weekday
2026-09-25 12:00:00-06:00,COR001,MP002,S001,71.0,71.0,186.0,186.0,0.0,0.0,1.0,1.0,71,71,0.0,1,False,2026-09-25,12,Friday,Weekday
2026-09-25 12:00:00-06:00,COR001,MP003,S002,58.0,69.0,31.0,26.0,5.0,15.942028985507244,1.1923076923076923,1.0,58,58,0.0,1,False,2026-09-25,12,Friday,Weekday
2026-09-25 12:00:00-06:00,COR001,MP004,S002,64.0,64.0,117.0,117.0,0.0,0.0,1.0,1.0,64,64,0.0,1,False,2026-09-25,12,Friday,Weekday
2026-09-25 12:00:00-06:00,COR001,MP005,S003,78.0,78.0,132.0,132.0,0.0,0.0,1.0,1.0,78,78,0.0,1,False,2026-09-25,12,Friday,Weekday
2026-09-25 12:00:00-06:00,COR001,MP006,S003,78.0,78.0,132.0,132.0,0.0,0.0,1.0,1.0,78,78,0.0,1,False,2026-09-25,12,Friday,Weekday
2026-09-25 12:30:00-06:00,COR001,MP001,S001,58.0,70.0,228.0,189.0,39.0,17.142857142857142,1.2063492063492065,1.0,58,58,0.0,1,False,2026-09-25,12,Friday,Weekday
2026-09-25 12:30:00-06:00,COR001,MP002,S001,58.0,70.0,228.0,189.0,39.0,17.142857142857142,1.2063492063492065,1.0,58,58,0.0,1,False,2026-09-25,12,Friday,Weekday
2026-09-25 12:30:00-06:00,COR001,MP003,S002,69.0,69.0,26.0,26.0,0.0,0.0,1.0,1.0,69,69,0.0,1,False,2026-09-25,12,Friday,Weekday
2026-09-25 12:30:00-06:00,COR001,MP004,S002,64.0,64.0,117.0,117.0,0.0,0.0,1.0,1.0,64,64,0.0,1,False,2026-09-25,12,Friday,Weekday
2026-09-25 12:30:00-06:00,COR001,MP005,S003,78.0,78.0,132.0,132.0,0.0,0.0,1.0,1.0,78,78,0.0,1,False,2026-09-25,12,Friday,Weekday
2026-09-25 12:30:00-06:00,COR001,MP006,S003,78.0,78.0,132.0,132.0,0.0,0.0,1.0,1.0,78,78,0.0,1,False,2026-09-25,12,Friday,Weekday
2026-09-25 13:00:00-06:00,COR001,MP001,S001,43.0,70.0,308.0,189.0,119.0,38.57142857142858,1.6296296296296295,1.0,43,43,0.0,1,False,2026-09-25,13,Friday,Weekday
2026-09-25 13:00:00-06:00,COR001,MP002,S001,43.0,70.0,308.0,189.0,119.0,38.57142857142858,1.6296296296296295,1.0,43,43,0.0,1,False,2026-09-25,13,Friday,Weekday
2026-09-25 13:00:00-06:00,COR001,MP003,S002,55.0,69.0,33.0,26.0,7.0,20.28985507246377,1.2692307692307692,1.0,55,55,0.0,1,False,2026-09-25,13,Friday,Weekday
2026-09-25 13:00:00-06:00,COR001,MP004,S002,33.0,64.0,227.0,117.0,110.0,48.4375,1.94017094017094,1.0,33,33,0.0,1,False,2026-09-25,13,Friday,Weekday
2026-09-25 13:00:00-06:00,COR001,MP005,S003,59.0,77.0,174.0,133.0,41.0,23.37662337662337,1.3082706766917294,1.0,59,59,0.0,1,False,2026-09-25,13,Friday,Weekday
2026-09-25 13:00:00-06:00,COR001,MP006,S003,59.0,77.0,174.0,133.0,41.0,23.37662337662337,1.3082706766917294,1.0,59,59,0.0,1,False,2026-09-25,13,Friday,Weekday
2026-09-25 13:30:00-06:00,COR001,MP001,S001,52.5,70.0,259.0,189.0,70.0,25.0,1.3703703703703702,1.0,44,61,12.020815280171307,2,False,2026-09-25,13,Friday,Weekday
2026-09-25 13:30:00-06:00,COR001,MP002,S001,52.5,70.0,259.0,189.0,70.0,25.0,1.3703703703703702,1.0,44,61,12.020815280171307,2,False,2026-09-25,13,Friday,Weekday
2026-09-25 13:30:00-06:00,COR001,MP003,S002,56.5,68.5,33.5,26.0,7.5,17.647058823529413,1.2884615384615383,1.0,44,69,17.67766952966369,2,False,2026-09-25,13,Friday,Weekday
2026-09-25 13:30:00-06:00,COR001,MP004,S002,34.0,63.5,237.0,118.0,119.0,46.564980158730165,2.004093945270416,1.0,25,43,12.727922061357855,2,False,2026-09-25,13,Friday,Weekday
2026-09-25 13:30:00-06:00,COR001,MP005,S003,52.5,77.0,197.0,133.0,64.0,31.818181818181817,1.481203007518797,1.0,48,57,6.363961030678928,2,False,2026-09-25,13,Friday,Weekday
2026-09-25 13:30:00-06:00,COR001,MP006,S003,52.5,77.0,197.0,133.0,64.0,31.818181818181817,1.481203007518797,1.0,48,57,6.363961030678928,2,False,2026-09-25,13,Friday,Weekday
2026-09-25 14:00:00-06:00,COR001,MP001,S001,61.0,69.0,217.0,192.0,25.0,11.594202898550725,1.1302083333333333,1.0,61,61,0.0,1,False,2026-09-25,14,Friday,Weekday
2026-09-25 14:00:00-06:00,COR001,MP002,S001,61.0,69.0,217.0,192.0,25.0,11.594202898550725,1.1302083333333333,1.0,61,61,0.0,1,False,2026-09-25,14,Friday,Weekday
2026-09-25 14:00:00-06:00,COR001,MP003,S002,44.0,69.0,41.0,26.0,15.0,36.231884057971016,1.5769230769230769,1.0,44,44,0.0,1,False,2026-09-25,14,Friday,Weekday
2026-09-25 14:00:00-06:00,COR001,MP004,S002,34.0,65.0,221.0,115.0,106.0,47.69230769230769,1.9217391304347824,1.0,34,34,0.0,1,False,2026-09-25,14,Friday,Weekday
2026-09-25 14:00:00-06:00,COR001,MP005,S003,51.0,78.0,202.0,132.0,70.0,34.61538461538461,1.5303030303030305,1.0,51,51,0.0,1,False,2026-09-25,14,Friday,Weekday
2026-09-25 14:00:00-06:00,COR001,MP006,S003,51.0,78.0,202.0,132.0,70.0,34.61538461538461,1.5303030303030305,1.0,51,51,0.0,1,False,2026-09-25,14,Friday,Weekday
2026-09-25 14:30:00-06:00,COR001,MP001,S001,51.0,69.0,259.0,192.0,67.0,26.08695652173913,1.3489583333333333,1.0,51,51,0.0,1,False,2026-09-25,14,Friday,Weekday
2026-09-25 14:30:00-06:00,COR001,MP002,S001,51.0,69.0,259.0,192.0,67.0,26.08695652173913,1.3489583333333333,1.0,51,51,0.0,1,False,2026-09-25,14,Friday,Weekday
2026-09-25 14:30:00-06:00,COR001,MP003,S002,69.0,69.0,26.0,26.0,0.0,0.0,1.0,1.0,69,69,0.0,1,False,2026-09-25,14,Friday,Weekday
2026-09-25 14:30:00-06:00,COR001,MP004,S002,47.0,63.0,159.0,119.0,40.0,25.396825396825395,1.3361344537815123,1.0,47,47,0.0,1,False,2026-09-25,14,Friday,Weekday
2026-09-25 14:30:00-06:00,COR001,MP005,S003,54.0,78.0,190.0,132.0,58.0,30.76923076923077,1.4393939393939394,1.0,54,54,0.0,1,False,2026-09-25,14,Friday,Weekday
2026-09-25 14:30:00-06:00,COR001,MP006,S003,54.0,78.0,190.0,132.0,58.0,30.76923076923077,1.4393939393939394,1.0,54,54,0.0,1,False,2026-09-25,14,Friday,Weekday
2026-09-25 15:00:00-06:00,COR001,MP001,S001,58.0,71.0,228.0,186.0,42.0,18.30985915492958,1.2258064516129032,1.0,58,58,0.0,1,False,2026-09-25,15,Friday,Weekday
2026-09-25 15:00:00-06:00,COR001,MP002,S001,58.0,71.0,228.0,186.0,42.0,18.30985915492958,1.2258064516129032,1.0,58,58,0.0,1,False,2026-09-25,15,Friday,Weekday
2026-09-25 15:00:00-06:00,COR001,MP003,S002,69.0,69.0,26.0,26.0,0.0,0.0,1.0,1.0,69,69,0.0,1,False,2026-09-25,15,Friday,Weekday
2026-09-25 15:00:00-06:00,COR001,MP004,S002,45.0,64.0,167.0,117.0,50.0,29.6875,1.4273504273504274,1.0,45,45,0.0,1,False,2026-09-25,15,Friday,Weekday
2026-09-25 15:00:00-06:00,COR001,MP005,S003,57.0,77.0,180.0,133.0,47.0,25.97402597402597,1.3533834586466165,1.0,57,57,0.0,1,False,2026-09-25,15,Friday,Weekday
2026-09-25 15:00:00-06:00,COR001,MP006,S003,57.0,77.0,180.0,133.0,47.0,25.97402597402597,1.3533834586466165,1.0,57,57,0.0,1,False,2026-09-25,15,Friday,Weekday
2026-09-25 15:30:00-06:00,COR001,MP001,S001,44.0,70.0,301.0,189.0,112.0,37.142857142857146,1.5925925925925926,1.0,44,44,0.0,1,False,2026-09-25,15,Friday,Weekday
2026-09-25 15:30:00-06:00,COR001,MP002,S001,44.0,70.0,301.0,189.0,112.0,37.142857142857146,1.5925925925925926,1.0,44,44,0.0,1,False,2026-09-25,15,Friday,Weekday
2026-09-25 15:30:00-06:00,COR001,MP003,S002,69.0,69.0,26.0,26.0,0.0,0.0,1.0,1.0,69,69,0.0,1,False,2026-09-25,15,Friday,Weekday
2026-09-25 15:30:00-06:00,COR001,MP004,S002,30.0,65.0,250.0,115.0,135.0,53.84615384615385,2.1739130434782608,1.0,30,30,0.0,1,False,2026-09-25,15,Friday,Weekday
2026-09-25 15:30:00-06:00,COR001,MP005,S003,57.0,78.0,180.0,132.0,48.0,26.923076923076923,1.3636363636363635,1.0,57,57,0.0,1,False,2026-09-25,15,Friday,Weekday
2026-09-25 15:30:00-06:00,COR001,MP006,S003,57.0,78.0,180.0,132.0,48.0,26.923076923076923,1.3636363636363635,1.0,57,57,0.0,1,False,2026-09-25,15,Friday,Weekday
2026-09-25 16:00:00-06:00,COR001,MP001,S001,40.0,70.0,331.0,189.0,142.0,42.85714285714285,1.7513227513227514,0.999432,40,40,0.0,1,False,2026-09-25,16,Friday,Weekday
2026-09-25 16:00:00-06:00,COR001,MP002,S001,40.0,70.0,331.0,189.0,142.0,42.85714285714285,1.7513227513227514,0.999432,40,40,0.0,1,False,2026-09-25,16,Friday,Weekday
2026-09-25 16:00:00-06:00,COR001,MP003,S002,69.0,69.0,26.0,26.0,0.0,0.0,1.0,1.0,69,69,0.0,1,False,2026-09-25,16,Friday,Weekday
2026-09-25 16:00:00-06:00,COR001,MP004,S002,26.0,64.0,289.0,117.0,172.0,59.375,2.47008547008547,1.0,26,26,0.0,1,False,2026-09-25,16,Friday,Weekday
2026-09-25 16:00:00-06:00,COR001,MP005,S003,53.0,78.0,194.0,132.0,62.0,32.05128205128205,1.4696969696969695,1.0,53,53,0.0,1,False,2026-09-25,16,Friday,Weekday
2026-09-25 16:00:00-06:00,COR001,MP006,S003,53.0,78.0,194.0,132.0,62.0,32.05128205128205,1.4696969696969695,1.0,53,53,0.0,1,False,2026-09-25,16,Friday,Weekday
2026-09-25 16:30:00-06:00,COR001,MP001,S001,48.0,70.0,276.0,189.0,87.0,31.428571428571427,1.4603174603174602,0.999345,48,48,0.0,1,False,2026-09-25,16,Friday,Weekday
2026-09-25 16:30:00-06:00,COR001,MP002,S001,48.0,70.0,276.0,189.0,87.0,31.428571428571427,1.4603174603174602,0.999345,48,48,0.0,1,False,2026-09-25,16,Friday,Weekday
2026-09-25 16:30:00-06:00,COR001,MP003,S002,45.0,68.0,40.0,26.0,14.0,33.82352941176471,1.5384615384615383,1.0,45,45,0.0,1,False,2026-09-25,16,Friday,Weekday
2026-09-25 16:30:00-06:00,COR001,MP004,S002,23.0,63.0,326.0,119.0,207.0,63.49206349206349,2.739495798319328,1.0,23,23,0.0,1,False,2026-09-25,16,Friday,Weekday
2026-09-25 16:30:00-06:00,COR001,MP005,S003,53.0,77.0,194.0,133.0,61.0,31.16883116883117,1.4586466165413534,1.0,53,53,0.0,1,False,2026-09-25,16,Friday,Weekday
2026-09-25 16:30:00-06:00,COR001,MP006,S003,53.0,77.0,194.0,133.0,61.0,31.16883116883117,1.4586466165413534,1.0,53,53,0.0,1,False,2026-09-25,16,Friday,Weekday
2026-09-25 17:00:00-06:00,COR001,MP001,S001,47.0,70.0,282.0,189.0,93.0,32.857142857142854,1.492063492063492,1.0,47,47,0.0,1,False,2026-09-25,17,Friday,Weekday
2026-09-25 17:00:00-06:00,COR001,MP002,S001,47.0,70.0,282.0,189.0,93.0,32.857142857142854,1.492063492063492,1.0,47,47,0.0,1,False,2026-09-25,17,Friday,Weekday
2026-09-25 17:00:00-06:00,COR001,MP003,S002,69.0,69.0,26.0,26.0,0.0,0.0,1.0,1.0,69,69,0.0,1,False,2026-09-25,17,Friday,Weekday
2026-09-25 17:00:00-06:00,COR001,MP004,S002,23.0,64.0,326.0,117.0,209.0,64.0625,2.786324786324786,1.0,23,23,0.0,1,False,2026-09-25,17,Friday,Weekday
2026-09-25 17:00:00-06:00,COR001,MP005,S003,55.0,77.0,187.0,133.0,54.0,28.57142857142857,1.406015037593985,1.0,55,55,0.0,1,False,2026-09-25,17,Friday,Weekday
2026-09-25 17:00:00-06:00,COR001,MP006,S003,55.0,77.0,187.0,133.0,54.0,28.57142857142857,1.406015037593985,1.0,55,55,0.0,1,False,2026-09-25,17,Friday,Weekday
2026-09-25 17:30:00-06:00,COR001,MP001,S001,54.0,71.0,245.0,186.0,59.0,23.943661971830984,1.3172043010752688,1.0,54,54,0.0,1,False,2026-09-25,17,Friday,Weekday
2026-09-25 17:30:00-06:00,COR001,MP002,S001,54.0,71.0,245.0,186.0,59.0,23.943661971830984,1.3172043010752688,1.0,54,54,0.0,1,False,2026-09-25,17,Friday,Weekday
2026-09-25 17:30:00-06:00,COR001,MP003,S002,43.0,69.0,42.0,26.0,16.0,37.68115942028986,1.6153846153846154,1.0,43,43,0.0,1,False,2026-09-25,17,Friday,Weekday
2026-09-25 17:30:00-06:00,COR001,MP004,S002,24.0,63.0,313.0,119.0,194.0,61.90476190476191,2.630252100840336,1.0,24,24,0.0,1,False,2026-09-25,17,Friday,Weekday
2026-09-25 17:30:00-06:00,COR001,MP005,S003,52.0,78.0,198.0,132.0,66.0,33.33333333333333,1.5,1.0,52,52,0.0,1,False,2026-09-25,17,Friday,Weekday
2026-09-25 17:30:00-06:00,COR001,MP006,S003,52.0,78.0,198.0,132.0,66.0,33.33333333333333,1.5,1.0,52,52,0.0,1,False,2026-09-25,17,Friday,Weekday
2026-09-25 18:00:00-06:00,COR001,MP001,S001,50.0,70.0,265.0,189.0,76.0,28.57142857142857,1.402116402116402,1.0,50,50,0.0,1,False,2026-09-25,18,Friday,Weekday
2026-09-25 18:00:00-06:00,COR001,MP002,S001,50.0,70.0,265.0,189.0,76.0,28.57142857142857,1.402116402116402,1.0,50,50,0.0,1,False,2026-09-25,18,Friday,Weekday
2026-09-25 18:00:00-06:00,COR001,MP003,S002,47.0,69.0,38.0,26.0,12.0,31.88405797101449,1.4615384615384617,1.0,47,47,0.0,1,False,2026-09-25,18,Friday,Weekday
2026-09-25 18:00:00-06:00,COR001,MP004,S002,20.0,64.0,375.0,117.0,258.0,68.75,3.2051282051282053,1.0,20,20,0.0,1,False,2026-09-25,18,Friday,Weekday
2026-09-25 18:00:00-06:00,COR001,MP005,S003,53.0,78.0,194.0,132.0,62.0,32.05128205128205,1.4696969696969695,1.0,53,53,0.0,1,False,2026-09-25,18,Friday,Weekday
2026-09-25 18:00:00-06:00,COR001,MP006,S003,53.0,78.0,194.0,132.0,62.0,32.05128205128205,1.4696969696969695,1.0,53,53,0.0,1,False,2026-09-25,18,Friday,Weekday
2026-09-25 18:30:00-06:00,COR001,MP001,S001,45.0,69.0,294.0,192.0,102.0,34.78260869565217,1.53125,1.0,45,45,0.0,1,False,2026-09-25,18,Friday,Weekday
2026-09-25 18:30:00-06:00,COR001,MP002,S001,45.0,69.0,294.0,192.0,102.0,34.78260869565217,1.53125,1.0,45,45,0.0,1,False,2026-09-25,18,Friday,Weekday
2026-09-25 18:30:00-06:00,COR001,MP003,S002,21.0,69.0,86.0,26.0,60.0,69.56521739130434,3.3076923076923075,1.0,21,21,0.0,1,False,2026-09-25,18,Friday,Weekday
2026-09-25 18:30:00-06:00,COR001,MP004,S002,16.0,64.0,469.0,117.0,352.0,75.0,4.0085470085470085,1.0,16,16,0.0,1,False,2026-09-25,18,Friday,Weekday
2026-09-25 18:30:00-06:00,COR001,MP005,S003,48.0,77.0,214.0,133.0,81.0,37.66233766233766,1.6090225563909777,1.0,48,48,0.0,1,False,2026-09-25,18,Friday,Weekday
2026-09-25 18:30:00-06:00,COR001,MP006,S003,48.0,77.0,214.0,133.0,81.0,37.66233766233766,1.6090225563909777,1.0,48,48,0.0,1,False,2026-09-25,18,Friday,Weekday
2026-09-25 19:00:00-06:00,COR001,MP001,S001,40.0,71.0,331.0,186.0,145.0,43.66197183098591,1.7795698924731185,0.999036,40,40,0.0,1,False,2026-09-25,19,Friday,Weekday
2026-09-25 19:00:00-06:00,COR001,MP002,S001,40.0,71.0,331.0,186.0,145.0,43.66197183098591,1.7795698924731185,0.999036,40,40,0.0,1,False,2026-09-25,19,Friday,Weekday
2026-09-25 19:00:00-06:00,COR001,MP003,S002,11.0,71.0,165.0,25.0,140.0,84.50704225352112,6.6,1.0,11,11,0.0,1,False,2026-09-25,19,Friday,Weekday
2026-09-25 19:00:00-06:00,COR001,MP004,S002,16.0,62.0,469.0,121.0,348.0,74.19354838709677,3.87603305785124,0.998569,16,16,0.0,1,False,2026-09-25,19,Friday,Weekday
2026-09-25 19:00:00-06:00,COR001,MP005,S003,54.0,78.0,190.0,132.0,58.0,30.76923076923077,1.4393939393939394,1.0,54,54,0.0,1,False,2026-09-25,19,Friday,Weekday
2026-09-25 19:00:00-06:00,COR001,MP006,S003,54.0,78.0,190.0,132.0,58.0,30.76923076923077,1.4393939393939394,1.0,54,54,0.0,1,False,2026-09-25,19,Friday,Weekday
2026-09-25 19:30:00-06:00,COR001,MP001,S001,36.0,70.0,368.0,189.0,179.0,48.57142857142857,1.947089947089947,1.0,36,36,0.0,1,False,2026-09-25,19,Friday,Weekday
2026-09-25 19:30:00-06:00,COR001,MP002,S001,36.0,70.0,368.0,189.0,179.0,48.57142857142857,1.947089947089947,1.0,36,36,0.0,1,False,2026-09-25,19,Friday,Weekday
2026-09-25 19:30:00-06:00,COR001,MP003,S002,18.0,68.0,101.0,26.0,75.0,73.52941176470588,3.8846153846153846,1.0,18,18,0.0,1,False,2026-09-25,19,Friday,Weekday
2026-09-25 19:30:00-06:00,COR001,MP004,S002,17.0,62.0,442.0,121.0,321.0,72.58064516129032,3.652892561983471,1.0,17,17,0.0,1,False,2026-09-25,19,Friday,Weekday
2026-09-25 19:30:00-06:00,COR001,MP005,S003,51.0,78.0,202.0,132.0,70.0,34.61538461538461,1.5303030303030305,1.0,51,51,0.0,1,False,2026-09-25,19,Friday,Weekday
2026-09-25 19:30:00-06:00,COR001,MP006,S003,51.0,78.0,202.0,132.0,70.0,34.61538461538461,1.5303030303030305,1.0,51,51,0.0,1,False,2026-09-25,19,Friday,Weekday
2026-09-25 20:00:00-06:00,COR001,MP001,S001,45.0,71.0,294.0,186.0,108.0,36.61971830985916,1.5806451612903225,1.0,45,45,0.0,1,False,2026-09-25,20,Friday,Weekday
2026-09-25 20:00:00-06:00,COR001,MP002,S001,45.0,71.0,294.0,186.0,108.0,36.61971830985916,1.5806451612903225,1.0,45,45,0.0,1,False,2026-09-25,20,Friday,Weekday
2026-09-25 20:00:00-06:00,COR001,MP003,S002,21.0,69.0,86.0,26.0,60.0,69.56521739130434,3.3076923076923075,1.0,21,21,0.0,1,False,2026-09-25,20,Friday,Weekday
2026-09-25 20:00:00-06:00,COR001,MP004,S002,19.0,64.0,395.0,117.0,278.0,70.3125,3.376068376068376,1.0,19,19,0.0,1,False,2026-09-25,20,Friday,Weekday
2026-09-25 20:00:00-06:00,COR001,MP005,S003,53.0,78.0,194.0,132.0,62.0,32.05128205128205,1.4696969696969695,1.0,53,53,0.0,1,False,2026-09-25,20,Friday,Weekday
2026-09-25 20:00:00-06:00,COR001,MP006,S003,53.0,78.0,194.0,132.0,62.0,32.05128205128205,1.4696969696969695,1.0,53,53,0.0,1,False,2026-09-25,20,Friday,Weekday
2026-09-25 20:30:00-06:00,COR001,MP001,S001,54.0,71.0,245.0,186.0,59.0,23.943661971830984,1.3172043010752688,1.0,54,54,0.0,1,False,2026-09-25,20,Friday,Weekday
2026-09-25 20:30:00-06:00,COR001,MP002,S001,54.0,71.0,245.0,186.0,59.0,23.943661971830984,1.3172043010752688,1.0,54,54,0.0,1,False,2026-09-25,20,Friday,Weekday
2026-09-25 20:30:00-06:00,COR001,MP003,S002,53.0,68.0,34.0,26.0,8.0,22.058823529411764,1.3076923076923077,1.0,53,53,0.0,1,False,2026-09-25,20,Friday,Weekday
2026-09-25 20:30:00-06:00,COR001,MP004,S002,37.0,64.0,203.0,117.0,86.0,42.1875,1.735042735042735,1.0,37,37,0.0,1,False,2026-09-25,20,Friday,Weekday
2026-09-25 20:30:00-06:00,COR001,MP005,S003,53.0,77.0,194.0,133.0,61.0,31.16883116883117,1.4586466165413534,1.0,53,53,0.0,1,False,2026-09-25,20,Friday,Weekday
2026-09-25 20:30:00-06:00,COR001,MP006,S003,53.0,77.0,194.0,133.0,61.0,31.16883116883117,1.4586466165413534,1.0,53,53,0.0,1,False,2026-09-25,20,Friday,Weekday
2026-09-25 21:00:00-06:00,COR001,MP001,S001,50.0,70.0,265.0,189.0,76.0,28.57142857142857,1.402116402116402,1.0,50,50,0.0,1,False,2026-09-25,21,Friday,Weekday
2026-09-25 21:00:00-06:00,COR001,MP002,S001,50.0,70.0,265.0,189.0,76.0,28.57142857142857,1.402116402116402,1.0,50,50,0.0,1,False,2026-09-25,21,Friday,Weekday
2026-09-25 21:00:00-06:00,COR001,MP003,S002,53.0,69.0,34.0,26.0,8.0,23.18840579710145,1.3076923076923077,1.0,53,53,0.0,1,False,2026-09-25,21,Friday,Weekday
2026-09-25 21:00:00-06:00,COR001,MP004,S002,64.0,64.0,117.0,117.0,0.0,0.0,1.0,1.0,64,64,0.0,1,False,2026-09-25,21,Friday,Weekday
2026-09-25 21:00:00-06:00,COR001,MP005,S003,66.0,77.0,156.0,133.0,23.0,14.285714285714285,1.1729323308270676,1.0,66,66,0.0,1,False,2026-09-25,21,Friday,Weekday
2026-09-25 21:00:00-06:00,COR001,MP006,S003,66.0,77.0,156.0,133.0,23.0,14.285714285714285,1.1729323308270676,1.0,66,66,0.0,1,False,2026-09-25,21,Friday,Weekday
2026-09-25 21:30:00-06:00,COR001,MP001,S001,44.0,70.0,301.0,189.0,112.0,37.142857142857146,1.5925925925925926,1.0,44,44,0.0,1,False,2026-09-25,21,Friday,Weekday
2026-09-25 21:30:00-06:00,COR001,MP002,S001,44.0,70.0,301.0,189.0,112.0,37.142857142857146,1.5925925925925926,1.0,44,44,0.0,1,False,2026-09-25,21,Friday,Weekday
2026-09-25 21:30:00-06:00,COR001,MP003,S002,40.0,69.0,45.0,26.0,19.0,42.028985507246375,1.7307692307692308,1.0,40,40,0.0,1,False,2026-09-25,21,Friday,Weekday
2026-09-25 21:30:00-06:00,COR001,MP004,S002,64.0,64.0,117.0,117.0,0.0,0.0,1.0,1.0,64,64,0.0,1,False,2026-09-25,21,Friday,Weekday
2026-09-25 21:30:00-06:00,COR001,MP005,S003,78.0,78.0,132.0,132.0,0.0,0.0,1.0,1.0,78,78,0.0,1,False,2026-09-25,21,Friday,Weekday
2026-09-25 21:30:00-06:00,COR001,MP006,S003,78.0,78.0,132.0,132.0,0.0,0.0,1.0,1.0,78,78,0.0,1,False,2026-09-25,21,Friday,Weekday
2026-09-25 22:00:00-06:00,COR001,MP001,S001,50.0,70.0,265.0,189.0,76.0,28.57142857142857,1.402116402116402,1.0,50,50,0.0,1,False,2026-09-25,22,Friday,Weekday
2026-09-25 22:00:00-06:00,COR001,MP002,S001,50.0,70.0,265.0,189.0,76.0,28.57142857142857,1.402116402116402,1.0,50,50,0.0,1,False,2026-09-25,22,Friday,Weekday
2026-09-25 22:00:00-06:00,COR001,MP003,S002,45.0,69.0,40.0,26.0,14.0,34.78260869565217,1.5384615384615383,1.0,45,45,0.0,1,False,2026-09-25,22,Friday,Weekday
2026-09-25 22:00:00-06:00,COR001,MP004,S002,49.0,64.0,153.0,117.0,36.0,23.4375,1.3076923076923077,0.99684,49,49,0.0,1,False,2026-09-25,22,Friday,Weekday
2026-09-25 22:00:00-06:00,COR001,MP005,S003,78.0,78.0,132.0,132.0,0.0,0.0,1.0,1.0,78,78,0.0,1,False,2026-09-25,22,Friday,Weekday
2026-09-25 22:00:00-06:00,COR001,MP006,S003,78.0,78.0,132.0,132.0,0.0,0.0,1.0,1.0,78,78,0.0,1,False,2026-09-25,22,Friday,Weekday
2026-09-25 22:30:00-06:00,COR001,MP001,S001,54.0,70.0,245.0,189.0,56.0,22.857142857142858,1.2962962962962965,0.990624,54,54,0.0,1,False,2026-09-25,22,Friday,Weekday
2026-09-25 22:30:00-06:00,COR001,MP002,S001,54.0,70.0,245.0,189.0,56.0,22.857142857142858,1.2962962962962965,0.990624,54,54,0.0,1,False,2026-09-25,22,Friday,Weekday
2026-09-25 22:30:00-06:00,COR001,MP003,S002,52.0,69.0,35.0,26.0,9.0,24.637681159420293,1.3461538461538465,1.0,52,52,0.0,1,False,2026-09-25,22,Friday,Weekday
2026-09-25 22:30:00-06:00,COR001,MP004,S002,64.0,64.0,117.0,117.0,0.0,0.0,1.0,1.0,64,64,0.0,1,False,2026-09-25,22,Friday,Weekday
2026-09-25 22:30:00-06:00,COR001,MP005,S003,78.0,78.0,132.0,132.0,0.0,0.0,1.0,1.0,78,78,0.0,1,False,2026-09-25,22,Friday,Weekday
2026-09-25 22:30:00-06:00,COR001,MP006,S003,78.0,78.0,132.0,132.0,0.0,0.0,1.0,1.0,78,78,0.0,1,False,2026-09-25,22,Friday,Weekday
2026-09-25 23:00:00-06:00,COR001,MP001,S001,55.0,70.0,240.0,189.0,51.0,21.428571428571427,1.2698412698412698,0.99,55,55,0.0,1,False,2026-09-25,23,Friday,Weekday
2026-09-25 23:00:00-06:00,COR001,MP002,S001,55.0,70.0,240.0,189.0,51.0,21.428571428571427,1.2698412698412698,0.99,55,55,0.0,1,False,2026-09-25,23,Friday,Weekday
2026-09-25 23:00:00-06:00,COR001,MP003,S002,69.0,69.0,26.0,26.0,0.0,0.0,1.0,1.0,69,69,0.0,1,False,2026-09-25,23,Friday,Weekday
2026-09-25 23:00:00-06:00,COR001,MP004,S002,64.0,64.0,117.0,117.0,0.0,0.0,1.0,1.0,64,64,0.0,1,False,2026-09-25,23,Friday,Weekday
2026-09-25 23:00:00-06:00,COR001,MP005,S003,78.0,78.0,132.0,132.0,0.0,0.0,1.0,1.0,78,78,0.0,1,False,2026-09-25,23,Friday,Weekday
2026-09-25 23:00:00-06:00,COR001,MP006,S003,78.0,78.0,132.0,132.0,0.0,0.0,1.0,1.0,78,78,0.0,1,False,2026-09-25,23,Friday,Weekday
2026-09-25 23:30:00-06:00,COR001,MP001,S001,71.0,71.0,186.0,186.0,0.0,0.0,1.0,1.0,71,71,0.0,1,False,2026-09-25,23,Friday,Weekday
2026-09-25 23:30:00-06:00,COR001,MP002,S001,71.0,71.0,186.0,186.0,0.0,0.0,1.0,1.0,71,71,0.0,1,False,2026-09-25,23,Friday,Weekday
2026-09-25 23:30:00-06:00,COR001,MP003,S002,69.0,69.0,26.0,26.0,0.0,0.0,1.0,1.0,69,69,0.0,1,False,2026-09-25,23,Friday,Weekday
2026-09-25 23:30:00-06:00,COR001,MP004,S002,64.0,64.0,117.0,117.0,0.0,0.0,1.0,1.0,64,64,0.0,1,False,2026-09-25,23,Friday,Weekday
2026-09-25 23:30:00-06:00,COR001,MP005,S003,78.0,78.0,132.0,132.0,0.0,0.0,1.0,1.0,78,78,0.0,1,False,2026-09-25,23,Friday,Weekday
2026-09-25 23:30:00-06:00,COR001,MP006,S003,78.0,78.0,132.0,132.0,0.0,0.0,1.0,1.0,78,78,0.0,1,False,2026-09-25,23,Friday,Weekday
2026-09-26 00:00:00-06:00,COR001,MP001,S001,71.0,71.0,186.0,186.0,0.0,0.0,1.0,1.0,71,71,0.0,1,False,2026-09-26,0,Saturday,Weekend
2026-09-26 00:00:00-06:00,COR001,MP002,S001,71.0,71.0,186.0,186.0,0.0,0.0,1.0,1.0,71,71,0.0,1,False,2026-09-26,0,Saturday,Weekend
2026-09-26 00:00:00-06:00,COR001,MP003,S002,69.0,69.0,26.0,26.0,0.0,0.0,1.0,1.0,69,69,0.0,1,False,2026-09-26,0,Saturday,Weekend
2026-09-26 00:00:00-06:00,COR001,MP004,S002,64.0,64.0,117.0,117.0,0.0,0.0,1.0,1.0,64,64,0.0,1,False,2026-09-26,0,Saturday,Weekend
2026-09-26 00:00:00-06:00,COR001,MP005,S003,78.0,78.0,132.0,132.0,0.0,0.0,1.0,1.0,78,78,0.0,1,False,2026-09-26,0,Saturday,Weekend
2026-09-26 00:00:00-06:00,COR001,MP006,S003,78.0,78.0,132.0,132.0,0.0,0.0,1.0,1.0,78,78,0.0,1,False,2026-09-26,0,Saturday,Weekend
2026-09-26 00:30:00-06:00,COR001,MP001,S001,71.0,71.0,186.0,186.0,0.0,0.0,1.0,1.0,71,71,0.0,1,False,2026-09-26,0,Saturday,Weekend
2026-09-26 00:30:00-06:00,COR001,MP002,S001,71.0,71.0,186.0,186.0,0.0,0.0,1.0,1.0,71,71,0.0,1,False,2026-09-26,0,Saturday,Weekend
2026-09-26 00:30:00-06:00,COR001,MP003,S002,69.0,69.0,26.0,26.0,0.0,0.0,1.0,1.0,69,69,0.0,1,False,2026-09-26,0,Saturday,Weekend
2026-09-26 00:30:00-06:00,COR001,MP004,S002,64.0,64.0,117.0,117.0,0.0,0.0,1.0,1.0,64,64,0.0,1,False,2026-09-26,0,Saturday,Weekend
2026-09-26 00:30:00-06:00,COR001,MP005,S003,78.0,78.0,132.0,132.0,0.0,0.0,1.0,1.0,78,78,0.0,1,False,2026-09-26,0,Saturday,Weekend
2026-09-26 00:30:00-06:00,COR001,MP006,S003,78.0,78.0,132.0,132.0,0.0,0.0,1.0,1.0,78,78,0.0,1,False,2026-09-26,0,Saturday,Weekend
2026-09-26 01:00:00-06:00,COR001,MP001,S001,71.0,71.0,186.0,186.0,0.0,0.0,1.0,1.0,71,71,0.0,1,False,2026-09-26,1,Saturday,Weekend
2026-09-26 01:00:00-06:00,COR001,MP002,S001,71.0,71.0,186.0,186.0,0.0,0.0,1.0,1.0,71,71,0.0,1,False,2026-09-26,1,Saturday,Weekend
2026-09-26 01:00:00-06:00,COR001,MP003,S002,69.0,69.0,26.0,26.0,0.0,0.0,1.0,1.0,69,69,0.0,1,False,2026-09-26,1,Saturday,Weekend
2026-09-26 01:00:00-06:00,COR001,MP004,S002,64.0,64.0,117.0,117.0,0.0,0.0,1.0,1.0,64,64,0.0,1,False,2026-09-26,1,Saturday,Weekend
2026-09-26 01:00:00-06:00,COR001,MP005,S003,78.0,78.0,132.0,132.0,0.0,0.0,1.0,1.0,78,78,0.0,1,False,2026-09-26,1,Saturday,Weekend
2026-09-26 01:00:00-06:00,COR001,MP006,S003,78.0,78.0,132.0,132.0,0.0,0.0,1.0,1.0,78,78,0.0,1,False,2026-09-26,1,Saturday,Weekend
2026-09-26 01:30:00-06:00,COR001,MP001,S001,71.0,71.0,186.0,186.0,0.0,0.0,1.0,1.0,71,71,0.0,1,False,2026-09-26,1,Saturday,Weekend
2026-09-26 01:30:00-06:00,COR001,MP002,S001,71.0,71.0,186.0,186.0,0.0,0.0,1.0,1.0,71,71,0.0,1,False,2026-09-26,1,Saturday,Weekend
2026-09-26 01:30:00-06:00,COR001,MP003,S002,69.0,69.0,26.0,26.0,0.0,0.0,1.0,1.0,69,69,0.0,1,False,2026-09-26,1,Saturday,Weekend
2026-09-26 01:30:00-06:00,COR001,MP004,S002,64.0,64.0,117.0,117.0,0.0,0.0,1.0,1.0,64,64,0.0,1,False,2026-09-26,1,Saturday,Weekend
2026-09-26 01:30:00-06:00,COR001,MP005,S003,78.0,78.0,132.0,132.0,0.0,0.0,1.0,1.0,78,78,0.0,1,False,2026-09-26,1,Saturday,Weekend
2026-09-26 01:30:00-06:00,COR001,MP006,S003,78.0,78.0,132.0,132.0,0.0,0.0,1.0,1.0,78,78,0.0,1,False,2026-09-26,1,Saturday,Weekend
2026-09-26 02:00:00-06:00,COR001,MP001,S001,71.0,71.0,186.0,186.0,0.0,0.0,1.0,1.0,71,71,0.0,1,False,2026-09-26,2,Saturday,Weekend
2026-09-26 02:00:00-06:00,COR001,MP002,S001,71.0,71.0,186.0,186.0,0.0,0.0,1.0,1.0,71,71,0.0,1,False,2026-09-26,2,Saturday,Weekend
2026-09-26 02:00:00-06:00,COR001,MP003,S002,69.0,69.0,26.0,26.0,0.0,0.0,1.0,1.0,69,69,0.0,1,False,2026-09-26,2,Saturday,Weekend
2026-09-26 02:00:00-06:00,COR001,MP004,S002,64.0,64.0,117.0,117.0,0.0,0.0,1.0,1.0,64,64,0.0,1,False,2026-09-26,2,Saturday,Weekend
2026-09-26 02:00:00-06:00,COR001,MP005,S003,78.0,78.0,132.0,132.0,0.0,0.0,1.0,1.0,78,78,0.0,1,False,2026-09-26,2,Saturday,Weekend
2026-09-26 02:00:00-06:00,COR001,MP006,S003,78.0,78.0,132.0,132.0,0.0,0.0,1.0,1.0,78,78,0.0,1,False,2026-09-26,2,Saturday,Weekend
2026-09-26 02:30:00-06:00,COR001,MP001,S001,71.0,71.0,186.0,186.0,0.0,0.0,1.0,1.0,71,71,0.0,1,False,2026-09-26,2,Saturday,Weekend
2026-09-26 02:30:00-06:00,COR001,MP002,S001,71.0,71.0,186.0,186.0,0.0,0.0,1.0,1.0,71,71,0.0,1,False,2026-09-26,2,Saturday,Weekend
2026-09-26 02:30:00-06:00,COR001,MP003,S002,69.0,69.0,26.0,26.0,0.0,0.0,1.0,1.0,69,69,0.0,1,False,2026-09-26,2,Saturday,Weekend
2026-09-26 02:30:00-06:00,COR001,MP004,S002,64.0,64.0,117.0,117.0,0.0,0.0,1.0,1.0,64,64,0.0,1,False,2026-09-26,2,Saturday,Weekend
2026-09-26 02:30:00-06:00,COR001,MP005,S003,78.0,78.0,132.0,132.0,0.0,0.0,1.0,1.0,78,78,0.0,1,False,2026-09-26,2,Saturday,Weekend
2026-09-26 02:30:00-06:00,COR001,MP006,S003,78.0,78.0,132.0,132.0,0.0,0.0,1.0,1.0,78,78,0.0,1,False,2026-09-26,2,Saturday,Weekend
2026-09-26 03:00:00-06:00,COR001,MP001,S001,71.0,71.0,186.0,186.0,0.0,0.0,1.0,1.0,71,71,0.0,1,False,2026-09-26,3,Saturday,Weekend
2026-09-26 03:00:00-06:00,COR001,MP002,S001,71.0,71.0,186.0,186.0,0.0,0.0,1.0,1.0,71,71,0.0,1,False,2026-09-26,3,Saturday,Weekend
2026-09-26 03:00:00-06:00,COR001,MP003,S002,69.0,69.0,26.0,26.0,0.0,0.0,1.0,1.0,69,69,0.0,1,False,2026-09-26,3,Saturday,Weekend
2026-09-26 03:00:00-06:00,COR001,MP004,S002,52.0,64.0,144.0,117.0,27.0,18.75,1.2307692307692308,0.983106,52,52,0.0,1,False,2026-09-26,3,Saturday,Weekend
2026-09-26 03:00:00-06:00,COR001,MP005,S003,78.0,78.0,132.0,132.0,0.0,0.0,1.0,1.0,78,78,0.0,1,False,2026-09-26,3,Saturday,Weekend
2026-09-26 03:00:00-06:00,COR001,MP006,S003,78.0,78.0,132.0,132.0,0.0,0.0,1.0,1.0,78,78,0.0,1,False,2026-09-26,3,Saturday,Weekend
2026-09-26 03:30:00-06:00,COR001,MP001,S001,71.0,71.0,186.0,186.0,0.0,0.0,1.0,1.0,71,71,0.0,1,False,2026-09-26,3,Saturday,Weekend
2026-09-26 03:30:00-06:00,COR001,MP002,S001,71.0,71.0,186.0,186.0,0.0,0.0,1.0,1.0,71,71,0.0,1,False,2026-09-26,3,Saturday,Weekend
2026-09-26 03:30:00-06:00,COR001,MP003,S002,69.0,69.0,26.0,26.0,0.0,0.0,1.0,1.0,69,69,0.0,1,False,2026-09-26,3,Saturday,Weekend
2026-09-26 03:30:00-06:00,COR001,MP004,S002,64.0,64.0,117.0,117.0,0.0,0.0,1.0,1.0,64,64,0.0,1,False,2026-09-26,3,Saturday,Weekend
2026-09-26 03:30:00-06:00,COR001,MP005,S003,73.0,77.0,141.0,133.0,8.0,5.194805194805195,1.0601503759398496,0.935991,73,73,0.0,1,False,2026-09-26,3,Saturday,Weekend
2026-09-26 03:30:00-06:00,COR001,MP006,S003,73.0,77.0,141.0,133.0,8.0,5.194805194805195,1.0601503759398496,0.935991,73,73,0.0,1,False,2026-09-26,3,Saturday,Weekend
2026-09-26 04:00:00-06:00,COR001,MP001,S001,71.0,71.0,186.0,186.0,0.0,0.0,1.0,1.0,71,71,0.0,1,False,2026-09-26,4,Saturday,Weekend
2026-09-26 04:00:00-06:00,COR001,MP002,S001,71.0,71.0,186.0,186.0,0.0,0.0,1.0,1.0,71,71,0.0,1,False,2026-09-26,4,Saturday,Weekend
2026-09-26 04:00:00-06:00,COR001,MP003,S002,69.0,69.0,26.0,26.0,0.0,0.0,1.0,1.0,69,69,0.0,1,False,2026-09-26,4,Saturday,Weekend
2026-09-26 04:00:00-06:00,COR001,MP004,S002,64.0,64.0,117.0,117.0,0.0,0.0,1.0,1.0,64,64,0.0,1,False,2026-09-26,4,Saturday,Weekend
2026-09-26 04:00:00-06:00,COR001,MP005,S003,78.0,78.0,132.0,132.0,0.0,0.0,1.0,1.0,78,78,0.0,1,False,2026-09-26,4,Saturday,Weekend
2026-09-26 04:00:00-06:00,COR001,MP006,S003,78.0,78.0,132.0,132.0,0.0,0.0,1.0,1.0,78,78,0.0,1,False,2026-09-26,4,Saturday,Weekend
2026-09-26 04:30:00-06:00,COR001,MP001,S001,71.0,71.0,186.0,186.0,0.0,0.0,1.0,1.0,71,71,0.0,1,False,2026-09-26,4,Saturday,Weekend
2026-09-26 04:30:00-06:00,COR001,MP002,S001,71.0,71.0,186.0,186.0,0.0,0.0,1.0,1.0,71,71,0.0,1,False,2026-09-26,4,Saturday,Weekend
2026-09-26 04:30:00-06:00,COR001,MP003,S002,69.0,69.0,26.0,26.0,0.0,0.0,1.0,1.0,69,69,0.0,1,False,2026-09-26,4,Saturday,Weekend
2026-09-26 04:30:00-06:00,COR001,MP004,S002,64.0,64.0,117.0,117.0,0.0,0.0,1.0,1.0,64,64,0.0,1,False,2026-09-26,4,Saturday,Weekend
2026-09-26 04:30:00-06:00,COR001,MP005,S003,78.0,78.0,132.0,132.0,0.0,0.0,1.0,1.0,78,78,0.0,1,False,2026-09-26,4,Saturday,Weekend
2026-09-26 04:30:00-06:00,COR001,MP006,S003,78.0,78.0,132.0,132.0,0.0,0.0,1.0,1.0,78,78,0.0,1,False,2026-09-26,4,Saturday,Weekend
2026-09-26 05:00:00-06:00,COR001,MP001,S001,71.0,71.0,186.0,186.0,0.0,0.0,1.0,1.0,71,71,0.0,1,False,2026-09-26,5,Saturday,Weekend
2026-09-26 05:00:00-06:00,COR001,MP002,S001,71.0,71.0,186.0,186.0,0.0,0.0,1.0,1.0,71,71,0.0,1,False,2026-09-26,5,Saturday,Weekend
2026-09-26 05:00:00-06:00,COR001,MP003,S002,69.0,69.0,26.0,26.0,0.0,0.0,1.0,1.0,69,69,0.0,1,False,2026-09-26,5,Saturday,Weekend
2026-09-26 05:00:00-06:00,COR001,MP004,S002,64.0,64.0,117.0,117.0,0.0,0.0,1.0,1.0,64,64,0.0,1,False,2026-09-26,5,Saturday,Weekend
2026-09-26 05:00:00-06:00,COR001,MP005,S003,78.0,78.0,132.0,132.0,0.0,0.0,1.0,1.0,78,78,0.0,1,False,2026-09-26,5,Saturday,Weekend
2026-09-26 05:00:00-06:00,COR001,MP006,S003,78.0,78.0,132.0,132.0,0.0,0.0,1.0,1.0,78,78,0.0,1,False,2026-09-26,5,Saturday,Weekend
2026-09-26 05:30:00-06:00,COR001,MP001,S001,71.0,71.0,186.0,186.0,0.0,0.0,1.0,1.0,71,71,0.0,1,False,2026-09-26,5,Saturday,Weekend
2026-09-26 05:30:00-06:00,COR001,MP002,S001,71.0,71.0,186.0,186.0,0.0,0.0,1.0,1.0,71,71,0.0,1,False,2026-09-26,5,Saturday,Weekend
2026-09-26 05:30:00-06:00,COR001,MP003,S002,69.0,69.0,26.0,26.0,0.0,0.0,1.0,1.0,69,69,0.0,1,False,2026-09-26,5,Saturday,Weekend
2026-09-26 05:30:00-06:00,COR001,MP004,S002,58.0,64.0,129.0,117.0,12.0,9.375,1.1025641025641026,0.992105,58,58,0.0,1,False,2026-09-26,5,Saturday,Weekend
2026-09-26 05:30:00-06:00,COR001,MP005,S003,78.0,78.0,132.0,132.0,0.0,0.0,1.0,1.0,78,78,0.0,1,False,2026-09-26,5,Saturday,Weekend
2026-09-26 05:30:00-06:00,COR001,MP006,S003,78.0,78.0,132.0,132.0,0.0,0.0,1.0,1.0,78,78,0.0,1,False,2026-09-26,5,Saturday,Weekend
2026-09-26 06:00:00-06:00,COR001,MP001,S001,71.0,71.0,186.0,186.0,0.0,0.0,1.0,1.0,71,71,0.0,1,False,2026-09-26,6,Saturday,Weekend
2026-09-26 06:00:00-06:00,COR001,MP002,S001,71.0,71.0,186.0,186.0,0.0,0.0,1.0,1.0,71,71,0.0,1,False,2026-09-26,6,Saturday,Weekend
2026-09-26 06:00:00-06:00,COR001,MP003,S002,69.0,69.0,26.0,26.0,0.0,0.0,1.0,1.0,69,69,0.0,1,False,2026-09-26,6,Saturday,Weekend
2026-09-26 06:00:00-06:00,COR001,MP004,S002,64.0,64.0,117.0,117.0,0.0,0.0,1.0,1.0,64,64,0.0,1,False,2026-09-26,6,Saturday,Weekend
2026-09-26 06:00:00-06:00,COR001,MP005,S003,78.0,78.0,132.0,132.0,0.0,0.0,1.0,1.0,78,78,0.0,1,False,2026-09-26,6,Saturday,Weekend
2026-09-26 06:00:00-06:00,COR001,MP006,S003,78.0,78.0,132.0,132.0,0.0,0.0,1.0,1.0,78,78,0.0,1,False,2026-09-26,6,Saturday,Weekend
2026-09-26 06:30:00-06:00,COR001,MP001,S001,71.0,71.0,186.0,186.0,0.0,0.0,1.0,1.0,71,71,0.0,1,False,2026-09-26,6,Saturday,Weekend
2026-09-26 06:30:00-06:00,COR001,MP002,S001,71.0,71.0,186.0,186.0,0.0,0.0,1.0,1.0,71,71,0.0,1,False,2026-09-26,6,Saturday,Weekend
2026-09-26 06:30:00-06:00,COR001,MP003,S002,69.0,69.0,26.0,26.0,0.0,0.0,1.0,1.0,69,69,0.0,1,False,2026-09-26,6,Saturday,Weekend
2026-09-26 06:30:00-06:00,COR001,MP004,S002,64.0,64.0,117.0,117.0,0.0,0.0,1.0,1.0,64,64,0.0,1,False,2026-09-26,6,Saturday,Weekend
2026-09-26 06:30:00-06:00,COR001,MP005,S003,78.0,78.0,132.0,132.0,0.0,0.0,1.0,1.0,78,78,0.0,1,False,2026-09-26,6,Saturday,Weekend
2026-09-26 06:30:00-06:00,COR001,MP006,S003,78.0,78.0,132.0,132.0,0.0,0.0,1.0,1.0,78,78,0.0,1,False,2026-09-26,6,Saturday,Weekend
2026-09-26 07:00:00-06:00,COR001,MP001,S001,71.0,71.0,186.0,186.0,0.0,0.0,1.0,1.0,71,71,0.0,1,False,2026-09-26,7,Saturday,Weekend
2026-09-26 07:00:00-06:00,COR001,MP002,S001,71.0,71.0,186.0,186.0,0.0,0.0,1.0,1.0,71,71,0.0,1,False,2026-09-26,7,Saturday,Weekend
2026-09-26 07:00:00-06:00,COR001,MP003,S002,69.0,69.0,26.0,26.0,0.0,0.0,1.0,1.0,69,69,0.0,1,False,2026-09-26,7,Saturday,Weekend
2026-09-26 07:00:00-06:00,COR001,MP004,S002,64.0,64.0,117.0,117.0,0.0,0.0,1.0,1.0,64,64,0.0,1,False,2026-09-26,7,Saturday,Weekend
2026-09-26 07:00:00-06:00,COR001,MP005,S003,78.0,78.0,132.0,132.0,0.0,0.0,1.0,1.0,78,78,0.0,1,False,2026-09-26,7,Saturday,Weekend
2026-09-26 07:00:00-06:00,COR001,MP006,S003,78.0,78.0,132.0,132.0,0.0,0.0,1.0,1.0,78,78,0.0,1,False,2026-09-26,7,Saturday,Weekend
2026-09-26 07:30:00-06:00,COR001,MP001,S001,71.0,71.0,186.0,186.0,0.0,0.0,1.0,1.0,71,71,0.0,1,False,2026-09-26,7,Saturday,Weekend
2026-09-26 07:30:00-06:00,COR001,MP002,S001,71.0,71.0,186.0,186.0,0.0,0.0,1.0,1.0,71,71,0.0,1,False,2026-09-26,7,Saturday,Weekend
2026-09-26 07:30:00-06:00,COR001,MP003,S002,69.0,69.0,26.0,26.0,0.0,0.0,1.0,1.0,69,69,0.0,1,False,2026-09-26,7,Saturday,Weekend
2026-09-26 07:30:00-06:00,COR001,MP004,S002,64.0,64.0,117.0,117.0,0.0,0.0,1.0,1.0,64,64,0.0,1,False,2026-09-26,7,Saturday,Weekend
2026-09-26 07:30:00-06:00,COR001,MP005,S003,78.0,78.0,132.0,132.0,0.0,0.0,1.0,1.0,78,78,0.0,1,False,2026-09-26,7,Saturday,Weekend
2026-09-26 07:30:00-06:00,COR001,MP006,S003,78.0,78.0,132.0,132.0,0.0,0.0,1.0,1.0,78,78,0.0,1,False,2026-09-26,7,Saturday,Weekend
2026-09-26 08:00:00-06:00,COR001,MP001,S001,71.0,71.0,186.0,186.0,0.0,0.0,1.0,1.0,71,71,0.0,1,False,2026-09-26,8,Saturday,Weekend
2026-09-26 08:00:00-06:00,COR001,MP002,S001,71.0,71.0,186.0,186.0,0.0,0.0,1.0,1.0,71,71,0.0,1,False,2026-09-26,8,Saturday,Weekend
2026-09-26 08:00:00-06:00,COR001,MP003,S002,69.0,69.0,26.0,26.0,0.0,0.0,1.0,1.0,69,69,0.0,1,False,2026-09-26,8,Saturday,Weekend
2026-09-26 08:00:00-06:00,COR001,MP004,S002,48.0,64.0,156.0,117.0,39.0,25.0,1.3333333333333333,0.998276,48,48,0.0,1,False,2026-09-26,8,Saturday,Weekend
2026-09-26 08:00:00-06:00,COR001,MP005,S003,60.0,77.0,171.0,133.0,38.0,22.07792207792208,1.2857142857142858,1.0,60,60,0.0,1,False,2026-09-26,8,Saturday,Weekend
2026-09-26 08:00:00-06:00,COR001,MP006,S003,60.0,77.0,171.0,133.0,38.0,22.07792207792208,1.2857142857142858,1.0,60,60,0.0,1,False,2026-09-26,8,Saturday,Weekend
2026-09-26 08:30:00-06:00,COR001,MP001,S001,71.0,71.0,186.0,186.0,0.0,0.0,1.0,1.0,71,71,0.0,1,False,2026-09-26,8,Saturday,Weekend
2026-09-26 08:30:00-06:00,COR001,MP002,S001,71.0,71.0,186.0,186.0,0.0,0.0,1.0,1.0,71,71,0.0,1,False,2026-09-26,8,Saturday,Weekend
2026-09-26 08:30:00-06:00,COR001,MP003,S002,69.0,69.0,26.0,26.0,0.0,0.0,1.0,1.0,69,69,0.0,1,False,2026-09-26,8,Saturday,Weekend
2026-09-26 08:30:00-06:00,COR001,MP004,S002,57.0,64.0,131.0,117.0,14.0,10.9375,1.1196581196581197,0.998276,57,57,0.0,1,False,2026-09-26,8,Saturday,Weekend
2026-09-26 08:30:00-06:00,COR001,MP005,S003,78.0,78.0,132.0,132.0,0.0,0.0,1.0,1.0,78,78,0.0,1,False,2026-09-26,8,Saturday,Weekend
2026-09-26 08:30:00-06:00,COR001,MP006,S003,78.0,78.0,132.0,132.0,0.0,0.0,1.0,1.0,78,78,0.0,1,False,2026-09-26,8,Saturday,Weekend
2026-09-26 09:00:00-06:00,COR001,MP001,S001,71.0,71.0,186.0,186.0,0.0,0.0,1.0,1.0,71,71,0.0,1,False,2026-09-26,9,Saturday,Weekend
2026-09-26 09:00:00-06:00,COR001,MP002,S001,71.0,71.0,186.0,186.0,0.0,0.0,1.0,1.0,71,71,0.0,1,False,2026-09-26,9,Saturday,Weekend
2026-09-26 09:00:00-06:00,COR001,MP003,S002,69.0,69.0,26.0,26.0,0.0,0.0,1.0,1.0,69,69,0.0,1,False,2026-09-26,9,Saturday,Weekend
2026-09-26 09:00:00-06:00,COR001,MP004,S002,64.0,64.0,117.0,117.0,0.0,0.0,1.0,1.0,64,64,0.0,1,False,2026-09-26,9,Saturday,Weekend
2026-09-26 09:00:00-06:00,COR001,MP005,S003,78.0,78.0,132.0,132.0,0.0,0.0,1.0,1.0,78,78,0.0,1,False,2026-09-26,9,Saturday,Weekend
2026-09-26 09:00:00-06:00,COR001,MP006,S003,78.0,78.0,132.0,132.0,0.0,0.0,1.0,1.0,78,78,0.0,1,False,2026-09-26,9,Saturday,Weekend
2026-09-26 09:30:00-06:00,COR001,MP001,S001,71.0,71.0,186.0,186.0,0.0,0.0,1.0,1.0,71,71,0.0,1,False,2026-09-26,9,Saturday,Weekend
2026-09-26 09:30:00-06:00,COR001,MP002,S001,71.0,71.0,186.0,186.0,0.0,0.0,1.0,1.0,71,71,0.0,1,False,2026-09-26,9,Saturday,Weekend
2026-09-26 09:30:00-06:00,COR001,MP003,S002,69.0,69.0,26.0,26.0,0.0,0.0,1.0,1.0,69,69,0.0,1,False,2026-09-26,9,Saturday,Weekend
2026-09-26 09:30:00-06:00,COR001,MP004,S002,64.0,64.0,117.0,117.0,0.0,0.0,1.0,1.0,64,64,0.0,1,False,2026-09-26,9,Saturday,Weekend
2026-09-26 09:30:00-06:00,COR001,MP005,S003,78.0,78.0,132.0,132.0,0.0,0.0,1.0,1.0,78,78,0.0,1,False,2026-09-26,9,Saturday,Weekend
2026-09-26 09:30:00-06:00,COR001,MP006,S003,78.0,78.0,132.0,132.0,0.0,0.0,1.0,1.0,78,78,0.0,1,False,2026-09-26,9,Saturday,Weekend
2026-09-26 10:00:00-06:00,COR001,MP001,S001,71.0,71.0,186.0,186.0,0.0,0.0,1.0,1.0,71,71,0.0,1,False,2026-09-26,10,Saturday,Weekend
2026-09-26 10:00:00-06:00,COR001,MP002,S001,71.0,71.0,186.0,186.0,0.0,0.0,1.0,1.0,71,71,0.0,1,False,2026-09-26,10,Saturday,Weekend
2026-09-26 10:00:00-06:00,COR001,MP003,S002,69.0,69.0,26.0,26.0,0.0,0.0,1.0,1.0,69,69,0.0,1,False,2026-09-26,10,Saturday,Weekend
2026-09-26 10:00:00-06:00,COR001,MP004,S002,51.0,64.0,147.0,117.0,30.0,20.3125,1.2564102564102564,1.0,51,51,0.0,1,False,2026-09-26,10,Saturday,Weekend
2026-09-26 10:00:00-06:00,COR001,MP005,S003,63.0,77.0,163.0,133.0,30.0,18.181818181818183,1.2255639097744362,1.0,63,63,0.0,1,False,2026-09-26,10,Saturday,Weekend
2026-09-26 10:00:00-06:00,COR001,MP006,S003,63.0,77.0,163.0,133.0,30.0,18.181818181818183,1.2255639097744362,1.0,63,63,0.0,1,False,2026-09-26,10,Saturday,Weekend
2026-09-26 10:30:00-06:00,COR001,MP001,S001,71.0,71.0,186.0,186.0,0.0,0.0,1.0,1.0,71,71,0.0,1,False,2026-09-26,10,Saturday,Weekend
2026-09-26 10:30:00-06:00,COR001,MP002,S001,71.0,71.0,186.0,186.0,0.0,0.0,1.0,1.0,71,71,0.0,1,False,2026-09-26,10,Saturday,Weekend
2026-09-26 10:30:00-06:00,COR001,MP003,S002,69.0,69.0,26.0,26.0,0.0,0.0,1.0,1.0,69,69,0.0,1,False,2026-09-26,10,Saturday,Weekend
2026-09-26 10:30:00-06:00,COR001,MP004,S002,59.0,64.0,127.0,117.0,10.0,7.8125,1.0854700854700854,0.998276,59,59,0.0,1,False,2026-09-26,10,Saturday,Weekend
2026-09-26 10:30:00-06:00,COR001,MP005,S003,78.0,78.0,132.0,132.0,0.0,0.0,1.0,1.0,78,78,0.0,1,False,2026-09-26,10,Saturday,Weekend
2026-09-26 10:30:00-06:00,COR001,MP006,S003,78.0,78.0,132.0,132.0,0.0,0.0,1.0,1.0,78,78,0.0,1,False,2026-09-26,10,Saturday,Weekend
2026-09-26 11:00:00-06:00,COR001,MP001,S001,71.0,71.0,186.0,186.0,0.0,0.0,1.0,1.0,71,71,0.0,1,False,2026-09-26,11,Saturday,Weekend
2026-09-26 11:00:00-06:00,COR001,MP002,S001,71.0,71.0,186.0,186.0,0.0,0.0,1.0,1.0,71,71,0.0,1,False,2026-09-26,11,Saturday,Weekend
2026-09-26 11:00:00-06:00,COR001,MP003,S002,69.0,69.0,26.0,26.0,0.0,0.0,1.0,1.0,69,69,0.0,1,False,2026-09-26,11,Saturday,Weekend
2026-09-26 11:00:00-06:00,COR001,MP004,S002,40.0,64.0,187.0,117.0,70.0,37.5,1.5982905982905984,1.0,40,40,0.0,1,False,2026-09-26,11,Saturday,Weekend
2026-09-26 11:00:00-06:00,COR001,MP005,S003,78.0,78.0,132.0,132.0,0.0,0.0,1.0,1.0,78,78,0.0,1,False,2026-09-26,11,Saturday,Weekend
2026-09-26 11:00:00-06:00,COR001,MP006,S003,78.0,78.0,132.0,132.0,0.0,0.0,1.0,1.0,78,78,0.0,1,False,2026-09-26,11,Saturday,Weekend
2026-09-26 11:30:00-06:00,COR001,MP001,S001,71.0,71.0,186.0,186.0,0.0,0.0,1.0,1.0,71,71,0.0,1,False,2026-09-26,11,Saturday,Weekend
2026-09-26 11:30:00-06:00,COR001,MP002,S001,71.0,71.0,186.0,186.0,0.0,0.0,1.0,1.0,71,71,0.0,1,False,2026-09-26,11,Saturday,Weekend
2026-09-26 11:30:00-06:00,COR001,MP003,S002,69.0,69.0,26.0,26.0,0.0,0.0,1.0,1.0,69,69,0.0,1,False,2026-09-26,11,Saturday,Weekend
2026-09-26 11:30:00-06:00,COR001,MP004,S002,54.0,63.0,139.0,119.0,20.0,14.285714285714285,1.1680672268907564,1.0,54,54,0.0,1,False,2026-09-26,11,Saturday,Weekend
2026-09-26 11:30:00-06:00,COR001,MP005,S003,61.0,77.0,169.0,133.0,36.0,20.77922077922078,1.2706766917293233,1.0,61,61,0.0,1,False,2026-09-26,11,Saturday,Weekend
2026-09-26 11:30:00-06:00,COR001,MP006,S003,61.0,77.0,169.0,133.0,36.0,20.77922077922078,1.2706766917293233,1.0,61,61,0.0,1,False,2026-09-26,11,Saturday,Weekend
2026-09-26 12:00:00-06:00,COR001,MP001,S001,71.0,71.0,186.0,186.0,0.0,0.0,1.0,1.0,71,71,0.0,1,False,2026-09-26,12,Saturday,Weekend
2026-09-26 12:00:00-06:00,COR001,MP002,S001,71.0,71.0,186.0,186.0,0.0,0.0,1.0,1.0,71,71,0.0,1,False,2026-09-26,12,Saturday,Weekend
2026-09-26 12:00:00-06:00,COR001,MP003,S002,53.0,70.0,34.0,26.0,8.0,24.285714285714285,1.3076923076923077,1.0,53,53,0.0,1,False,2026-09-26,12,Saturday,Weekend
2026-09-26 12:00:00-06:00,COR001,MP004,S002,64.0,64.0,117.0,117.0,0.0,0.0,1.0,1.0,64,64,0.0,1,False,2026-09-26,12,Saturday,Weekend
2026-09-26 12:00:00-06:00,COR001,MP005,S003,78.0,78.0,132.0,132.0,0.0,0.0,1.0,1.0,78,78,0.0,1,False,2026-09-26,12,Saturday,Weekend
2026-09-26 12:00:00-06:00,COR001,MP006,S003,78.0,78.0,132.0,132.0,0.0,0.0,1.0,1.0,78,78,0.0,1,False,2026-09-26,12,Saturday,Weekend
2026-09-26 12:30:00-06:00,COR001,MP001,S001,57.0,70.0,232.0,189.0,43.0,18.571428571428573,1.2275132275132274,1.0,57,57,0.0,1,False,2026-09-26,12,Saturday,Weekend
2026-09-26 12:30:00-06:00,COR001,MP002,S001,57.0,70.0,232.0,189.0,43.0,18.571428571428573,1.2275132275132274,1.0,57,57,0.0,1,False,2026-09-26,12,Saturday,Weekend
2026-09-26 12:30:00-06:00,COR001,MP003,S002,39.0,69.0,46.0,26.0,20.0,43.47826086956522,1.7692307692307692,1.0,39,39,0.0,1,False,2026-09-26,12,Saturday,Weekend
2026-09-26 12:30:00-06:00,COR001,MP004,S002,47.0,64.0,159.0,117.0,42.0,26.5625,1.358974358974359,0.995548,47,47,0.0,1,False,2026-09-26,12,Saturday,Weekend
2026-09-26 12:30:00-06:00,COR001,MP005,S003,64.0,78.0,161.0,132.0,29.0,17.94871794871795,1.2196969696969695,1.0,64,64,0.0,1,False,2026-09-26,12,Saturday,Weekend
2026-09-26 12:30:00-06:00,COR001,MP006,S003,64.0,78.0,161.0,132.0,29.0,17.94871794871795,1.2196969696969695,1.0,64,64,0.0,1,False,2026-09-26,12,Saturday,Weekend
2026-09-26 13:00:00-06:00,COR001,MP001,S001,71.0,71.0,186.0,186.0,0.0,0.0,1.0,1.0,71,71,0.0,1,False,2026-09-26,13,Saturday,Weekend
2026-09-26 13:00:00-06:00,COR001,MP002,S001,71.0,71.0,186.0,186.0,0.0,0.0,1.0,1.0,71,71,0.0,1,False,2026-09-26,13,Saturday,Weekend
2026-09-26 13:00:00-06:00,COR001,MP003,S002,69.0,69.0,26.0,26.0,0.0,0.0,1.0,1.0,69,69,0.0,1,False,2026-09-26,13,Saturday,Weekend
2026-09-26 13:00:00-06:00,COR001,MP004,S002,49.0,64.0,153.0,117.0,36.0,23.4375,1.3076923076923077,1.0,49,49,0.0,1,False,2026-09-26,13,Saturday,Weekend
2026-09-26 13:00:00-06:00,COR001,MP005,S003,51.0,77.0,202.0,133.0,69.0,33.76623376623377,1.518796992481203,1.0,51,51,0.0,1,False,2026-09-26,13,Saturday,Weekend
2026-09-26 13:00:00-06:00,COR001,MP006,S003,51.0,77.0,202.0,133.0,69.0,33.76623376623377,1.518796992481203,1.0,51,51,0.0,1,False,2026-09-26,13,Saturday,Weekend
2026-09-26 13:30:00-06:00,COR001,MP001,S001,71.0,71.0,186.0,186.0,0.0,0.0,1.0,1.0,71,71,0.0,1,False,2026-09-26,13,Saturday,Weekend
2026-09-26 13:30:00-06:00,COR001,MP002,S001,71.0,71.0,186.0,186.0,0.0,0.0,1.0,1.0,71,71,0.0,1,False,2026-09-26,13,Saturday,Weekend
2026-09-26 13:30:00-06:00,COR001,MP003,S002,47.0,69.0,38.0,26.0,12.0,31.88405797101449,1.4615384615384617,1.0,47,47,0.0,1,False,2026-09-26,13,Saturday,Weekend
2026-09-26 13:30:00-06:00,COR001,MP004,S002,25.0,63.0,300.0,119.0,181.0,60.31746031746032,2.5210084033613445,1.0,25,25,0.0,1,False,2026-09-26,13,Saturday,Weekend
2026-09-26 13:30:00-06:00,COR001,MP005,S003,52.0,78.0,198.0,132.0,66.0,33.33333333333333,1.5,1.0,52,52,0.0,1,False,2026-09-26,13,Saturday,Weekend
2026-09-26 13:30:00-06:00,COR001,MP006,S003,52.0,78.0,198.0,132.0,66.0,33.33333333333333,1.5,1.0,52,52,0.0,1,False,2026-09-26,13,Saturday,Weekend
2026-09-26 14:00:00-06:00,COR001,MP001,S001,55.0,70.0,240.0,189.0,51.0,21.428571428571427,1.2698412698412698,1.0,55,55,0.0,1,False,2026-09-26,14,Saturday,Weekend
2026-09-26 14:00:00-06:00,COR001,MP002,S001,55.0,70.0,240.0,189.0,51.0,21.428571428571427,1.2698412698412698,1.0,55,55,0.0,1,False,2026-09-26,14,Saturday,Weekend
2026-09-26 14:00:00-06:00,COR001,MP003,S002,20.0,68.0,91.0,26.0,65.0,70.58823529411765,3.5,1.0,20,20,0.0,1,False,2026-09-26,14,Saturday,Weekend
2026-09-26 14:00:00-06:00,COR001,MP004,S002,19.0,64.0,395.0,117.0,278.0,70.3125,3.376068376068376,1.0,19,19,0.0,1,False,2026-09-26,14,Saturday,Weekend
2026-09-26 14:00:00-06:00,COR001,MP005,S003,52.0,78.0,198.0,132.0,66.0,33.33333333333333,1.5,1.0,52,52,0.0,1,False,2026-09-26,14,Saturday,Weekend
2026-09-26 14:00:00-06:00,COR001,MP006,S003,52.0,78.0,198.0,132.0,66.0,33.33333333333333,1.5,1.0,52,52,0.0,1,False,2026-09-26,14,Saturday,Weekend
2026-09-26 14:30:00-06:00,COR001,MP001,S001,53.0,70.0,250.0,189.0,61.0,24.285714285714285,1.3227513227513228,1.0,53,53,0.0,1,False,2026-09-26,14,Saturday,Weekend
2026-09-26 14:30:00-06:00,COR001,MP002,S001,53.0,70.0,250.0,189.0,61.0,24.285714285714285,1.3227513227513228,1.0,53,53,0.0,1,False,2026-09-26,14,Saturday,Weekend
2026-09-26 14:30:00-06:00,COR001,MP003,S002,15.0,69.0,121.0,26.0,95.0,78.26086956521739,4.653846153846154,0.99,15,15,0.0,1,False,2026-09-26,14,Saturday,Weekend
2026-09-26 14:30:00-06:00,COR001,MP004,S002,15.0,62.0,501.0,121.0,380.0,75.80645161290323,4.140495867768595,1.0,15,15,0.0,1,False,2026-09-26,14,Saturday,Weekend
2026-09-26 14:30:00-06:00,COR001,MP005,S003,50.0,78.0,206.0,132.0,74.0,35.8974358974359,1.5606060606060606,1.0,50,50,0.0,1,False,2026-09-26,14,Saturday,Weekend
2026-09-26 14:30:00-06:00,COR001,MP006,S003,50.0,78.0,206.0,132.0,74.0,35.8974358974359,1.5606060606060606,1.0,50,50,0.0,1,False,2026-09-26,14,Saturday,Weekend
2026-09-26 15:00:00-06:00,COR001,MP001,S001,41.0,70.0,323.0,189.0,134.0,41.42857142857143,1.708994708994709,0.996513,41,41,0.0,1,False,2026-09-26,15,Saturday,Weekend
2026-09-26 15:00:00-06:00,COR001,MP002,S001,41.0,70.0,323.0,189.0,134.0,41.42857142857143,1.708994708994709,0.996513,41,41,0.0,1,False,2026-09-26,15,Saturday,Weekend
2026-09-26 15:00:00-06:00,COR001,MP003,S002,10.0,69.0,182.0,26.0,156.0,85.5072463768116,7.0,1.0,10,10,0.0,1,False,2026-09-26,15,Saturday,Weekend
2026-09-26 15:00:00-06:00,COR001,MP004,S002,14.0,63.0,537.0,119.0,418.0,77.77777777777779,4.512605042016807,1.0,14,14,0.0,1,False,2026-09-26,15,Saturday,Weekend
2026-09-26 15:00:00-06:00,COR001,MP005,S003,53.0,77.0,194.0,133.0,61.0,31.16883116883117,1.4586466165413534,1.0,53,53,0.0,1,False,2026-09-26,15,Saturday,Weekend
2026-09-26 15:00:00-06:00,COR001,MP006,S003,53.0,77.0,194.0,133.0,61.0,31.16883116883117,1.4586466165413534,1.0,53,53,0.0,1,False,2026-09-26,15,Saturday,Weekend
2026-09-26 15:30:00-06:00,COR001,MP001,S001,50.0,70.0,265.0,189.0,76.0,28.57142857142857,1.402116402116402,0.999294,50,50,0.0,1,False,2026-09-26,15,Saturday,Weekend
2026-09-26 15:30:00-06:00,COR001,MP002,S001,50.0,70.0,265.0,189.0,76.0,28.57142857142857,1.402116402116402,0.999294,50,50,0.0,1,False,2026-09-26,15,Saturday,Weekend
2026-09-26 15:30:00-06:00,COR001,MP003,S002,13.0,66.0,140.0,27.0,113.0,80.3030303030303,5.185185185185185,1.0,13,13,0.0,1,False,2026-09-26,15,Saturday,Weekend
2026-09-26 15:30:00-06:00,COR001,MP004,S002,17.0,65.0,442.0,115.0,327.0,73.84615384615385,3.843478260869565,0.998415,17,17,0.0,1,False,2026-09-26,15,Saturday,Weekend
2026-09-26 15:30:00-06:00,COR001,MP005,S003,57.0,77.0,180.0,133.0,47.0,25.97402597402597,1.3533834586466165,1.0,57,57,0.0,1,False,2026-09-26,15,Saturday,Weekend
2026-09-26 15:30:00-06:00,COR001,MP006,S003,57.0,77.0,180.0,133.0,47.0,25.97402597402597,1.3533834586466165,1.0,57,57,0.0,1,False,2026-09-26,15,Saturday,Weekend
2026-09-26 16:00:00-06:00,COR001,MP001,S001,57.0,70.0,232.0,189.0,43.0,18.571428571428573,1.2275132275132274,0.997349,57,57,0.0,1,False,2026-09-26,16,Saturday,Weekend
2026-09-26 16:00:00-06:00,COR001,MP002,S001,57.0,70.0,232.0,189.0,43.0,18.571428571428573,1.2275132275132274,0.997349,57,57,0.0,1,False,2026-09-26,16,Saturday,Weekend
2026-09-26 16:00:00-06:00,COR001,MP003,S002,19.0,68.0,95.0,26.0,69.0,72.05882352941177,3.6538461538461537,1.0,19,19,0.0,1,False,2026-09-26,16,Saturday,Weekend
2026-09-26 16:00:00-06:00,COR001,MP004,S002,17.0,63.0,442.0,119.0,323.0,73.01587301587301,3.7142857142857135,1.0,17,17,0.0,1,False,2026-09-26,16,Saturday,Weekend
2026-09-26 16:00:00-06:00,COR001,MP005,S003,50.0,77.0,206.0,133.0,73.0,35.064935064935064,1.5488721804511278,1.0,50,50,0.0,1,False,2026-09-26,16,Saturday,Weekend
2026-09-26 16:00:00-06:00,COR001,MP006,S003,50.0,77.0,206.0,133.0,73.0,35.064935064935064,1.5488721804511278,1.0,50,50,0.0,1,False,2026-09-26,16,Saturday,Weekend
2026-09-26 16:30:00-06:00,COR001,MP001,S001,60.0,71.0,220.0,186.0,34.0,15.492957746478872,1.1827956989247312,1.0,60,60,0.0,1,False,2026-09-26,16,Saturday,Weekend
2026-09-26 16:30:00-06:00,COR001,MP002,S001,60.0,71.0,220.0,186.0,34.0,15.492957746478872,1.1827956989247312,1.0,60,60,0.0,1,False,2026-09-26,16,Saturday,Weekend
2026-09-26 16:30:00-06:00,COR001,MP003,S002,30.0,69.0,60.0,26.0,34.0,56.52173913043478,2.3076923076923075,1.0,30,30,0.0,1,False,2026-09-26,16,Saturday,Weekend
2026-09-26 16:30:00-06:00,COR001,MP004,S002,20.0,64.0,375.0,117.0,258.0,68.75,3.2051282051282053,1.0,20,20,0.0,1,False,2026-09-26,16,Saturday,Weekend
2026-09-26 16:30:00-06:00,COR001,MP005,S003,57.0,77.0,180.0,133.0,47.0,25.97402597402597,1.3533834586466165,1.0,57,57,0.0,1,False,2026-09-26,16,Saturday,Weekend
2026-09-26 16:30:00-06:00,COR001,MP006,S003,57.0,77.0,180.0,133.0,47.0,25.97402597402597,1.3533834586466165,1.0,57,57,0.0,1,False,2026-09-26,16,Saturday,Weekend
2026-09-26 17:00:00-06:00,COR001,MP001,S001,71.0,71.0,186.0,186.0,0.0,0.0,1.0,1.0,71,71,0.0,1,False,2026-09-26,17,Saturday,Weekend
2026-09-26 17:00:00-06:00,COR001,MP002,S001,71.0,71.0,186.0,186.0,0.0,0.0,1.0,1.0,71,71,0.0,1,False,2026-09-26,17,Saturday,Weekend
2026-09-26 17:00:00-06:00,COR001,MP003,S002,37.0,69.0,49.0,26.0,23.0,46.3768115942029,1.8846153846153848,1.0,37,37,0.0,1,False,2026-09-26,17,Saturday,Weekend
2026-09-26 17:00:00-06:00,COR001,MP004,S002,24.0,64.0,313.0,117.0,196.0,62.5,2.675213675213675,1.0,24,24,0.0,1,False,2026-09-26,17,Saturday,Weekend
2026-09-26 17:00:00-06:00,COR001,MP005,S003,54.0,78.0,190.0,132.0,58.0,30.76923076923077,1.4393939393939394,1.0,54,54,0.0,1,False,2026-09-26,17,Saturday,Weekend
2026-09-26 17:00:00-06:00,COR001,MP006,S003,54.0,78.0,190.0,132.0,58.0,30.76923076923077,1.4393939393939394,1.0,54,54,0.0,1,False,2026-09-26,17,Saturday,Weekend
2026-09-26 17:30:00-06:00,COR001,MP001,S001,71.0,71.0,186.0,186.0,0.0,0.0,1.0,1.0,71,71,0.0,1,False,2026-09-26,17,Saturday,Weekend
2026-09-26 17:30:00-06:00,COR001,MP002,S001,71.0,71.0,186.0,186.0,0.0,0.0,1.0,1.0,71,71,0.0,1,False,2026-09-26,17,Saturday,Weekend
2026-09-26 17:30:00-06:00,COR001,MP003,S002,57.0,69.0,31.0,26.0,5.0,17.391304347826086,1.1923076923076923,1.0,57,57,0.0,1,False,2026-09-26,17,Saturday,Weekend
2026-09-26 17:30:00-06:00,COR001,MP004,S002,40.0,63.0,187.0,119.0,68.0,36.507936507936506,1.5714285714285714,1.0,40,40,0.0,1,False,2026-09-26,17,Saturday,Weekend
2026-09-26 17:30:00-06:00,COR001,MP005,S003,53.0,78.0,194.0,132.0,62.0,32.05128205128205,1.4696969696969695,1.0,53,53,0.0,1,False,2026-09-26,17,Saturday,Weekend
2026-09-26 17:30:00-06:00,COR001,MP006,S003,53.0,78.0,194.0,132.0,62.0,32.05128205128205,1.4696969696969695,1.0,53,53,0.0,1,False,2026-09-26,17,Saturday,Weekend
2026-09-26 18:00:00-06:00,COR001,MP001,S001,71.0,71.0,186.0,186.0,0.0,0.0,1.0,1.0,71,71,0.0,1,False,2026-09-26,18,Saturday,Weekend
2026-09-26 18:00:00-06:00,COR001,MP002,S001,71.0,71.0,186.0,186.0,0.0,0.0,1.0,1.0,71,71,0.0,1,False,2026-09-26,18,Saturday,Weekend
2026-09-26 18:00:00-06:00,COR001,MP003,S002,69.0,69.0,26.0,26.0,0.0,0.0,1.0,1.0,69,69,0.0,1,False,2026-09-26,18,Saturday,Weekend
2026-09-26 18:00:00-06:00,COR001,MP004,S002,64.0,64.0,117.0,117.0,0.0,0.0,1.0,1.0,64,64,0.0,1,False,2026-09-26,18,Saturday,Weekend
2026-09-26 18:00:00-06:00,COR001,MP005,S003,78.0,78.0,132.0,132.0,0.0,0.0,1.0,1.0,78,78,0.0,1,False,2026-09-26,18,Saturday,Weekend
2026-09-26 18:00:00-06:00,COR001,MP006,S003,78.0,78.0,132.0,132.0,0.0,0.0,1.0,1.0,78,78,0.0,1,False,2026-09-26,18,Saturday,Weekend
2026-09-26 18:30:00-06:00,COR001,MP001,S001,71.0,71.0,186.0,186.0,0.0,0.0,1.0,1.0,71,71,0.0,1,False,2026-09-26,18,Saturday,Weekend
2026-09-26 18:30:00-06:00,COR001,MP002,S001,71.0,71.0,186.0,186.0,0.0,0.0,1.0,1.0,71,71,0.0,1,False,2026-09-26,18,Saturday,Weekend
2026-09-26 18:30:00-06:00,COR001,MP003,S002,69.0,69.0,26.0,26.0,0.0,0.0,1.0,1.0,69,69,0.0,1,False,2026-09-26,18,Saturday,Weekend
2026-09-26 18:30:00-06:00,COR001,MP004,S002,64.0,64.0,117.0,117.0,0.0,0.0,1.0,1.0,64,64,0.0,1,False,2026-09-26,18,Saturday,Weekend
2026-09-26 18:30:00-06:00,COR001,MP005,S003,60.0,78.0,171.0,132.0,39.0,23.07692307692308,1.2954545454545454,1.0,60,60,0.0,1,False,2026-09-26,18,Saturday,Weekend
2026-09-26 18:30:00-06:00,COR001,MP006,S003,60.0,78.0,171.0,132.0,39.0,23.07692307692308,1.2954545454545454,1.0,60,60,0.0,1,False,2026-09-26,18,Saturday,Weekend
2026-09-26 19:00:00-06:00,COR001,MP001,S001,71.0,71.0,186.0,186.0,0.0,0.0,1.0,1.0,71,71,0.0,1,False,2026-09-26,19,Saturday,Weekend
2026-09-26 19:00:00-06:00,COR001,MP002,S001,71.0,71.0,186.0,186.0,0.0,0.0,1.0,1.0,71,71,0.0,1,False,2026-09-26,19,Saturday,Weekend
2026-09-26 19:00:00-06:00,COR001,MP003,S002,69.0,69.0,26.0,26.0,0.0,0.0,1.0,1.0,69,69,0.0,1,False,2026-09-26,19,Saturday,Weekend
2026-09-26 19:00:00-06:00,COR001,MP004,S002,64.0,64.0,117.0,117.0,0.0,0.0,1.0,1.0,64,64,0.0,1,False,2026-09-26,19,Saturday,Weekend
2026-09-26 19:00:00-06:00,COR001,MP005,S003,56.0,77.0,184.0,133.0,51.0,27.27272727272727,1.3834586466165413,1.0,56,56,0.0,1,False,2026-09-26,19,Saturday,Weekend
2026-09-26 19:00:00-06:00,COR001,MP006,S003,56.0,77.0,184.0,133.0,51.0,27.27272727272727,1.3834586466165413,1.0,56,56,0.0,1,False,2026-09-26,19,Saturday,Weekend
2026-09-26 19:30:00-06:00,COR001,MP001,S001,71.0,71.0,186.0,186.0,0.0,0.0,1.0,1.0,71,71,0.0,1,False,2026-09-26,19,Saturday,Weekend
2026-09-26 19:30:00-06:00,COR001,MP002,S001,71.0,71.0,186.0,186.0,0.0,0.0,1.0,1.0,71,71,0.0,1,False,2026-09-26,19,Saturday,Weekend
2026-09-26 19:30:00-06:00,COR001,MP003,S002,51.0,68.0,35.0,26.0,9.0,25.0,1.3461538461538465,1.0,51,51,0.0,1,False,2026-09-26,19,Saturday,Weekend
2026-09-26 19:30:00-06:00,COR001,MP004,S002,64.0,64.0,117.0,117.0,0.0,0.0,1.0,1.0,64,64,0.0,1,False,2026-09-26,19,Saturday,Weekend
2026-09-26 19:30:00-06:00,COR001,MP005,S003,57.0,77.0,180.0,133.0,47.0,25.97402597402597,1.3533834586466165,1.0,57,57,0.0,1,False,2026-09-26,19,Saturday,Weekend
2026-09-26 19:30:00-06:00,COR001,MP006,S003,57.0,77.0,180.0,133.0,47.0,25.97402597402597,1.3533834586466165,1.0,57,57,0.0,1,False,2026-09-26,19,Saturday,Weekend
2026-09-26 20:00:00-06:00,COR001,MP001,S001,71.0,71.0,186.0,186.0,0.0,0.0,1.0,1.0,71,71,0.0,1,False,2026-09-26,20,Saturday,Weekend
2026-09-26 20:00:00-06:00,COR001,MP002,S001,71.0,71.0,186.0,186.0,0.0,0.0,1.0,1.0,71,71,0.0,1,False,2026-09-26,20,Saturday,Weekend
2026-09-26 20:00:00-06:00,COR001,MP003,S002,53.0,68.0,34.0,26.0,8.0,22.058823529411764,1.3076923076923077,1.0,53,53,0.0,1,False,2026-09-26,20,Saturday,Weekend
2026-09-26 20:00:00-06:00,COR001,MP004,S002,64.0,64.0,117.0,117.0,0.0,0.0,1.0,1.0,64,64,0.0,1,False,2026-09-26,20,Saturday,Weekend
2026-09-26 20:00:00-06:00,COR001,MP005,S003,54.0,77.0,190.0,133.0,57.0,29.87012987012987,1.4285714285714286,1.0,54,54,0.0,1,False,2026-09-26,20,Saturday,Weekend
2026-09-26 20:00:00-06:00,COR001,MP006,S003,54.0,77.0,190.0,133.0,57.0,29.87012987012987,1.4285714285714286,1.0,54,54,0.0,1,False,2026-09-26,20,Saturday,Weekend
2026-09-26 20:30:00-06:00,COR001,MP001,S001,71.0,71.0,186.0,186.0,0.0,0.0,1.0,1.0,71,71,0.0,1,False,2026-09-26,20,Saturday,Weekend
2026-09-26 20:30:00-06:00,COR001,MP002,S001,71.0,71.0,186.0,186.0,0.0,0.0,1.0,1.0,71,71,0.0,1,False,2026-09-26,20,Saturday,Weekend
2026-09-26 20:30:00-06:00,COR001,MP003,S002,69.0,69.0,26.0,26.0,0.0,0.0,1.0,1.0,69,69,0.0,1,False,2026-09-26,20,Saturday,Weekend
2026-09-26 20:30:00-06:00,COR001,MP004,S002,47.0,64.0,159.0,117.0,42.0,26.5625,1.358974358974359,1.0,47,47,0.0,1,False,2026-09-26,20,Saturday,Weekend
2026-09-26 20:30:00-06:00,COR001,MP005,S003,59.0,78.0,174.0,132.0,42.0,24.35897435897436,1.318181818181818,1.0,59,59,0.0,1,False,2026-09-26,20,Saturday,Weekend
2026-09-26 20:30:00-06:00,COR001,MP006,S003,59.0,78.0,174.0,132.0,42.0,24.35897435897436,1.318181818181818,1.0,59,59,0.0,1,False,2026-09-26,20,Saturday,Weekend
2026-09-26 21:00:00-06:00,COR001,MP001,S001,51.0,71.0,259.0,186.0,73.0,28.169014084507044,1.39247311827957,1.0,51,51,0.0,1,False,2026-09-26,21,Saturday,Weekend
2026-09-26 21:00:00-06:00,COR001,MP002,S001,51.0,71.0,259.0,186.0,73.0,28.169014084507044,1.39247311827957,1.0,51,51,0.0,1,False,2026-09-26,21,Saturday,Weekend
2026-09-26 21:00:00-06:00,COR001,MP003,S002,58.0,69.0,31.0,26.0,5.0,15.942028985507244,1.1923076923076923,1.0,58,58,0.0,1,False,2026-09-26,21,Saturday,Weekend
2026-09-26 21:00:00-06:00,COR001,MP004,S002,64.0,64.0,117.0,117.0,0.0,0.0,1.0,1.0,64,64,0.0,1,False,2026-09-26,21,Saturday,Weekend
2026-09-26 21:00:00-06:00,COR001,MP005,S003,78.0,78.0,132.0,132.0,0.0,0.0,1.0,1.0,78,78,0.0,1,False,2026-09-26,21,Saturday,Weekend
2026-09-26 21:00:00-06:00,COR001,MP006,S003,78.0,78.0,132.0,132.0,0.0,0.0,1.0,1.0,78,78,0.0,1,False,2026-09-26,21,Saturday,Weekend
2026-09-26 21:30:00-06:00,COR001,MP001,S001,71.0,71.0,186.0,186.0,0.0,0.0,1.0,1.0,71,71,0.0,1,False,2026-09-26,21,Saturday,Weekend
2026-09-26 21:30:00-06:00,COR001,MP002,S001,71.0,71.0,186.0,186.0,0.0,0.0,1.0,1.0,71,71,0.0,1,False,2026-09-26,21,Saturday,Weekend
2026-09-26 21:30:00-06:00,COR001,MP003,S002,69.0,69.0,26.0,26.0,0.0,0.0,1.0,1.0,69,69,0.0,1,False,2026-09-26,21,Saturday,Weekend
2026-09-26 21:30:00-06:00,COR001,MP004,S002,43.0,63.0,174.0,119.0,55.0,31.746031746031743,1.4621848739495795,0.995548,43,43,0.0,1,False,2026-09-26,21,Saturday,Weekend
2026-09-26 21:30:00-06:00,COR001,MP005,S003,63.0,78.0,163.0,132.0,31.0,19.23076923076924,1.2348484848484849,1.0,63,63,0.0,1,False,2026-09-26,21,Saturday,Weekend
2026-09-26 21:30:00-06:00,COR001,MP006,S003,63.0,78.0,163.0,132.0,31.0,19.23076923076924,1.2348484848484849,1.0,63,63,0.0,1,False,2026-09-26,21,Saturday,Weekend
2026-09-26 22:00:00-06:00,COR001,MP001,S001,71.0,71.0,186.0,186.0,0.0,0.0,1.0,1.0,71,71,0.0,1,False,2026-09-26,22,Saturday,Weekend
2026-09-26 22:00:00-06:00,COR001,MP002,S001,71.0,71.0,186.0,186.0,0.0,0.0,1.0,1.0,71,71,0.0,1,False,2026-09-26,22,Saturday,Weekend
2026-09-26 22:00:00-06:00,COR001,MP003,S002,69.0,69.0,26.0,26.0,0.0,0.0,1.0,1.0,69,69,0.0,1,False,2026-09-26,22,Saturday,Weekend
2026-09-26 22:00:00-06:00,COR001,MP004,S002,34.0,63.0,221.0,119.0,102.0,46.03174603174603,1.8571428571428568,1.0,34,34,0.0,1,False,2026-09-26,22,Saturday,Weekend
2026-09-26 22:00:00-06:00,COR001,MP005,S003,78.0,78.0,132.0,132.0,0.0,0.0,1.0,1.0,78,78,0.0,1,False,2026-09-26,22,Saturday,Weekend
2026-09-26 22:00:00-06:00,COR001,MP006,S003,78.0,78.0,132.0,132.0,0.0,0.0,1.0,1.0,78,78,0.0,1,False,2026-09-26,22,Saturday,Weekend
2026-09-26 22:30:00-06:00,COR001,MP001,S001,71.0,71.0,186.0,186.0,0.0,0.0,1.0,1.0,71,71,0.0,1,False,2026-09-26,22,Saturday,Weekend
2026-09-26 22:30:00-06:00,COR001,MP002,S001,71.0,71.0,186.0,186.0,0.0,0.0,1.0,1.0,71,71,0.0,1,False,2026-09-26,22,Saturday,Weekend
2026-09-26 22:30:00-06:00,COR001,MP003,S002,69.0,69.0,26.0,26.0,0.0,0.0,1.0,1.0,69,69,0.0,1,False,2026-09-26,22,Saturday,Weekend
2026-09-26 22:30:00-06:00,COR001,MP004,S002,64.0,64.0,117.0,117.0,0.0,0.0,1.0,1.0,64,64,0.0,1,False,2026-09-26,22,Saturday,Weekend
2026-09-26 22:30:00-06:00,COR001,MP005,S003,78.0,78.0,132.0,132.0,0.0,0.0,1.0,1.0,78,78,0.0,1,False,2026-09-26,22,Saturday,Weekend
2026-09-26 22:30:00-06:00,COR001,MP006,S003,78.0,78.0,132.0,132.0,0.0,0.0,1.0,1.0,78,78,0.0,1,False,2026-09-26,22,Saturday,Weekend
2026-09-26 23:00:00-06:00,COR001,MP001,S001,71.0,71.0,186.0,186.0,0.0,0.0,1.0,1.0,71,71,0.0,1,False,2026-09-26,23,Saturday,Weekend
2026-09-26 23:00:00-06:00,COR001,MP002,S001,71.0,71.0,186.0,186.0,0.0,0.0,1.0,1.0,71,71,0.0,1,False,2026-09-26,23,Saturday,Weekend
2026-09-26 23:00:00-06:00,COR001,MP003,S002,69.0,69.0,26.0,26.0,0.0,0.0,1.0,1.0,69,69,0.0,1,False,2026-09-26,23,Saturday,Weekend
2026-09-26 23:00:00-06:00,COR001,MP004,S002,64.0,64.0,117.0,117.0,0.0,0.0,1.0,1.0,64,64,0.0,1,False,2026-09-26,23,Saturday,Weekend
2026-09-26 23:00:00-06:00,COR001,MP005,S003,78.0,78.0,132.0,132.0,0.0,0.0,1.0,1.0,78,78,0.0,1,False,2026-09-26,23,Saturday,Weekend
2026-09-26 23:00:00-06:00,COR001,MP006,S003,78.0,78.0,132.0,132.0,0.0,0.0,1.0,1.0,78,78,0.0,1,False,2026-09-26,23,Saturday,Weekend
2026-09-26 23:30:00-06:00,COR001,MP001,S001,71.0,71.0,186.0,186.0,0.0,0.0,1.0,1.0,71,71,0.0,1,False,2026-09-26,23,Saturday,Weekend
2026-09-26 23:30:00-06:00,COR001,MP002,S001,71.0,71.0,186.0,186.0,0.0,0.0,1.0,1.0,71,71,0.0,1,False,2026-09-26,23,Saturday,Weekend
2026-09-26 23:30:00-06:00,COR001,MP003,S002,69.0,69.0,26.0,26.0,0.0,0.0,1.0,1.0,69,69,0.0,1,False,2026-09-26,23,Saturday,Weekend
2026-09-26 23:30:00-06:00,COR001,MP004,S002,64.0,64.0,117.0,117.0,0.0,0.0,1.0,1.0,64,64,0.0,1,False,2026-09-26,23,Saturday,Weekend
2026-09-26 23:30:00-06:00,COR001,MP005,S003,78.0,78.0,132.0,132.0,0.0,0.0,1.0,1.0,78,78,0.0,1,False,2026-09-26,23,Saturday,Weekend
2026-09-26 23:30:00-06:00,COR001,MP006,S003,78.0,78.0,132.0,132.0,0.0,0.0,1.0,1.0,78,78,0.0,1,False,2026-09-26,23,Saturday,Weekend
2026-09-27 00:00:00-06:00,COR001,MP001,S001,71.0,71.0,186.0,186.0,0.0,0.0,1.0,1.0,71,71,0.0,1,False,2026-09-27,0,Sunday,Weekend
2026-09-27 00:00:00-06:00,COR001,MP002,S001,71.0,71.0,186.0,186.0,0.0,0.0,1.0,1.0,71,71,0.0,1,False,2026-09-27,0,Sunday,Weekend
2026-09-27 00:00:00-06:00,COR001,MP003,S002,69.0,69.0,26.0,26.0,0.0,0.0,1.0,1.0,69,69,0.0,1,False,2026-09-27,0,Sunday,Weekend
2026-09-27 00:00:00-06:00,COR001,MP004,S002,64.0,64.0,117.0,117.0,0.0,0.0,1.0,1.0,64,64,0.0,1,False,2026-09-27,0,Sunday,Weekend
2026-09-27 00:00:00-06:00,COR001,MP005,S003,78.0,78.0,132.0,132.0,0.0,0.0,1.0,1.0,78,78,0.0,1,False,2026-09-27,0,Sunday,Weekend
2026-09-27 00:00:00-06:00,COR001,MP006,S003,78.0,78.0,132.0,132.0,0.0,0.0,1.0,1.0,78,78,0.0,1,False,2026-09-27,0,Sunday,Weekend
2026-09-27 00:30:00-06:00,COR001,MP001,S001,71.0,71.0,186.0,186.0,0.0,0.0,1.0,1.0,71,71,0.0,1,False,2026-09-27,0,Sunday,Weekend
2026-09-27 00:30:00-06:00,COR001,MP002,S001,71.0,71.0,186.0,186.0,0.0,0.0,1.0,1.0,71,71,0.0,1,False,2026-09-27,0,Sunday,Weekend
2026-09-27 00:30:00-06:00,COR001,MP003,S002,69.0,69.0,26.0,26.0,0.0,0.0,1.0,1.0,69,69,0.0,1,False,2026-09-27,0,Sunday,Weekend
2026-09-27 00:30:00-06:00,COR001,MP004,S002,64.0,64.0,117.0,117.0,0.0,0.0,1.0,1.0,64,64,0.0,1,False,2026-09-27,0,Sunday,Weekend
2026-09-27 00:30:00-06:00,COR001,MP005,S003,78.0,78.0,132.0,132.0,0.0,0.0,1.0,1.0,78,78,0.0,1,False,2026-09-27,0,Sunday,Weekend
2026-09-27 00:30:00-06:00,COR001,MP006,S003,78.0,78.0,132.0,132.0,0.0,0.0,1.0,1.0,78,78,0.0,1,False,2026-09-27,0,Sunday,Weekend
2026-09-27 01:00:00-06:00,COR001,MP001,S001,71.0,71.0,186.0,186.0,0.0,0.0,1.0,1.0,71,71,0.0,1,False,2026-09-27,1,Sunday,Weekend
2026-09-27 01:00:00-06:00,COR001,MP002,S001,71.0,71.0,186.0,186.0,0.0,0.0,1.0,1.0,71,71,0.0,1,False,2026-09-27,1,Sunday,Weekend
2026-09-27 01:00:00-06:00,COR001,MP003,S002,69.0,69.0,26.0,26.0,0.0,0.0,1.0,1.0,69,69,0.0,1,False,2026-09-27,1,Sunday,Weekend
2026-09-27 01:00:00-06:00,COR001,MP004,S002,64.0,64.0,117.0,117.0,0.0,0.0,1.0,1.0,64,64,0.0,1,False,2026-09-27,1,Sunday,Weekend
2026-09-27 01:00:00-06:00,COR001,MP005,S003,78.0,78.0,132.0,132.0,0.0,0.0,1.0,1.0,78,78,0.0,1,False,2026-09-27,1,Sunday,Weekend
2026-09-27 01:00:00-06:00,COR001,MP006,S003,78.0,78.0,132.0,132.0,0.0,0.0,1.0,1.0,78,78,0.0,1,False,2026-09-27,1,Sunday,Weekend
2026-09-27 01:30:00-06:00,COR001,MP001,S001,71.0,71.0,186.0,186.0,0.0,0.0,1.0,1.0,71,71,0.0,1,False,2026-09-27,1,Sunday,Weekend
2026-09-27 01:30:00-06:00,COR001,MP002,S001,71.0,71.0,186.0,186.0,0.0,0.0,1.0,1.0,71,71,0.0,1,False,2026-09-27,1,Sunday,Weekend
2026-09-27 01:30:00-06:00,COR001,MP003,S002,69.0,69.0,26.0,26.0,0.0,0.0,1.0,1.0,69,69,0.0,1,False,2026-09-27,1,Sunday,Weekend
2026-09-27 01:30:00-06:00,COR001,MP004,S002,64.0,64.0,117.0,117.0,0.0,0.0,1.0,1.0,64,64,0.0,1,False,2026-09-27,1,Sunday,Weekend
2026-09-27 01:30:00-06:00,COR001,MP005,S003,78.0,78.0,132.0,132.0,0.0,0.0,1.0,1.0,78,78,0.0,1,False,2026-09-27,1,Sunday,Weekend
2026-09-27 01:30:00-06:00,COR001,MP006,S003,78.0,78.0,132.0,132.0,0.0,0.0,1.0,1.0,78,78,0.0,1,False,2026-09-27,1,Sunday,Weekend
2026-09-27 02:00:00-06:00,COR001,MP001,S001,71.0,71.0,186.0,186.0,0.0,0.0,1.0,1.0,71,71,0.0,1,False,2026-09-27,2,Sunday,Weekend
2026-09-27 02:00:00-06:00,COR001,MP002,S001,71.0,71.0,186.0,186.0,0.0,0.0,1.0,1.0,71,71,0.0,1,False,2026-09-27,2,Sunday,Weekend
2026-09-27 02:00:00-06:00,COR001,MP003,S002,69.0,69.0,26.0,26.0,0.0,0.0,1.0,1.0,69,69,0.0,1,False,2026-09-27,2,Sunday,Weekend
2026-09-27 02:00:00-06:00,COR001,MP004,S002,64.0,64.0,117.0,117.0,0.0,0.0,1.0,1.0,64,64,0.0,1,False,2026-09-27,2,Sunday,Weekend
2026-09-27 02:00:00-06:00,COR001,MP005,S003,78.0,78.0,132.0,132.0,0.0,0.0,1.0,1.0,78,78,0.0,1,False,2026-09-27,2,Sunday,Weekend
2026-09-27 02:00:00-06:00,COR001,MP006,S003,78.0,78.0,132.0,132.0,0.0,0.0,1.0,1.0,78,78,0.0,1,False,2026-09-27,2,Sunday,Weekend
2026-09-27 02:30:00-06:00,COR001,MP001,S001,71.0,71.0,186.0,186.0,0.0,0.0,1.0,1.0,71,71,0.0,1,False,2026-09-27,2,Sunday,Weekend
2026-09-27 02:30:00-06:00,COR001,MP002,S001,71.0,71.0,186.0,186.0,0.0,0.0,1.0,1.0,71,71,0.0,1,False,2026-09-27,2,Sunday,Weekend
2026-09-27 02:30:00-06:00,COR001,MP003,S002,69.0,69.0,26.0,26.0,0.0,0.0,1.0,1.0,69,69,0.0,1,False,2026-09-27,2,Sunday,Weekend
2026-09-27 02:30:00-06:00,COR001,MP004,S002,64.0,64.0,117.0,117.0,0.0,0.0,1.0,1.0,64,64,0.0,1,False,2026-09-27,2,Sunday,Weekend
2026-09-27 02:30:00-06:00,COR001,MP005,S003,78.0,78.0,132.0,132.0,0.0,0.0,1.0,1.0,78,78,0.0,1,False,2026-09-27,2,Sunday,Weekend
2026-09-27 02:30:00-06:00,COR001,MP006,S003,78.0,78.0,132.0,132.0,0.0,0.0,1.0,1.0,78,78,0.0,1,False,2026-09-27,2,Sunday,Weekend
2026-09-27 03:00:00-06:00,COR001,MP001,S001,71.0,71.0,186.0,186.0,0.0,0.0,1.0,1.0,71,71,0.0,1,False,2026-09-27,3,Sunday,Weekend
2026-09-27 03:00:00-06:00,COR001,MP002,S001,71.0,71.0,186.0,186.0,0.0,0.0,1.0,1.0,71,71,0.0,1,False,2026-09-27,3,Sunday,Weekend
2026-09-27 03:00:00-06:00,COR001,MP003,S002,69.0,69.0,26.0,26.0,0.0,0.0,1.0,1.0,69,69,0.0,1,False,2026-09-27,3,Sunday,Weekend
2026-09-27 03:00:00-06:00,COR001,MP004,S002,64.0,64.0,117.0,117.0,0.0,0.0,1.0,1.0,64,64,0.0,1,False,2026-09-27,3,Sunday,Weekend
2026-09-27 03:00:00-06:00,COR001,MP005,S003,78.0,78.0,132.0,132.0,0.0,0.0,1.0,1.0,78,78,0.0,1,False,2026-09-27,3,Sunday,Weekend
2026-09-27 03:00:00-06:00,COR001,MP006,S003,78.0,78.0,132.0,132.0,0.0,0.0,1.0,1.0,78,78,0.0,1,False,2026-09-27,3,Sunday,Weekend
2026-09-27 03:30:00-06:00,COR001,MP001,S001,71.0,71.0,186.0,186.0,0.0,0.0,1.0,1.0,71,71,0.0,1,False,2026-09-27,3,Sunday,Weekend
2026-09-27 03:30:00-06:00,COR001,MP002,S001,71.0,71.0,186.0,186.0,0.0,0.0,1.0,1.0,71,71,0.0,1,False,2026-09-27,3,Sunday,Weekend
2026-09-27 03:30:00-06:00,COR001,MP003,S002,69.0,69.0,26.0,26.0,0.0,0.0,1.0,1.0,69,69,0.0,1,False,2026-09-27,3,Sunday,Weekend
2026-09-27 03:30:00-06:00,COR001,MP004,S002,64.0,64.0,117.0,117.0,0.0,0.0,1.0,1.0,64,64,0.0,1,False,2026-09-27,3,Sunday,Weekend
2026-09-27 03:30:00-06:00,COR001,MP005,S003,78.0,78.0,132.0,132.0,0.0,0.0,1.0,1.0,78,78,0.0,1,False,2026-09-27,3,Sunday,Weekend
2026-09-27 03:30:00-06:00,COR001,MP006,S003,78.0,78.0,132.0,132.0,0.0,0.0,1.0,1.0,78,78,0.0,1,False,2026-09-27,3,Sunday,Weekend
2026-09-27 04:00:00-06:00,COR001,MP001,S001,71.0,71.0,186.0,186.0,0.0,0.0,1.0,1.0,71,71,0.0,1,False,2026-09-27,4,Sunday,Weekend
2026-09-27 04:00:00-06:00,COR001,MP002,S001,71.0,71.0,186.0,186.0,0.0,0.0,1.0,1.0,71,71,0.0,1,False,2026-09-27,4,Sunday,Weekend
2026-09-27 04:00:00-06:00,COR001,MP003,S002,69.0,69.0,26.0,26.0,0.0,0.0,1.0,1.0,69,69,0.0,1,False,2026-09-27,4,Sunday,Weekend
2026-09-27 04:00:00-06:00,COR001,MP004,S002,64.0,64.0,117.0,117.0,0.0,0.0,1.0,1.0,64,64,0.0,1,False,2026-09-27,4,Sunday,Weekend
2026-09-27 04:00:00-06:00,COR001,MP005,S003,78.0,78.0,132.0,132.0,0.0,0.0,1.0,1.0,78,78,0.0,1,False,2026-09-27,4,Sunday,Weekend
2026-09-27 04:00:00-06:00,COR001,MP006,S003,78.0,78.0,132.0,132.0,0.0,0.0,1.0,1.0,78,78,0.0,1,False,2026-09-27,4,Sunday,Weekend
2026-09-27 04:30:00-06:00,COR001,MP001,S001,71.0,71.0,186.0,186.0,0.0,0.0,1.0,1.0,71,71,0.0,1,False,2026-09-27,4,Sunday,Weekend
2026-09-27 04:30:00-06:00,COR001,MP002,S001,71.0,71.0,186.0,186.0,0.0,0.0,1.0,1.0,71,71,0.0,1,False,2026-09-27,4,Sunday,Weekend
2026-09-27 04:30:00-06:00,COR001,MP003,S002,69.0,69.0,26.0,26.0,0.0,0.0,1.0,1.0,69,69,0.0,1,False,2026-09-27,4,Sunday,Weekend
2026-09-27 04:30:00-06:00,COR001,MP004,S002,64.0,64.0,117.0,117.0,0.0,0.0,1.0,1.0,64,64,0.0,1,False,2026-09-27,4,Sunday,Weekend
2026-09-27 04:30:00-06:00,COR001,MP005,S003,78.0,78.0,132.0,132.0,0.0,0.0,1.0,1.0,78,78,0.0,1,False,2026-09-27,4,Sunday,Weekend
2026-09-27 04:30:00-06:00,COR001,MP006,S003,78.0,78.0,132.0,132.0,0.0,0.0,1.0,1.0,78,78,0.0,1,False,2026-09-27,4,Sunday,Weekend
2026-09-27 05:00:00-06:00,COR001,MP001,S001,71.0,71.0,186.0,186.0,0.0,0.0,1.0,1.0,71,71,0.0,1,False,2026-09-27,5,Sunday,Weekend
2026-09-27 05:00:00-06:00,COR001,MP002,S001,71.0,71.0,186.0,186.0,0.0,0.0,1.0,1.0,71,71,0.0,1,False,2026-09-27,5,Sunday,Weekend
2026-09-27 05:00:00-06:00,COR001,MP003,S002,69.0,69.0,26.0,26.0,0.0,0.0,1.0,1.0,69,69,0.0,1,False,2026-09-27,5,Sunday,Weekend
2026-09-27 05:00:00-06:00,COR001,MP004,S002,64.0,64.0,117.0,117.0,0.0,0.0,1.0,1.0,64,64,0.0,1,False,2026-09-27,5,Sunday,Weekend
2026-09-27 05:00:00-06:00,COR001,MP005,S003,78.0,78.0,132.0,132.0,0.0,0.0,1.0,1.0,78,78,0.0,1,False,2026-09-27,5,Sunday,Weekend
2026-09-27 05:00:00-06:00,COR001,MP006,S003,78.0,78.0,132.0,132.0,0.0,0.0,1.0,1.0,78,78,0.0,1,False,2026-09-27,5,Sunday,Weekend
2026-09-27 05:30:00-06:00,COR001,MP001,S001,71.0,71.0,186.0,186.0,0.0,0.0,1.0,1.0,71,71,0.0,1,False,2026-09-27,5,Sunday,Weekend
2026-09-27 05:30:00-06:00,COR001,MP002,S001,71.0,71.0,186.0,186.0,0.0,0.0,1.0,1.0,71,71,0.0,1,False,2026-09-27,5,Sunday,Weekend
2026-09-27 05:30:00-06:00,COR001,MP003,S002,69.0,69.0,26.0,26.0,0.0,0.0,1.0,1.0,69,69,0.0,1,False,2026-09-27,5,Sunday,Weekend
2026-09-27 05:30:00-06:00,COR001,MP004,S002,64.0,64.0,117.0,117.0,0.0,0.0,1.0,1.0,64,64,0.0,1,False,2026-09-27,5,Sunday,Weekend
2026-09-27 05:30:00-06:00,COR001,MP005,S003,78.0,78.0,132.0,132.0,0.0,0.0,1.0,1.0,78,78,0.0,1,False,2026-09-27,5,Sunday,Weekend
2026-09-27 05:30:00-06:00,COR001,MP006,S003,78.0,78.0,132.0,132.0,0.0,0.0,1.0,1.0,78,78,0.0,1,False,2026-09-27,5,Sunday,Weekend
2026-09-27 06:00:00-06:00,COR001,MP001,S001,71.0,71.0,186.0,186.0,0.0,0.0,1.0,1.0,71,71,0.0,1,False,2026-09-27,6,Sunday,Weekend
2026-09-27 06:00:00-06:00,COR001,MP002,S001,71.0,71.0,186.0,186.0,0.0,0.0,1.0,1.0,71,71,0.0,1,False,2026-09-27,6,Sunday,Weekend
2026-09-27 06:00:00-06:00,COR001,MP003,S002,69.0,69.0,26.0,26.0,0.0,0.0,1.0,1.0,69,69,0.0,1,False,2026-09-27,6,Sunday,Weekend
2026-09-27 06:00:00-06:00,COR001,MP004,S002,64.0,64.0,117.0,117.0,0.0,0.0,1.0,1.0,64,64,0.0,1,False,2026-09-27,6,Sunday,Weekend
2026-09-27 06:00:00-06:00,COR001,MP005,S003,78.0,78.0,132.0,132.0,0.0,0.0,1.0,1.0,78,78,0.0,1,False,2026-09-27,6,Sunday,Weekend
2026-09-27 06:00:00-06:00,COR001,MP006,S003,78.0,78.0,132.0,132.0,0.0,0.0,1.0,1.0,78,78,0.0,1,False,2026-09-27,6,Sunday,Weekend
2026-09-27 06:30:00-06:00,COR001,MP001,S001,71.0,71.0,186.0,186.0,0.0,0.0,1.0,1.0,71,71,0.0,1,False,2026-09-27,6,Sunday,Weekend
2026-09-27 06:30:00-06:00,COR001,MP002,S001,71.0,71.0,186.0,186.0,0.0,0.0,1.0,1.0,71,71,0.0,1,False,2026-09-27,6,Sunday,Weekend
2026-09-27 06:30:00-06:00,COR001,MP003,S002,69.0,69.0,26.0,26.0,0.0,0.0,1.0,1.0,69,69,0.0,1,False,2026-09-27,6,Sunday,Weekend
2026-09-27 06:30:00-06:00,COR001,MP004,S002,64.0,64.0,117.0,117.0,0.0,0.0,1.0,1.0,64,64,0.0,1,False,2026-09-27,6,Sunday,Weekend
2026-09-27 06:30:00-06:00,COR001,MP005,S003,78.0,78.0,132.0,132.0,0.0,0.0,1.0,1.0,78,78,0.0,1,False,2026-09-27,6,Sunday,Weekend
2026-09-27 06:30:00-06:00,COR001,MP006,S003,78.0,78.0,132.0,132.0,0.0,0.0,1.0,1.0,78,78,0.0,1,False,2026-09-27,6,Sunday,Weekend
2026-09-27 07:00:00-06:00,COR001,MP001,S001,71.0,71.0,186.0,186.0,0.0,0.0,1.0,1.0,71,71,0.0,1,False,2026-09-27,7,Sunday,Weekend
2026-09-27 07:00:00-06:00,COR001,MP002,S001,71.0,71.0,186.0,186.0,0.0,0.0,1.0,1.0,71,71,0.0,1,False,2026-09-27,7,Sunday,Weekend
2026-09-27 07:00:00-06:00,COR001,MP003,S002,69.0,69.0,26.0,26.0,0.0,0.0,1.0,1.0,69,69,0.0,1,False,2026-09-27,7,Sunday,Weekend
2026-09-27 07:00:00-06:00,COR001,MP004,S002,64.0,64.0,117.0,117.0,0.0,0.0,1.0,1.0,64,64,0.0,1,False,2026-09-27,7,Sunday,Weekend
2026-09-27 07:00:00-06:00,COR001,MP005,S003,78.0,78.0,132.0,132.0,0.0,0.0,1.0,1.0,78,78,0.0,1,False,2026-09-27,7,Sunday,Weekend
2026-09-27 07:00:00-06:00,COR001,MP006,S003,78.0,78.0,132.0,132.0,0.0,0.0,1.0,1.0,78,78,0.0,1,False,2026-09-27,7,Sunday,Weekend
2026-09-27 07:30:00-06:00,COR001,MP001,S001,71.0,71.0,186.0,186.0,0.0,0.0,1.0,1.0,71,71,0.0,1,False,2026-09-27,7,Sunday,Weekend
2026-09-27 07:30:00-06:00,COR001,MP002,S001,71.0,71.0,186.0,186.0,0.0,0.0,1.0,1.0,71,71,0.0,1,False,2026-09-27,7,Sunday,Weekend
2026-09-27 07:30:00-06:00,COR001,MP003,S002,69.0,69.0,26.0,26.0,0.0,0.0,1.0,1.0,69,69,0.0,1,False,2026-09-27,7,Sunday,Weekend
2026-09-27 07:30:00-06:00,COR001,MP004,S002,64.0,64.0,117.0,117.0,0.0,0.0,1.0,1.0,64,64,0.0,1,False,2026-09-27,7,Sunday,Weekend
2026-09-27 07:30:00-06:00,COR001,MP005,S003,78.0,78.0,132.0,132.0,0.0,0.0,1.0,1.0,78,78,0.0,1,False,2026-09-27,7,Sunday,Weekend
2026-09-27 07:30:00-06:00,COR001,MP006,S003,78.0,78.0,132.0,132.0,0.0,0.0,1.0,1.0,78,78,0.0,1,False,2026-09-27,7,Sunday,Weekend
2026-09-27 08:00:00-06:00,COR001,MP001,S001,71.0,71.0,186.0,186.0,0.0,0.0,1.0,1.0,71,71,0.0,1,False,2026-09-27,8,Sunday,Weekend
2026-09-27 08:00:00-06:00,COR001,MP002,S001,71.0,71.0,186.0,186.0,0.0,0.0,1.0,1.0,71,71,0.0,1,False,2026-09-27,8,Sunday,Weekend
2026-09-27 08:00:00-06:00,COR001,MP003,S002,69.0,69.0,26.0,26.0,0.0,0.0,1.0,1.0,69,69,0.0,1,False,2026-09-27,8,Sunday,Weekend
2026-09-27 08:00:00-06:00,COR001,MP004,S002,64.0,64.0,117.0,117.0,0.0,0.0,1.0,1.0,64,64,0.0,1,False,2026-09-27,8,Sunday,Weekend
2026-09-27 08:00:00-06:00,COR001,MP005,S003,78.0,78.0,132.0,132.0,0.0,0.0,1.0,1.0,78,78,0.0,1,False,2026-09-27,8,Sunday,Weekend
2026-09-27 08:00:00-06:00,COR001,MP006,S003,78.0,78.0,132.0,132.0,0.0,0.0,1.0,1.0,78,78,0.0,1,False,2026-09-27,8,Sunday,Weekend
2026-09-27 08:30:00-06:00,COR001,MP001,S001,71.0,71.0,186.0,186.0,0.0,0.0,1.0,1.0,71,71,0.0,1,False,2026-09-27,8,Sunday,Weekend
2026-09-27 08:30:00-06:00,COR001,MP002,S001,71.0,71.0,186.0,186.0,0.0,0.0,1.0,1.0,71,71,0.0,1,False,2026-09-27,8,Sunday,Weekend
2026-09-27 08:30:00-06:00,COR001,MP003,S002,69.0,69.0,26.0,26.0,0.0,0.0,1.0,1.0,69,69,0.0,1,False,2026-09-27,8,Sunday,Weekend
2026-09-27 08:30:00-06:00,COR001,MP004,S002,64.0,64.0,117.0,117.0,0.0,0.0,1.0,1.0,64,64,0.0,1,False,2026-09-27,8,Sunday,Weekend
2026-09-27 08:30:00-06:00,COR001,MP005,S003,78.0,78.0,132.0,132.0,0.0,0.0,1.0,1.0,78,78,0.0,1,False,2026-09-27,8,Sunday,Weekend
2026-09-27 08:30:00-06:00,COR001,MP006,S003,78.0,78.0,132.0,132.0,0.0,0.0,1.0,1.0,78,78,0.0,1,False,2026-09-27,8,Sunday,Weekend
2026-09-27 09:00:00-06:00,COR001,MP001,S001,71.0,71.0,186.0,186.0,0.0,0.0,1.0,1.0,71,71,0.0,1,False,2026-09-27,9,Sunday,Weekend
2026-09-27 09:00:00-06:00,COR001,MP002,S001,71.0,71.0,186.0,186.0,0.0,0.0,1.0,1.0,71,71,0.0,1,False,2026-09-27,9,Sunday,Weekend
2026-09-27 09:00:00-06:00,COR001,MP003,S002,69.0,69.0,26.0,26.0,0.0,0.0,1.0,1.0,69,69,0.0,1,False,2026-09-27,9,Sunday,Weekend
2026-09-27 09:00:00-06:00,COR001,MP004,S002,58.0,64.0,129.0,117.0,12.0,9.375,1.1025641025641026,0.998276,58,58,0.0,1,False,2026-09-27,9,Sunday,Weekend
2026-09-27 09:00:00-06:00,COR001,MP005,S003,78.0,78.0,132.0,132.0,0.0,0.0,1.0,1.0,78,78,0.0,1,False,2026-09-27,9,Sunday,Weekend
2026-09-27 09:00:00-06:00,COR001,MP006,S003,78.0,78.0,132.0,132.0,0.0,0.0,1.0,1.0,78,78,0.0,1,False,2026-09-27,9,Sunday,Weekend
2026-09-27 09:30:00-06:00,COR001,MP001,S001,71.0,71.0,186.0,186.0,0.0,0.0,1.0,1.0,71,71,0.0,1,False,2026-09-27,9,Sunday,Weekend
2026-09-27 09:30:00-06:00,COR001,MP002,S001,71.0,71.0,186.0,186.0,0.0,0.0,1.0,1.0,71,71,0.0,1,False,2026-09-27,9,Sunday,Weekend
2026-09-27 09:30:00-06:00,COR001,MP003,S002,69.0,69.0,26.0,26.0,0.0,0.0,1.0,1.0,69,69,0.0,1,False,2026-09-27,9,Sunday,Weekend
2026-09-27 09:30:00-06:00,COR001,MP004,S002,64.0,64.0,117.0,117.0,0.0,0.0,1.0,1.0,64,64,0.0,1,False,2026-09-27,9,Sunday,Weekend
2026-09-27 09:30:00-06:00,COR001,MP005,S003,78.0,78.0,132.0,132.0,0.0,0.0,1.0,1.0,78,78,0.0,1,False,2026-09-27,9,Sunday,Weekend
2026-09-27 09:30:00-06:00,COR001,MP006,S003,78.0,78.0,132.0,132.0,0.0,0.0,1.0,1.0,78,78,0.0,1,False,2026-09-27,9,Sunday,Weekend
2026-09-27 10:00:00-06:00,COR001,MP001,S001,71.0,71.0,186.0,186.0,0.0,0.0,1.0,1.0,71,71,0.0,1,False,2026-09-27,10,Sunday,Weekend
2026-09-27 10:00:00-06:00,COR001,MP002,S001,71.0,71.0,186.0,186.0,0.0,0.0,1.0,1.0,71,71,0.0,1,False,2026-09-27,10,Sunday,Weekend
2026-09-27 10:00:00-06:00,COR001,MP003,S002,69.0,69.0,26.0,26.0,0.0,0.0,1.0,1.0,69,69,0.0,1,False,2026-09-27,10,Sunday,Weekend
2026-09-27 10:00:00-06:00,COR001,MP004,S002,64.0,64.0,117.0,117.0,0.0,0.0,1.0,1.0,64,64,0.0,1,False,2026-09-27,10,Sunday,Weekend
2026-09-27 10:00:00-06:00,COR001,MP005,S003,78.0,78.0,132.0,132.0,0.0,0.0,1.0,1.0,78,78,0.0,1,False,2026-09-27,10,Sunday,Weekend
2026-09-27 10:00:00-06:00,COR001,MP006,S003,78.0,78.0,132.0,132.0,0.0,0.0,1.0,1.0,78,78,0.0,1,False,2026-09-27,10,Sunday,Weekend
2026-09-27 10:30:00-06:00,COR001,MP001,S001,71.0,71.0,186.0,186.0,0.0,0.0,1.0,1.0,71,71,0.0,1,False,2026-09-27,10,Sunday,Weekend
2026-09-27 10:30:00-06:00,COR001,MP002,S001,71.0,71.0,186.0,186.0,0.0,0.0,1.0,1.0,71,71,0.0,1,False,2026-09-27,10,Sunday,Weekend
2026-09-27 10:30:00-06:00,COR001,MP003,S002,69.0,69.0,26.0,26.0,0.0,0.0,1.0,1.0,69,69,0.0,1,False,2026-09-27,10,Sunday,Weekend
2026-09-27 10:30:00-06:00,COR001,MP004,S002,64.0,64.0,117.0,117.0,0.0,0.0,1.0,1.0,64,64,0.0,1,False,2026-09-27,10,Sunday,Weekend
2026-09-27 10:30:00-06:00,COR001,MP005,S003,78.0,78.0,132.0,132.0,0.0,0.0,1.0,1.0,78,78,0.0,1,False,2026-09-27,10,Sunday,Weekend
2026-09-27 10:30:00-06:00,COR001,MP006,S003,78.0,78.0,132.0,132.0,0.0,0.0,1.0,1.0,78,78,0.0,1,False,2026-09-27,10,Sunday,Weekend
2026-09-27 11:00:00-06:00,COR001,MP001,S001,71.0,71.0,186.0,186.0,0.0,0.0,1.0,1.0,71,71,0.0,1,False,2026-09-27,11,Sunday,Weekend
2026-09-27 11:00:00-06:00,COR001,MP002,S001,71.0,71.0,186.0,186.0,0.0,0.0,1.0,1.0,71,71,0.0,1,False,2026-09-27,11,Sunday,Weekend
2026-09-27 11:00:00-06:00,COR001,MP003,S002,69.0,69.0,26.0,26.0,0.0,0.0,1.0,1.0,69,69,0.0,1,False,2026-09-27,11,Sunday,Weekend
2026-09-27 11:00:00-06:00,COR001,MP004,S002,64.0,64.0,117.0,117.0,0.0,0.0,1.0,1.0,64,64,0.0,1,False,2026-09-27,11,Sunday,Weekend
2026-09-27 11:00:00-06:00,COR001,MP005,S003,78.0,78.0,132.0,132.0,0.0,0.0,1.0,1.0,78,78,0.0,1,False,2026-09-27,11,Sunday,Weekend
2026-09-27 11:00:00-06:00,COR001,MP006,S003,78.0,78.0,132.0,132.0,0.0,0.0,1.0,1.0,78,78,0.0,1,False,2026-09-27,11,Sunday,Weekend
2026-09-27 11:30:00-06:00,COR001,MP001,S001,71.0,71.0,186.0,186.0,0.0,0.0,1.0,1.0,71,71,0.0,1,False,2026-09-27,11,Sunday,Weekend
2026-09-27 11:30:00-06:00,COR001,MP002,S001,71.0,71.0,186.0,186.0,0.0,0.0,1.0,1.0,71,71,0.0,1,False,2026-09-27,11,Sunday,Weekend
2026-09-27 11:30:00-06:00,COR001,MP003,S002,69.0,69.0,26.0,26.0,0.0,0.0,1.0,1.0,69,69,0.0,1,False,2026-09-27,11,Sunday,Weekend
2026-09-27 11:30:00-06:00,COR001,MP004,S002,64.0,64.0,117.0,117.0,0.0,0.0,1.0,1.0,64,64,0.0,1,False,2026-09-27,11,Sunday,Weekend
2026-09-27 11:30:00-06:00,COR001,MP005,S003,78.0,78.0,132.0,132.0,0.0,0.0,1.0,1.0,78,78,0.0,1,False,2026-09-27,11,Sunday,Weekend
2026-09-27 11:30:00-06:00,COR001,MP006,S003,78.0,78.0,132.0,132.0,0.0,0.0,1.0,1.0,78,78,0.0,1,False,2026-09-27,11,Sunday,Weekend
2026-09-27 12:00:00-06:00,COR001,MP001,S001,71.0,71.0,186.0,186.0,0.0,0.0,1.0,1.0,71,71,0.0,1,False,2026-09-27,12,Sunday,Weekend
2026-09-27 12:00:00-06:00,COR001,MP002,S001,71.0,71.0,186.0,186.0,0.0,0.0,1.0,1.0,71,71,0.0,1,False,2026-09-27,12,Sunday,Weekend
2026-09-27 12:00:00-06:00,COR001,MP003,S002,69.0,69.0,26.0,26.0,0.0,0.0,1.0,1.0,69,69,0.0,1,False,2026-09-27,12,Sunday,Weekend
2026-09-27 12:00:00-06:00,COR001,MP004,S002,64.0,64.0,117.0,117.0,0.0,0.0,1.0,1.0,64,64,0.0,1,False,2026-09-27,12,Sunday,Weekend
2026-09-27 12:00:00-06:00,COR001,MP005,S003,78.0,78.0,132.0,132.0,0.0,0.0,1.0,1.0,78,78,0.0,1,False,2026-09-27,12,Sunday,Weekend
2026-09-27 12:00:00-06:00,COR001,MP006,S003,78.0,78.0,132.0,132.0,0.0,0.0,1.0,1.0,78,78,0.0,1,False,2026-09-27,12,Sunday,Weekend
2026-09-27 12:30:00-06:00,COR001,MP001,S001,71.0,71.0,186.0,186.0,0.0,0.0,1.0,1.0,71,71,0.0,1,False,2026-09-27,12,Sunday,Weekend
2026-09-27 12:30:00-06:00,COR001,MP002,S001,71.0,71.0,186.0,186.0,0.0,0.0,1.0,1.0,71,71,0.0,1,False,2026-09-27,12,Sunday,Weekend
2026-09-27 12:30:00-06:00,COR001,MP003,S002,69.0,69.0,26.0,26.0,0.0,0.0,1.0,1.0,69,69,0.0,1,False,2026-09-27,12,Sunday,Weekend
2026-09-27 12:30:00-06:00,COR001,MP004,S002,51.0,64.0,147.0,117.0,30.0,20.3125,1.2564102564102564,1.0,51,51,0.0,1,False,2026-09-27,12,Sunday,Weekend
2026-09-27 12:30:00-06:00,COR001,MP005,S003,78.0,78.0,132.0,132.0,0.0,0.0,1.0,1.0,78,78,0.0,1,False,2026-09-27,12,Sunday,Weekend
2026-09-27 12:30:00-06:00,COR001,MP006,S003,78.0,78.0,132.0,132.0,0.0,0.0,1.0,1.0,78,78,0.0,1,False,2026-09-27,12,Sunday,Weekend
2026-09-27 13:00:00-06:00,COR001,MP001,S001,71.0,71.0,186.0,186.0,0.0,0.0,1.0,1.0,71,71,0.0,1,False,2026-09-27,13,Sunday,Weekend
2026-09-27 13:00:00-06:00,COR001,MP002,S001,71.0,71.0,186.0,186.0,0.0,0.0,1.0,1.0,71,71,0.0,1,False,2026-09-27,13,Sunday,Weekend
2026-09-27 13:00:00-06:00,COR001,MP003,S002,46.0,69.0,39.0,26.0,13.0,33.33333333333333,1.5,1.0,46,46,0.0,1,False,2026-09-27,13,Sunday,Weekend
2026-09-27 13:00:00-06:00,COR001,MP004,S002,56.0,64.0,134.0,117.0,17.0,12.5,1.1452991452991452,1.0,56,56,0.0,1,False,2026-09-27,13,Sunday,Weekend
2026-09-27 13:00:00-06:00,COR001,MP005,S003,78.0,78.0,132.0,132.0,0.0,0.0,1.0,1.0,78,78,0.0,1,False,2026-09-27,13,Sunday,Weekend
2026-09-27 13:00:00-06:00,COR001,MP006,S003,78.0,78.0,132.0,132.0,0.0,0.0,1.0,1.0,78,78,0.0,1,False,2026-09-27,13,Sunday,Weekend
2026-09-27 13:30:00-06:00,COR001,MP001,S001,71.0,71.0,186.0,186.0,0.0,0.0,1.0,1.0,71,71,0.0,1,False,2026-09-27,13,Sunday,Weekend
2026-09-27 13:30:00-06:00,COR001,MP002,S001,71.0,71.0,186.0,186.0,0.0,0.0,1.0,1.0,71,71,0.0,1,False,2026-09-27,13,Sunday,Weekend
2026-09-27 13:30:00-06:00,COR001,MP003,S002,69.0,69.0,26.0,26.0,0.0,0.0,1.0,1.0,69,69,0.0,1,False,2026-09-27,13,Sunday,Weekend
2026-09-27 13:30:00-06:00,COR001,MP004,S002,64.0,64.0,117.0,117.0,0.0,0.0,1.0,1.0,64,64,0.0,1,False,2026-09-27,13,Sunday,Weekend
2026-09-27 13:30:00-06:00,COR001,MP005,S003,78.0,78.0,132.0,132.0,0.0,0.0,1.0,1.0,78,78,0.0,1,False,2026-09-27,13,Sunday,Weekend
2026-09-27 13:30:00-06:00,COR001,MP006,S003,78.0,78.0,132.0,132.0,0.0,0.0,1.0,1.0,78,78,0.0,1,False,2026-09-27,13,Sunday,Weekend
2026-09-27 14:00:00-06:00,COR001,MP001,S001,71.0,71.0,186.0,186.0,0.0,0.0,1.0,1.0,71,71,0.0,1,False,2026-09-27,14,Sunday,Weekend
2026-09-27 14:00:00-06:00,COR001,MP002,S001,71.0,71.0,186.0,186.0,0.0,0.0,1.0,1.0,71,71,0.0,1,False,2026-09-27,14,Sunday,Weekend
2026-09-27 14:00:00-06:00,COR001,MP003,S002,69.0,69.0,26.0,26.0,0.0,0.0,1.0,1.0,69,69,0.0,1,False,2026-09-27,14,Sunday,Weekend
2026-09-27 14:00:00-06:00,COR001,MP004,S002,51.0,64.0,147.0,117.0,30.0,20.3125,1.2564102564102564,1.0,51,51,0.0,1,False,2026-09-27,14,Sunday,Weekend
2026-09-27 14:00:00-06:00,COR001,MP005,S003,57.0,77.0,180.0,133.0,47.0,25.97402597402597,1.3533834586466165,1.0,57,57,0.0,1,False,2026-09-27,14,Sunday,Weekend
2026-09-27 14:00:00-06:00,COR001,MP006,S003,57.0,77.0,180.0,133.0,47.0,25.97402597402597,1.3533834586466165,1.0,57,57,0.0,1,False,2026-09-27,14,Sunday,Weekend
2026-09-27 14:30:00-06:00,COR001,MP001,S001,71.0,71.0,186.0,186.0,0.0,0.0,1.0,1.0,71,71,0.0,1,False,2026-09-27,14,Sunday,Weekend
2026-09-27 14:30:00-06:00,COR001,MP002,S001,71.0,71.0,186.0,186.0,0.0,0.0,1.0,1.0,71,71,0.0,1,False,2026-09-27,14,Sunday,Weekend
2026-09-27 14:30:00-06:00,COR001,MP003,S002,55.0,69.0,33.0,26.0,7.0,20.28985507246377,1.2692307692307692,1.0,55,55,0.0,1,False,2026-09-27,14,Sunday,Weekend
2026-09-27 14:30:00-06:00,COR001,MP004,S002,36.0,64.0,208.0,117.0,91.0,43.75,1.7777777777777777,1.0,36,36,0.0,1,False,2026-09-27,14,Sunday,Weekend
2026-09-27 14:30:00-06:00,COR001,MP005,S003,61.0,78.0,169.0,132.0,37.0,21.7948717948718,1.2803030303030305,1.0,61,61,0.0,1,False,2026-09-27,14,Sunday,Weekend
2026-09-27 14:30:00-06:00,COR001,MP006,S003,61.0,78.0,169.0,132.0,37.0,21.7948717948718,1.2803030303030305,1.0,61,61,0.0,1,False,2026-09-27,14,Sunday,Weekend
2026-09-27 15:00:00-06:00,COR001,MP001,S001,71.0,71.0,186.0,186.0,0.0,0.0,1.0,1.0,71,71,0.0,1,False,2026-09-27,15,Sunday,Weekend
2026-09-27 15:00:00-06:00,COR001,MP002,S001,71.0,71.0,186.0,186.0,0.0,0.0,1.0,1.0,71,71,0.0,1,False,2026-09-27,15,Sunday,Weekend
2026-09-27 15:00:00-06:00,COR001,MP003,S002,45.0,68.0,40.0,26.0,14.0,33.82352941176471,1.5384615384615383,1.0,45,45,0.0,1,False,2026-09-27,15,Sunday,Weekend
2026-09-27 15:00:00-06:00,COR001,MP004,S002,35.0,63.0,214.0,119.0,95.0,44.44444444444444,1.7983193277310925,1.0,35,35,0.0,1,False,2026-09-27,15,Sunday,Weekend
2026-09-27 15:00:00-06:00,COR001,MP005,S003,61.0,77.0,169.0,133.0,36.0,20.77922077922078,1.2706766917293233,1.0,61,61,0.0,1,False,2026-09-27,15,Sunday,Weekend
2026-09-27 15:00:00-06:00,COR001,MP006,S003,61.0,77.0,169.0,133.0,36.0,20.77922077922078,1.2706766917293233,1.0,61,61,0.0,1,False,2026-09-27,15,Sunday,Weekend
2026-09-27 15:30:00-06:00,COR001,MP001,S001,71.0,71.0,186.0,186.0,0.0,0.0,1.0,1.0,71,71,0.0,1,False,2026-09-27,15,Sunday,Weekend
2026-09-27 15:30:00-06:00,COR001,MP002,S001,71.0,71.0,186.0,186.0,0.0,0.0,1.0,1.0,71,71,0.0,1,False,2026-09-27,15,Sunday,Weekend
2026-09-27 15:30:00-06:00,COR001,MP003,S002,53.0,69.0,34.0,26.0,8.0,23.18840579710145,1.3076923076923077,1.0,53,53,0.0,1,False,2026-09-27,15,Sunday,Weekend
2026-09-27 15:30:00-06:00,COR001,MP004,S002,18.0,64.0,417.0,117.0,300.0,71.875,3.5641025641025643,1.0,18,18,0.0,1,False,2026-09-27,15,Sunday,Weekend
2026-09-27 15:30:00-06:00,COR001,MP005,S003,61.0,78.0,169.0,132.0,37.0,21.7948717948718,1.2803030303030305,1.0,61,61,0.0,1,False,2026-09-27,15,Sunday,Weekend
2026-09-27 15:30:00-06:00,COR001,MP006,S003,61.0,78.0,169.0,132.0,37.0,21.7948717948718,1.2803030303030305,1.0,61,61,0.0,1,False,2026-09-27,15,Sunday,Weekend
2026-09-27 16:00:00-06:00,COR001,MP001,S001,71.0,71.0,186.0,186.0,0.0,0.0,1.0,1.0,71,71,0.0,1,False,2026-09-27,16,Sunday,Weekend
2026-09-27 16:00:00-06:00,COR001,MP002,S001,71.0,71.0,186.0,186.0,0.0,0.0,1.0,1.0,71,71,0.0,1,False,2026-09-27,16,Sunday,Weekend
2026-09-27 16:00:00-06:00,COR001,MP003,S002,18.0,67.0,101.0,27.0,74.0,73.13432835820896,3.740740740740741,0.99,18,18,0.0,1,False,2026-09-27,16,Sunday,Weekend
2026-09-27 16:00:00-06:00,COR001,MP004,S002,15.0,64.0,501.0,117.0,384.0,76.5625,4.282051282051282,1.0,15,15,0.0,1,False,2026-09-27,16,Sunday,Weekend
2026-09-27 16:00:00-06:00,COR001,MP005,S003,56.0,77.0,184.0,133.0,51.0,27.27272727272727,1.3834586466165413,1.0,56,56,0.0,1,False,2026-09-27,16,Sunday,Weekend
2026-09-27 16:00:00-06:00,COR001,MP006,S003,56.0,77.0,184.0,133.0,51.0,27.27272727272727,1.3834586466165413,1.0,56,56,0.0,1,False,2026-09-27,16,Sunday,Weekend
2026-09-27 16:30:00-06:00,COR001,MP001,S001,71.0,71.0,186.0,186.0,0.0,0.0,1.0,1.0,71,71,0.0,1,False,2026-09-27,16,Sunday,Weekend
2026-09-27 16:30:00-06:00,COR001,MP002,S001,71.0,71.0,186.0,186.0,0.0,0.0,1.0,1.0,71,71,0.0,1,False,2026-09-27,16,Sunday,Weekend
2026-09-27 16:30:00-06:00,COR001,MP003,S002,24.0,69.0,75.0,26.0,49.0,65.21739130434783,2.8846153846153846,0.995933,24,24,0.0,1,False,2026-09-27,16,Sunday,Weekend
2026-09-27 16:30:00-06:00,COR001,MP004,S002,15.0,66.0,501.0,113.0,388.0,77.27272727272727,4.433628318584071,1.0,15,15,0.0,1,False,2026-09-27,16,Sunday,Weekend
2026-09-27 16:30:00-06:00,COR001,MP005,S003,59.0,78.0,174.0,132.0,42.0,24.35897435897436,1.318181818181818,1.0,59,59,0.0,1,False,2026-09-27,16,Sunday,Weekend
2026-09-27 16:30:00-06:00,COR001,MP006,S003,59.0,78.0,174.0,132.0,42.0,24.35897435897436,1.318181818181818,1.0,59,59,0.0,1,False,2026-09-27,16,Sunday,Weekend
2026-09-27 17:00:00-06:00,COR001,MP001,S001,54.0,70.0,245.0,189.0,56.0,22.857142857142858,1.2962962962962965,1.0,54,54,0.0,1,False,2026-09-27,17,Sunday,Weekend
2026-09-27 17:00:00-06:00,COR001,MP002,S001,54.0,70.0,245.0,189.0,56.0,22.857142857142858,1.2962962962962965,1.0,54,54,0.0,1,False,2026-09-27,17,Sunday,Weekend
2026-09-27 17:00:00-06:00,COR001,MP003,S002,14.0,70.0,130.0,26.0,104.0,80.0,5.0,1.0,14,14,0.0,1,False,2026-09-27,17,Sunday,Weekend
2026-09-27 17:00:00-06:00,COR001,MP004,S002,13.0,65.0,578.0,115.0,463.0,80.0,5.026086956521739,0.998569,13,13,0.0,1,False,2026-09-27,17,Sunday,Weekend
2026-09-27 17:00:00-06:00,COR001,MP005,S003,59.0,78.0,174.0,132.0,42.0,24.35897435897436,1.318181818181818,1.0,59,59,0.0,1,False,2026-09-27,17,Sunday,Weekend
2026-09-27 17:00:00-06:00,COR001,MP006,S003,59.0,78.0,174.0,132.0,42.0,24.35897435897436,1.318181818181818,1.0,59,59,0.0,1,False,2026-09-27,17,Sunday,Weekend
2026-09-27 17:30:00-06:00,COR001,MP001,S001,56.0,70.0,236.0,189.0,47.0,20.0,1.2486772486772486,1.0,56,56,0.0,1,False,2026-09-27,17,Sunday,Weekend
2026-09-27 17:30:00-06:00,COR001,MP002,S001,56.0,70.0,236.0,189.0,47.0,20.0,1.2486772486772486,1.0,56,56,0.0,1,False,2026-09-27,17,Sunday,Weekend
2026-09-27 17:30:00-06:00,COR001,MP003,S002,20.0,69.0,91.0,26.0,65.0,71.01449275362319,3.5,0.99,20,20,0.0,1,False,2026-09-27,17,Sunday,Weekend
2026-09-27 17:30:00-06:00,COR001,MP004,S002,11.0,62.0,683.0,121.0,562.0,82.25806451612904,5.644628099173554,1.0,11,11,0.0,1,False,2026-09-27,17,Sunday,Weekend
2026-09-27 17:30:00-06:00,COR001,MP005,S003,53.0,77.0,194.0,133.0,61.0,31.16883116883117,1.4586466165413534,1.0,53,53,0.0,1,False,2026-09-27,17,Sunday,Weekend
2026-09-27 17:30:00-06:00,COR001,MP006,S003,53.0,77.0,194.0,133.0,61.0,31.16883116883117,1.4586466165413534,1.0,53,53,0.0,1,False,2026-09-27,17,Sunday,Weekend
2026-09-27 18:00:00-06:00,COR001,MP001,S001,53.0,71.0,250.0,186.0,64.0,25.352112676056336,1.3440860215053765,0.996996,53,53,0.0,1,False,2026-09-27,18,Sunday,Weekend
2026-09-27 18:00:00-06:00,COR001,MP002,S001,53.0,71.0,250.0,186.0,64.0,25.352112676056336,1.3440860215053765,0.996996,53,53,0.0,1,False,2026-09-27,18,Sunday,Weekend
2026-09-27 18:00:00-06:00,COR001,MP003,S002,14.0,71.0,130.0,25.0,105.0,80.28169014084507,5.2,0.99,14,14,0.0,1,False,2026-09-27,18,Sunday,Weekend
2026-09-27 18:00:00-06:00,COR001,MP004,S002,12.0,65.0,626.0,115.0,511.0,81.53846153846153,5.443478260869565,1.0,12,12,0.0,1,False,2026-09-27,18,Sunday,Weekend
2026-09-27 18:00:00-06:00,COR001,MP005,S003,54.0,77.0,190.0,133.0,57.0,29.87012987012987,1.4285714285714286,1.0,54,54,0.0,1,False,2026-09-27,18,Sunday,Weekend
2026-09-27 18:00:00-06:00,COR001,MP006,S003,54.0,77.0,190.0,133.0,57.0,29.87012987012987,1.4285714285714286,1.0,54,54,0.0,1,False,2026-09-27,18,Sunday,Weekend
2026-09-27 18:30:00-06:00,COR001,MP001,S001,55.0,70.0,240.0,189.0,51.0,21.428571428571427,1.2698412698412698,0.991686,55,55,0.0,1,False,2026-09-27,18,Sunday,Weekend
2026-09-27 18:30:00-06:00,COR001,MP002,S001,55.0,70.0,240.0,189.0,51.0,21.428571428571427,1.2698412698412698,0.991686,55,55,0.0,1,False,2026-09-27,18,Sunday,Weekend
2026-09-27 18:30:00-06:00,COR001,MP003,S002,20.0,70.0,91.0,26.0,65.0,71.42857142857143,3.5,0.97,20,20,0.0,1,False,2026-09-27,18,Sunday,Weekend
2026-09-27 18:30:00-06:00,COR001,MP004,S002,10.0,67.0,751.0,112.0,639.0,85.07462686567165,6.705357142857143,1.0,10,10,0.0,1,False,2026-09-27,18,Sunday,Weekend
2026-09-27 18:30:00-06:00,COR001,MP005,S003,50.0,78.0,206.0,132.0,74.0,35.8974358974359,1.5606060606060606,1.0,50,50,0.0,1,False,2026-09-27,18,Sunday,Weekend
2026-09-27 18:30:00-06:00,COR001,MP006,S003,50.0,78.0,206.0,132.0,74.0,35.8974358974359,1.5606060606060606,1.0,50,50,0.0,1,False,2026-09-27,18,Sunday,Weekend
2026-09-27 19:00:00-06:00,COR001,MP001,S001,40.0,69.0,331.0,192.0,139.0,42.028985507246375,1.7239583333333333,0.988849,40,40,0.0,1,False,2026-09-27,19,Sunday,Weekend
2026-09-27 19:00:00-06:00,COR001,MP002,S001,40.0,69.0,331.0,192.0,139.0,42.028985507246375,1.7239583333333333,0.988849,40,40,0.0,1,False,2026-09-27,19,Sunday,Weekend
2026-09-27 19:00:00-06:00,COR001,MP003,S002,10.0,71.0,182.0,25.0,157.0,85.91549295774648,7.28,0.98,10,10,0.0,1,False,2026-09-27,19,Sunday,Weekend
2026-09-27 19:00:00-06:00,COR001,MP004,S002,11.0,64.0,683.0,117.0,566.0,82.8125,5.837606837606837,0.99684,11,11,0.0,1,False,2026-09-27,19,Sunday,Weekend
2026-09-27 19:00:00-06:00,COR001,MP005,S003,56.0,77.0,184.0,133.0,51.0,27.27272727272727,1.3834586466165413,1.0,56,56,0.0,1,False,2026-09-27,19,Sunday,Weekend
2026-09-27 19:00:00-06:00,COR001,MP006,S003,56.0,77.0,184.0,133.0,51.0,27.27272727272727,1.3834586466165413,1.0,56,56,0.0,1,False,2026-09-27,19,Sunday,Weekend
2026-09-27 19:30:00-06:00,COR001,MP001,S001,48.0,71.0,276.0,186.0,90.0,32.3943661971831,1.4838709677419355,0.999386,48,48,0.0,1,False,2026-09-27,19,Sunday,Weekend
2026-09-27 19:30:00-06:00,COR001,MP002,S001,48.0,71.0,276.0,186.0,90.0,32.3943661971831,1.4838709677419355,0.999386,48,48,0.0,1,False,2026-09-27,19,Sunday,Weekend
2026-09-27 19:30:00-06:00,COR001,MP003,S002,10.0,68.0,182.0,26.0,156.0,85.29411764705883,7.0,0.99,10,10,0.0,1,False,2026-09-27,19,Sunday,Weekend
2026-09-27 19:30:00-06:00,COR001,MP004,S002,10.0,64.0,751.0,117.0,634.0,84.375,6.418803418803419,1.0,10,10,0.0,1,False,2026-09-27,19,Sunday,Weekend
2026-09-27 19:30:00-06:00,COR001,MP005,S003,50.0,77.0,206.0,133.0,73.0,35.064935064935064,1.5488721804511278,1.0,50,50,0.0,1,False,2026-09-27,19,Sunday,Weekend
2026-09-27 19:30:00-06:00,COR001,MP006,S003,50.0,77.0,206.0,133.0,73.0,35.064935064935064,1.5488721804511278,1.0,50,50,0.0,1,False,2026-09-27,19,Sunday,Weekend
2026-09-27 20:00:00-06:00,COR001,MP001,S001,49.0,70.0,270.0,189.0,81.0,30.0,1.4285714285714286,0.999036,49,49,0.0,1,False,2026-09-27,20,Sunday,Weekend
2026-09-27 20:00:00-06:00,COR001,MP002,S001,49.0,70.0,270.0,189.0,81.0,30.0,1.4285714285714286,0.999036,49,49,0.0,1,False,2026-09-27,20,Sunday,Weekend
2026-09-27 20:00:00-06:00,COR001,MP003,S002,15.0,69.0,121.0,26.0,95.0,78.26086956521739,4.653846153846154,1.0,15,15,0.0,1,False,2026-09-27,20,Sunday,Weekend
2026-09-27 20:00:00-06:00,COR001,MP004,S002,12.0,61.0,626.0,123.0,503.0,80.32786885245902,5.089430894308944,1.0,12,12,0.0,1,False,2026-09-27,20,Sunday,Weekend
2026-09-27 20:00:00-06:00,COR001,MP005,S003,57.0,78.0,180.0,132.0,48.0,26.923076923076923,1.3636363636363635,1.0,57,57,0.0,1,False,2026-09-27,20,Sunday,Weekend
2026-09-27 20:00:00-06:00,COR001,MP006,S003,57.0,78.0,180.0,132.0,48.0,26.923076923076923,1.3636363636363635,1.0,57,57,0.0,1,False,2026-09-27,20,Sunday,Weekend
2026-09-27 20:30:00-06:00,COR001,MP001,S001,54.0,70.0,245.0,189.0,56.0,22.857142857142858,1.2962962962962965,0.996996,54,54,0.0,1,False,2026-09-27,20,Sunday,Weekend
2026-09-27 20:30:00-06:00,COR001,MP002,S001,54.0,70.0,245.0,189.0,56.0,22.857142857142858,1.2962962962962965,0.996996,54,54,0.0,1,False,2026-09-27,20,Sunday,Weekend
2026-09-27 20:30:00-06:00,COR001,MP003,S002,13.0,68.0,140.0,26.0,114.0,80.88235294117648,5.384615384615385,1.0,13,13,0.0,1,False,2026-09-27,20,Sunday,Weekend
2026-09-27 20:30:00-06:00,COR001,MP004,S002,10.0,60.0,751.0,125.0,626.0,83.33333333333334,6.008,1.0,10,10,0.0,1,False,2026-09-27,20,Sunday,Weekend
2026-09-27 20:30:00-06:00,COR001,MP005,S003,58.0,78.0,177.0,132.0,45.0,25.64102564102564,1.3409090909090908,1.0,58,58,0.0,1,False,2026-09-27,20,Sunday,Weekend
2026-09-27 20:30:00-06:00,COR001,MP006,S003,58.0,78.0,177.0,132.0,45.0,25.64102564102564,1.3409090909090908,1.0,58,58,0.0,1,False,2026-09-27,20,Sunday,Weekend
2026-09-27 21:00:00-06:00,COR001,MP001,S001,56.0,69.0,236.0,192.0,44.0,18.84057971014493,1.2291666666666667,1.0,56,56,0.0,1,False,2026-09-27,21,Sunday,Weekend
2026-09-27 21:00:00-06:00,COR001,MP002,S001,56.0,69.0,236.0,192.0,44.0,18.84057971014493,1.2291666666666667,1.0,56,56,0.0,1,False,2026-09-27,21,Sunday,Weekend
2026-09-27 21:00:00-06:00,COR001,MP003,S002,13.0,69.0,140.0,26.0,114.0,81.15942028985508,5.384615384615385,0.99,13,13,0.0,1,False,2026-09-27,21,Sunday,Weekend
2026-09-27 21:00:00-06:00,COR001,MP004,S002,14.0,64.0,537.0,117.0,420.0,78.125,4.589743589743589,1.0,14,14,0.0,1,False,2026-09-27,21,Sunday,Weekend
2026-09-27 21:00:00-06:00,COR001,MP005,S003,62.0,77.0,166.0,133.0,33.0,19.480519480519483,1.2481203007518795,1.0,62,62,0.0,1,False,2026-09-27,21,Sunday,Weekend
2026-09-27 21:00:00-06:00,COR001,MP006,S003,62.0,77.0,166.0,133.0,33.0,19.480519480519483,1.2481203007518795,1.0,62,62,0.0,1,False,2026-09-27,21,Sunday,Weekend
2026-09-27 21:30:00-06:00,COR001,MP001,S001,59.0,70.0,224.0,189.0,35.0,15.714285714285714,1.1851851851851851,1.0,59,59,0.0,1,False,2026-09-27,21,Sunday,Weekend
2026-09-27 21:30:00-06:00,COR001,MP002,S001,59.0,70.0,224.0,189.0,35.0,15.714285714285714,1.1851851851851851,1.0,59,59,0.0,1,False,2026-09-27,21,Sunday,Weekend
2026-09-27 21:30:00-06:00,COR001,MP003,S002,18.0,68.0,101.0,26.0,75.0,73.52941176470588,3.8846153846153846,0.99,18,18,0.0,1,False,2026-09-27,21,Sunday,Weekend
2026-09-27 21:30:00-06:00,COR001,MP004,S002,17.0,63.0,442.0,119.0,323.0,73.01587301587301,3.7142857142857135,1.0,17,17,0.0,1,False,2026-09-27,21,Sunday,Weekend
2026-09-27 21:30:00-06:00,COR001,MP005,S003,60.0,77.0,171.0,133.0,38.0,22.07792207792208,1.2857142857142858,1.0,60,60,0.0,1,False,2026-09-27,21,Sunday,Weekend
2026-09-27 21:30:00-06:00,COR001,MP006,S003,60.0,77.0,171.0,133.0,38.0,22.07792207792208,1.2857142857142858,1.0,60,60,0.0,1,False,2026-09-27,21,Sunday,Weekend
2026-09-27 22:00:00-06:00,COR001,MP001,S001,71.0,71.0,186.0,186.0,0.0,0.0,1.0,1.0,71,71,0.0,1,False,2026-09-27,22,Sunday,Weekend
2026-09-27 22:00:00-06:00,COR001,MP002,S001,71.0,71.0,186.0,186.0,0.0,0.0,1.0,1.0,71,71,0.0,1,False,2026-09-27,22,Sunday,Weekend
2026-09-27 22:00:00-06:00,COR001,MP003,S002,69.0,69.0,26.0,26.0,0.0,0.0,1.0,1.0,69,69,0.0,1,False,2026-09-27,22,Sunday,Weekend
2026-09-27 22:00:00-06:00,COR001,MP004,S002,64.0,64.0,117.0,117.0,0.0,0.0,1.0,1.0,64,64,0.0,1,False,2026-09-27,22,Sunday,Weekend
2026-09-27 22:00:00-06:00,COR001,MP005,S003,78.0,78.0,132.0,132.0,0.0,0.0,1.0,1.0,78,78,0.0,1,False,2026-09-27,22,Sunday,Weekend
2026-09-27 22:00:00-06:00,COR001,MP006,S003,78.0,78.0,132.0,132.0,0.0,0.0,1.0,1.0,78,78,0.0,1,False,2026-09-27,22,Sunday,Weekend
2026-09-27 22:30:00-06:00,COR001,MP001,S001,71.0,71.0,186.0,186.0,0.0,0.0,1.0,1.0,71,71,0.0,1,False,2026-09-27,22,Sunday,Weekend
2026-09-27 22:30:00-06:00,COR001,MP002,S001,71.0,71.0,186.0,186.0,0.0,0.0,1.0,1.0,71,71,0.0,1,False,2026-09-27,22,Sunday,Weekend
2026-09-27 22:30:00-06:00,COR001,MP003,S002,69.0,69.0,26.0,26.0,0.0,0.0,1.0,1.0,69,69,0.0,1,False,2026-09-27,22,Sunday,Weekend
2026-09-27 22:30:00-06:00,COR001,MP004,S002,64.0,64.0,117.0,117.0,0.0,0.0,1.0,1.0,64,64,0.0,1,False,2026-09-27,22,Sunday,Weekend
2026-09-27 22:30:00-06:00,COR001,MP005,S003,78.0,78.0,132.0,132.0,0.0,0.0,1.0,1.0,78,78,0.0,1,False,2026-09-27,22,Sunday,Weekend
2026-09-27 22:30:00-06:00,COR001,MP006,S003,78.0,78.0,132.0,132.0,0.0,0.0,1.0,1.0,78,78,0.0,1,False,2026-09-27,22,Sunday,Weekend
2026-09-27 23:00:00-06:00,COR001,MP001,S001,71.0,71.0,186.0,186.0,0.0,0.0,1.0,1.0,71,71,0.0,1,False,2026-09-27,23,Sunday,Weekend
2026-09-27 23:00:00-06:00,COR001,MP002,S001,71.0,71.0,186.0,186.0,0.0,0.0,1.0,1.0,71,71,0.0,1,False,2026-09-27,23,Sunday,Weekend
2026-09-27 23:00:00-06:00,COR001,MP003,S002,69.0,69.0,26.0,26.0,0.0,0.0,1.0,1.0,69,69,0.0,1,False,2026-09-27,23,Sunday,Weekend
2026-09-27 23:00:00-06:00,COR001,MP004,S002,64.0,64.0,117.0,117.0,0.0,0.0,1.0,1.0,64,64,0.0,1,False,2026-09-27,23,Sunday,Weekend
2026-09-27 23:00:00-06:00,COR001,MP005,S003,78.0,78.0,132.0,132.0,0.0,0.0,1.0,1.0,78,78,0.0,1,False,2026-09-27,23,Sunday,Weekend
2026-09-27 23:00:00-06:00,COR001,MP006,S003,78.0,78.0,132.0,132.0,0.0,0.0,1.0,1.0,78,78,0.0,1,False,2026-09-27,23,Sunday,Weekend
2026-09-27 23:30:00-06:00,COR001,MP001,S001,71.0,71.0,186.0,186.0,0.0,0.0,1.0,1.0,71,71,0.0,1,False,2026-09-27,23,Sunday,Weekend
2026-09-27 23:30:00-06:00,COR001,MP002,S001,71.0,71.0,186.0,186.0,0.0,0.0,1.0,1.0,71,71,0.0,1,False,2026-09-27,23,Sunday,Weekend
2026-09-27 23:30:00-06:00,COR001,MP003,S002,69.0,69.0,26.0,26.0,0.0,0.0,1.0,1.0,69,69,0.0,1,False,2026-09-27,23,Sunday,Weekend
2026-09-27 23:30:00-06:00,COR001,MP004,S002,49.0,64.0,153.0,117.0,36.0,23.4375,1.3076923076923077,0.99,49,49,0.0,1,False,2026-09-27,23,Sunday,Weekend
2026-09-27 23:30:00-06:00,COR001,MP005,S003,78.0,78.0,132.0,132.0,0.0,0.0,1.0,1.0,78,78,0.0,1,False,2026-09-27,23,Sunday,Weekend
2026-09-27 23:30:00-06:00,COR001,MP006,S003,78.0,78.0,132.0,132.0,0.0,0.0,1.0,1.0,78,78,0.0,1,False,2026-09-27,23,Sunday,Weekend
2026-09-28 00:00:00-06:00,COR001,MP001,S001,71.0,71.0,186.0,186.0,0.0,0.0,1.0,1.0,71,71,0.0,1,False,2026-09-28,0,Monday,Weekday
2026-09-28 00:00:00-06:00,COR001,MP002,S001,71.0,71.0,186.0,186.0,0.0,0.0,1.0,1.0,71,71,0.0,1,False,2026-09-28,0,Monday,Weekday
2026-09-28 00:00:00-06:00,COR001,MP003,S002,69.0,69.0,26.0,26.0,0.0,0.0,1.0,1.0,69,69,0.0,1,False,2026-09-28,0,Monday,Weekday
2026-09-28 00:00:00-06:00,COR001,MP004,S002,64.0,64.0,117.0,117.0,0.0,0.0,1.0,1.0,64,64,0.0,1,False,2026-09-28,0,Monday,Weekday
2026-09-28 00:00:00-06:00,COR001,MP005,S003,78.0,78.0,132.0,132.0,0.0,0.0,1.0,1.0,78,78,0.0,1,False,2026-09-28,0,Monday,Weekday
2026-09-28 00:00:00-06:00,COR001,MP006,S003,78.0,78.0,132.0,132.0,0.0,0.0,1.0,1.0,78,78,0.0,1,False,2026-09-28,0,Monday,Weekday
2026-09-28 00:30:00-06:00,COR001,MP001,S001,71.0,71.0,186.0,186.0,0.0,0.0,1.0,1.0,71,71,0.0,1,False,2026-09-28,0,Monday,Weekday
2026-09-28 00:30:00-06:00,COR001,MP002,S001,71.0,71.0,186.0,186.0,0.0,0.0,1.0,1.0,71,71,0.0,1,False,2026-09-28,0,Monday,Weekday
2026-09-28 00:30:00-06:00,COR001,MP003,S002,69.0,69.0,26.0,26.0,0.0,0.0,1.0,1.0,69,69,0.0,1,False,2026-09-28,0,Monday,Weekday
2026-09-28 00:30:00-06:00,COR001,MP004,S002,52.0,64.0,144.0,117.0,27.0,18.75,1.2307692307692308,0.976626,52,52,0.0,1,False,2026-09-28,0,Monday,Weekday
2026-09-28 00:30:00-06:00,COR001,MP005,S003,78.0,78.0,132.0,132.0,0.0,0.0,1.0,1.0,78,78,0.0,1,False,2026-09-28,0,Monday,Weekday
2026-09-28 00:30:00-06:00,COR001,MP006,S003,78.0,78.0,132.0,132.0,0.0,0.0,1.0,1.0,78,78,0.0,1,False,2026-09-28,0,Monday,Weekday
2026-09-28 01:00:00-06:00,COR001,MP001,S001,71.0,71.0,186.0,186.0,0.0,0.0,1.0,1.0,71,71,0.0,1,False,2026-09-28,1,Monday,Weekday
2026-09-28 01:00:00-06:00,COR001,MP002,S001,71.0,71.0,186.0,186.0,0.0,0.0,1.0,1.0,71,71,0.0,1,False,2026-09-28,1,Monday,Weekday
2026-09-28 01:00:00-06:00,COR001,MP003,S002,69.0,69.0,26.0,26.0,0.0,0.0,1.0,1.0,69,69,0.0,1,False,2026-09-28,1,Monday,Weekday
2026-09-28 01:00:00-06:00,COR001,MP004,S002,55.0,64.0,136.0,117.0,19.0,14.0625,1.1623931623931625,0.917805,55,55,0.0,1,False,2026-09-28,1,Monday,Weekday
2026-09-28 01:00:00-06:00,COR001,MP005,S003,78.0,78.0,132.0,132.0,0.0,0.0,1.0,1.0,78,78,0.0,1,False,2026-09-28,1,Monday,Weekday
2026-09-28 01:00:00-06:00,COR001,MP006,S003,78.0,78.0,132.0,132.0,0.0,0.0,1.0,1.0,78,78,0.0,1,False,2026-09-28,1,Monday,Weekday
2026-09-28 01:30:00-06:00,COR001,MP001,S001,71.0,71.0,186.0,186.0,0.0,0.0,1.0,1.0,71,71,0.0,1,False,2026-09-28,1,Monday,Weekday
2026-09-28 01:30:00-06:00,COR001,MP002,S001,71.0,71.0,186.0,186.0,0.0,0.0,1.0,1.0,71,71,0.0,1,False,2026-09-28,1,Monday,Weekday
2026-09-28 01:30:00-06:00,COR001,MP003,S002,69.0,69.0,26.0,26.0,0.0,0.0,1.0,1.0,69,69,0.0,1,False,2026-09-28,1,Monday,Weekday
2026-09-28 01:30:00-06:00,COR001,MP004,S002,58.0,64.0,129.0,117.0,12.0,9.375,1.1025641025641026,0.90108,58,58,0.0,1,False,2026-09-28,1,Monday,Weekday
2026-09-28 01:30:00-06:00,COR001,MP005,S003,78.0,78.0,132.0,132.0,0.0,0.0,1.0,1.0,78,78,0.0,1,False,2026-09-28,1,Monday,Weekday
2026-09-28 01:30:00-06:00,COR001,MP006,S003,78.0,78.0,132.0,132.0,0.0,0.0,1.0,1.0,78,78,0.0,1,False,2026-09-28,1,Monday,Weekday
2026-09-28 02:00:00-06:00,COR001,MP001,S001,71.0,71.0,186.0,186.0,0.0,0.0,1.0,1.0,71,71,0.0,1,False,2026-09-28,2,Monday,Weekday
2026-09-28 02:00:00-06:00,COR001,MP002,S001,71.0,71.0,186.0,186.0,0.0,0.0,1.0,1.0,71,71,0.0,1,False,2026-09-28,2,Monday,Weekday
2026-09-28 02:00:00-06:00,COR001,MP003,S002,69.0,69.0,26.0,26.0,0.0,0.0,1.0,1.0,69,69,0.0,1,False,2026-09-28,2,Monday,Weekday
2026-09-28 02:00:00-06:00,COR001,MP004,S002,49.0,64.0,153.0,117.0,36.0,23.4375,1.3076923076923077,0.956643,49,49,0.0,1,False,2026-09-28,2,Monday,Weekday
2026-09-28 02:00:00-06:00,COR001,MP005,S003,78.0,78.0,132.0,132.0,0.0,0.0,1.0,1.0,78,78,0.0,1,False,2026-09-28,2,Monday,Weekday
2026-09-28 02:00:00-06:00,COR001,MP006,S003,78.0,78.0,132.0,132.0,0.0,0.0,1.0,1.0,78,78,0.0,1,False,2026-09-28,2,Monday,Weekday
2026-09-28 02:30:00-06:00,COR001,MP001,S001,71.0,71.0,186.0,186.0,0.0,0.0,1.0,1.0,71,71,0.0,1,False,2026-09-28,2,Monday,Weekday
2026-09-28 02:30:00-06:00,COR001,MP002,S001,71.0,71.0,186.0,186.0,0.0,0.0,1.0,1.0,71,71,0.0,1,False,2026-09-28,2,Monday,Weekday
2026-09-28 02:30:00-06:00,COR001,MP003,S002,69.0,69.0,26.0,26.0,0.0,0.0,1.0,1.0,69,69,0.0,1,False,2026-09-28,2,Monday,Weekday
2026-09-28 02:30:00-06:00,COR001,MP004,S002,59.0,64.0,127.0,117.0,10.0,7.8125,1.0854700854700854,0.870153,59,59,0.0,1,False,2026-09-28,2,Monday,Weekday
2026-09-28 02:30:00-06:00,COR001,MP005,S003,78.0,78.0,132.0,132.0,0.0,0.0,1.0,1.0,78,78,0.0,1,False,2026-09-28,2,Monday,Weekday
2026-09-28 02:30:00-06:00,COR001,MP006,S003,78.0,78.0,132.0,132.0,0.0,0.0,1.0,1.0,78,78,0.0,1,False,2026-09-28,2,Monday,Weekday
2026-09-28 03:00:00-06:00,COR001,MP001,S001,71.0,71.0,186.0,186.0,0.0,0.0,1.0,1.0,71,71,0.0,1,False,2026-09-28,3,Monday,Weekday
2026-09-28 03:00:00-06:00,COR001,MP002,S001,71.0,71.0,186.0,186.0,0.0,0.0,1.0,1.0,71,71,0.0,1,False,2026-09-28,3,Monday,Weekday
2026-09-28 03:00:00-06:00,COR001,MP003,S002,69.0,69.0,26.0,26.0,0.0,0.0,1.0,1.0,69,69,0.0,1,False,2026-09-28,3,Monday,Weekday
2026-09-28 03:00:00-06:00,COR001,MP004,S002,55.0,64.0,136.0,117.0,19.0,14.0625,1.1623931623931625,0.872355,55,55,0.0,1,False,2026-09-28,3,Monday,Weekday
2026-09-28 03:00:00-06:00,COR001,MP005,S003,78.0,78.0,132.0,132.0,0.0,0.0,1.0,1.0,78,78,0.0,1,False,2026-09-28,3,Monday,Weekday
2026-09-28 03:00:00-06:00,COR001,MP006,S003,78.0,78.0,132.0,132.0,0.0,0.0,1.0,1.0,78,78,0.0,1,False,2026-09-28,3,Monday,Weekday
2026-09-28 03:30:00-06:00,COR001,MP001,S001,71.0,71.0,186.0,186.0,0.0,0.0,1.0,1.0,71,71,0.0,1,False,2026-09-28,3,Monday,Weekday
2026-09-28 03:30:00-06:00,COR001,MP002,S001,71.0,71.0,186.0,186.0,0.0,0.0,1.0,1.0,71,71,0.0,1,False,2026-09-28,3,Monday,Weekday
2026-09-28 03:30:00-06:00,COR001,MP003,S002,69.0,69.0,26.0,26.0,0.0,0.0,1.0,1.0,69,69,0.0,1,False,2026-09-28,3,Monday,Weekday
2026-09-28 03:30:00-06:00,COR001,MP004,S002,56.0,64.0,134.0,117.0,17.0,12.5,1.1452991452991452,0.907666,56,56,0.0,1,False,2026-09-28,3,Monday,Weekday
2026-09-28 03:30:00-06:00,COR001,MP005,S003,78.0,78.0,132.0,132.0,0.0,0.0,1.0,1.0,78,78,0.0,1,False,2026-09-28,3,Monday,Weekday
2026-09-28 03:30:00-06:00,COR001,MP006,S003,78.0,78.0,132.0,132.0,0.0,0.0,1.0,1.0,78,78,0.0,1,False,2026-09-28,3,Monday,Weekday
2026-09-28 04:00:00-06:00,COR001,MP001,S001,71.0,71.0,186.0,186.0,0.0,0.0,1.0,1.0,71,71,0.0,1,False,2026-09-28,4,Monday,Weekday
2026-09-28 04:00:00-06:00,COR001,MP002,S001,71.0,71.0,186.0,186.0,0.0,0.0,1.0,1.0,71,71,0.0,1,False,2026-09-28,4,Monday,Weekday
2026-09-28 04:00:00-06:00,COR001,MP003,S002,69.0,69.0,26.0,26.0,0.0,0.0,1.0,1.0,69,69,0.0,1,False,2026-09-28,4,Monday,Weekday
2026-09-28 04:00:00-06:00,COR001,MP004,S002,50.0,64.0,150.0,117.0,33.0,21.875,1.2820512820512822,0.911075,50,50,0.0,1,False,2026-09-28,4,Monday,Weekday
2026-09-28 04:00:00-06:00,COR001,MP005,S003,78.0,78.0,132.0,132.0,0.0,0.0,1.0,1.0,78,78,0.0,1,False,2026-09-28,4,Monday,Weekday
2026-09-28 04:00:00-06:00,COR001,MP006,S003,78.0,78.0,132.0,132.0,0.0,0.0,1.0,1.0,78,78,0.0,1,False,2026-09-28,4,Monday,Weekday
2026-09-28 04:30:00-06:00,COR001,MP001,S001,71.0,71.0,186.0,186.0,0.0,0.0,1.0,1.0,71,71,0.0,1,False,2026-09-28,4,Monday,Weekday
2026-09-28 04:30:00-06:00,COR001,MP002,S001,71.0,71.0,186.0,186.0,0.0,0.0,1.0,1.0,71,71,0.0,1,False,2026-09-28,4,Monday,Weekday
2026-09-28 04:30:00-06:00,COR001,MP003,S002,69.0,69.0,26.0,26.0,0.0,0.0,1.0,1.0,69,69,0.0,1,False,2026-09-28,4,Monday,Weekday
2026-09-28 04:30:00-06:00,COR001,MP004,S002,42.0,65.0,179.0,115.0,64.0,35.38461538461539,1.556521739130435,0.982134,42,42,0.0,1,False,2026-09-28,4,Monday,Weekday
2026-09-28 04:30:00-06:00,COR001,MP005,S003,78.0,78.0,132.0,132.0,0.0,0.0,1.0,1.0,78,78,0.0,1,False,2026-09-28,4,Monday,Weekday
2026-09-28 04:30:00-06:00,COR001,MP006,S003,78.0,78.0,132.0,132.0,0.0,0.0,1.0,1.0,78,78,0.0,1,False,2026-09-28,4,Monday,Weekday
2026-09-28 05:00:00-06:00,COR001,MP001,S001,71.0,71.0,186.0,186.0,0.0,0.0,1.0,1.0,71,71,0.0,1,False,2026-09-28,5,Monday,Weekday
2026-09-28 05:00:00-06:00,COR001,MP002,S001,71.0,71.0,186.0,186.0,0.0,0.0,1.0,1.0,71,71,0.0,1,False,2026-09-28,5,Monday,Weekday
2026-09-28 05:00:00-06:00,COR001,MP003,S002,69.0,69.0,26.0,26.0,0.0,0.0,1.0,1.0,69,69,0.0,1,False,2026-09-28,5,Monday,Weekday
2026-09-28 05:00:00-06:00,COR001,MP004,S002,49.0,64.0,153.0,117.0,36.0,23.4375,1.3076923076923077,0.975191,49,49,0.0,1,False,2026-09-28,5,Monday,Weekday
2026-09-28 05:00:00-06:00,COR001,MP005,S003,78.0,78.0,132.0,132.0,0.0,0.0,1.0,1.0,78,78,0.0,1,False,2026-09-28,5,Monday,Weekday
2026-09-28 05:00:00-06:00,COR001,MP006,S003,78.0,78.0,132.0,132.0,0.0,0.0,1.0,1.0,78,78,0.0,1,False,2026-09-28,5,Monday,Weekday
2026-09-28 05:30:00-06:00,COR001,MP001,S001,71.0,71.0,186.0,186.0,0.0,0.0,1.0,1.0,71,71,0.0,1,False,2026-09-28,5,Monday,Weekday
2026-09-28 05:30:00-06:00,COR001,MP002,S001,71.0,71.0,186.0,186.0,0.0,0.0,1.0,1.0,71,71,0.0,1,False,2026-09-28,5,Monday,Weekday
2026-09-28 05:30:00-06:00,COR001,MP003,S002,69.0,69.0,26.0,26.0,0.0,0.0,1.0,1.0,69,69,0.0,1,False,2026-09-28,5,Monday,Weekday
2026-09-28 05:30:00-06:00,COR001,MP004,S002,64.0,64.0,117.0,117.0,0.0,0.0,1.0,1.0,64,64,0.0,1,False,2026-09-28,5,Monday,Weekday
2026-09-28 05:30:00-06:00,COR001,MP005,S003,78.0,78.0,132.0,132.0,0.0,0.0,1.0,1.0,78,78,0.0,1,False,2026-09-28,5,Monday,Weekday
2026-09-28 05:30:00-06:00,COR001,MP006,S003,78.0,78.0,132.0,132.0,0.0,0.0,1.0,1.0,78,78,0.0,1,False,2026-09-28,5,Monday,Weekday
2026-09-28 06:00:00-06:00,COR001,MP001,S001,71.0,71.0,186.0,186.0,0.0,0.0,1.0,1.0,71,71,0.0,1,False,2026-09-28,6,Monday,Weekday
2026-09-28 06:00:00-06:00,COR001,MP002,S001,71.0,71.0,186.0,186.0,0.0,0.0,1.0,1.0,71,71,0.0,1,False,2026-09-28,6,Monday,Weekday
2026-09-28 06:00:00-06:00,COR001,MP003,S002,69.0,69.0,26.0,26.0,0.0,0.0,1.0,1.0,69,69,0.0,1,False,2026-09-28,6,Monday,Weekday
2026-09-28 06:00:00-06:00,COR001,MP004,S002,64.0,64.0,117.0,117.0,0.0,0.0,1.0,1.0,64,64,0.0,1,False,2026-09-28,6,Monday,Weekday
2026-09-28 06:00:00-06:00,COR001,MP005,S003,78.0,78.0,132.0,132.0,0.0,0.0,1.0,1.0,78,78,0.0,1,False,2026-09-28,6,Monday,Weekday
2026-09-28 06:00:00-06:00,COR001,MP006,S003,78.0,78.0,132.0,132.0,0.0,0.0,1.0,1.0,78,78,0.0,1,False,2026-09-28,6,Monday,Weekday
2026-09-28 06:30:00-06:00,COR001,MP001,S001,71.0,71.0,186.0,186.0,0.0,0.0,1.0,1.0,71,71,0.0,1,False,2026-09-28,6,Monday,Weekday
2026-09-28 06:30:00-06:00,COR001,MP002,S001,71.0,71.0,186.0,186.0,0.0,0.0,1.0,1.0,71,71,0.0,1,False,2026-09-28,6,Monday,Weekday
2026-09-28 06:30:00-06:00,COR001,MP003,S002,58.0,69.0,31.0,26.0,5.0,15.942028985507244,1.1923076923076923,1.0,58,58,0.0,1,False,2026-09-28,6,Monday,Weekday
2026-09-28 06:30:00-06:00,COR001,MP004,S002,40.0,64.0,187.0,117.0,70.0,37.5,1.5982905982905984,0.998276,40,40,0.0,1,False,2026-09-28,6,Monday,Weekday
2026-09-28 06:30:00-06:00,COR001,MP005,S003,78.0,78.0,132.0,132.0,0.0,0.0,1.0,1.0,78,78,0.0,1,False,2026-09-28,6,Monday,Weekday
2026-09-28 06:30:00-06:00,COR001,MP006,S003,78.0,78.0,132.0,132.0,0.0,0.0,1.0,1.0,78,78,0.0,1,False,2026-09-28,6,Monday,Weekday
2026-09-28 07:00:00-06:00,COR001,MP001,S001,61.0,71.0,217.0,186.0,31.0,14.084507042253522,1.1666666666666667,0.992468,61,61,0.0,1,False,2026-09-28,7,Monday,Weekday
2026-09-28 07:00:00-06:00,COR001,MP002,S001,61.0,71.0,217.0,186.0,31.0,14.084507042253522,1.1666666666666667,0.992468,61,61,0.0,1,False,2026-09-28,7,Monday,Weekday
2026-09-28 07:00:00-06:00,COR001,MP003,S002,69.0,69.0,26.0,26.0,0.0,0.0,1.0,1.0,69,69,0.0,1,False,2026-09-28,7,Monday,Weekday
2026-09-28 07:00:00-06:00,COR001,MP004,S002,49.0,63.0,153.0,119.0,34.0,22.22222222222222,1.2857142857142858,0.998276,49,49,0.0,1,False,2026-09-28,7,Monday,Weekday
2026-09-28 07:00:00-06:00,COR001,MP005,S003,78.0,78.0,132.0,132.0,0.0,0.0,1.0,1.0,78,78,0.0,1,False,2026-09-28,7,Monday,Weekday
2026-09-28 07:00:00-06:00,COR001,MP006,S003,78.0,78.0,132.0,132.0,0.0,0.0,1.0,1.0,78,78,0.0,1,False,2026-09-28,7,Monday,Weekday
2026-09-28 07:30:00-06:00,COR001,MP001,S001,71.0,71.0,186.0,186.0,0.0,0.0,1.0,1.0,71,71,0.0,1,False,2026-09-28,7,Monday,Weekday
2026-09-28 07:30:00-06:00,COR001,MP002,S001,71.0,71.0,186.0,186.0,0.0,0.0,1.0,1.0,71,71,0.0,1,False,2026-09-28,7,Monday,Weekday
2026-09-28 07:30:00-06:00,COR001,MP003,S002,31.0,69.0,58.0,26.0,32.0,55.072463768115945,2.230769230769231,1.0,31,31,0.0,1,False,2026-09-28,7,Monday,Weekday
2026-09-28 07:30:00-06:00,COR001,MP004,S002,17.0,62.0,442.0,121.0,321.0,72.58064516129032,3.652892561983471,1.0,17,17,0.0,1,False,2026-09-28,7,Monday,Weekday
2026-09-28 07:30:00-06:00,COR001,MP005,S003,53.0,77.0,194.0,133.0,61.0,31.16883116883117,1.4586466165413534,1.0,53,53,0.0,1,False,2026-09-28,7,Monday,Weekday
2026-09-28 07:30:00-06:00,COR001,MP006,S003,53.0,77.0,194.0,133.0,61.0,31.16883116883117,1.4586466165413534,1.0,53,53,0.0,1,False,2026-09-28,7,Monday,Weekday
2026-09-28 08:00:00-06:00,COR001,MP001,S001,59.0,70.0,224.0,189.0,35.0,15.714285714285714,1.1851851851851851,1.0,59,59,0.0,1,False,2026-09-28,8,Monday,Weekday
2026-09-28 08:00:00-06:00,COR001,MP002,S001,59.0,70.0,224.0,189.0,35.0,15.714285714285714,1.1851851851851851,1.0,59,59,0.0,1,False,2026-09-28,8,Monday,Weekday
2026-09-28 08:00:00-06:00,COR001,MP003,S002,28.0,69.0,65.0,26.0,39.0,59.42028985507246,2.5,0.99,28,28,0.0,1,False,2026-09-28,8,Monday,Weekday
2026-09-28 08:00:00-06:00,COR001,MP004,S002,17.0,65.0,442.0,115.0,327.0,73.84615384615385,3.843478260869565,0.998276,17,17,0.0,1,False,2026-09-28,8,Monday,Weekday
2026-09-28 08:00:00-06:00,COR001,MP005,S003,53.0,78.0,194.0,132.0,62.0,32.05128205128205,1.4696969696969695,1.0,53,53,0.0,1,False,2026-09-28,8,Monday,Weekday
2026-09-28 08:00:00-06:00,COR001,MP006,S003,53.0,78.0,194.0,132.0,62.0,32.05128205128205,1.4696969696969695,1.0,53,53,0.0,1,False,2026-09-28,8,Monday,Weekday
2026-09-28 08:30:00-06:00,COR001,MP001,S001,71.0,71.0,186.0,186.0,0.0,0.0,1.0,1.0,71,71,0.0,1,False,2026-09-28,8,Monday,Weekday
2026-09-28 08:30:00-06:00,COR001,MP002,S001,71.0,71.0,186.0,186.0,0.0,0.0,1.0,1.0,71,71,0.0,1,False,2026-09-28,8,Monday,Weekday
2026-09-28 08:30:00-06:00,COR001,MP003,S002,36.0,70.0,50.0,26.0,24.0,48.57142857142857,1.9230769230769231,0.99,36,36,0.0,1,False,2026-09-28,8,Monday,Weekday
2026-09-28 08:30:00-06:00,COR001,MP004,S002,15.0,64.0,501.0,117.0,384.0,76.5625,4.282051282051282,0.997132,15,15,0.0,1,False,2026-09-28,8,Monday,Weekday
2026-09-28 08:30:00-06:00,COR001,MP005,S003,56.0,78.0,184.0,132.0,52.0,28.205128205128204,1.393939393939394,1.0,56,56,0.0,1,False,2026-09-28,8,Monday,Weekday
2026-09-28 08:30:00-06:00,COR001,MP006,S003,56.0,78.0,184.0,132.0,52.0,28.205128205128204,1.393939393939394,1.0,56,56,0.0,1,False,2026-09-28,8,Monday,Weekday
2026-09-28 09:00:00-06:00,COR001,MP001,S001,59.0,70.0,224.0,189.0,35.0,15.714285714285714,1.1851851851851851,1.0,59,59,0.0,1,False,2026-09-28,9,Monday,Weekday
2026-09-28 09:00:00-06:00,COR001,MP002,S001,59.0,70.0,224.0,189.0,35.0,15.714285714285714,1.1851851851851851,1.0,59,59,0.0,1,False,2026-09-28,9,Monday,Weekday
2026-09-28 09:00:00-06:00,COR001,MP003,S002,69.0,69.0,26.0,26.0,0.0,0.0,1.0,1.0,69,69,0.0,1,False,2026-09-28,9,Monday,Weekday
2026-09-28 09:00:00-06:00,COR001,MP004,S002,41.0,63.0,183.0,119.0,64.0,34.92063492063492,1.5378151260504205,1.0,41,41,0.0,1,False,2026-09-28,9,Monday,Weekday
2026-09-28 09:00:00-06:00,COR001,MP005,S003,57.0,78.0,180.0,132.0,48.0,26.923076923076923,1.3636363636363635,1.0,57,57,0.0,1,False,2026-09-28,9,Monday,Weekday
2026-09-28 09:00:00-06:00,COR001,MP006,S003,57.0,78.0,180.0,132.0,48.0,26.923076923076923,1.3636363636363635,1.0,57,57,0.0,1,False,2026-09-28,9,Monday,Weekday
2026-09-28 09:30:00-06:00,COR001,MP001,S001,71.0,71.0,186.0,186.0,0.0,0.0,1.0,1.0,71,71,0.0,1,False,2026-09-28,9,Monday,Weekday
2026-09-28 09:30:00-06:00,COR001,MP002,S001,71.0,71.0,186.0,186.0,0.0,0.0,1.0,1.0,71,71,0.0,1,False,2026-09-28,9,Monday,Weekday
2026-09-28 09:30:00-06:00,COR001,MP003,S002,69.0,69.0,26.0,26.0,0.0,0.0,1.0,1.0,69,69,0.0,1,False,2026-09-28,9,Monday,Weekday
2026-09-28 09:30:00-06:00,COR001,MP004,S002,64.0,64.0,117.0,117.0,0.0,0.0,1.0,1.0,64,64,0.0,1,False,2026-09-28,9,Monday,Weekday
2026-09-28 09:30:00-06:00,COR001,MP005,S003,57.0,77.0,180.0,133.0,47.0,25.97402597402597,1.3533834586466165,1.0,57,57,0.0,1,False,2026-09-28,9,Monday,Weekday
2026-09-28 09:30:00-06:00,COR001,MP006,S003,57.0,77.0,180.0,133.0,47.0,25.97402597402597,1.3533834586466165,1.0,57,57,0.0,1,False,2026-09-28,9,Monday,Weekday
2026-09-28 10:00:00-06:00,COR001,MP001,S001,71.0,71.0,186.0,186.0,0.0,0.0,1.0,1.0,71,71,0.0,1,False,2026-09-28,10,Monday,Weekday
2026-09-28 10:00:00-06:00,COR001,MP002,S001,71.0,71.0,186.0,186.0,0.0,0.0,1.0,1.0,71,71,0.0,1,False,2026-09-28,10,Monday,Weekday
2026-09-28 10:00:00-06:00,COR001,MP003,S002,69.0,69.0,26.0,26.0,0.0,0.0,1.0,1.0,69,69,0.0,1,False,2026-09-28,10,Monday,Weekday
2026-09-28 10:00:00-06:00,COR001,MP004,S002,64.0,64.0,117.0,117.0,0.0,0.0,1.0,1.0,64,64,0.0,1,False,2026-09-28,10,Monday,Weekday
2026-09-28 10:00:00-06:00,COR001,MP005,S003,59.0,77.0,174.0,133.0,41.0,23.37662337662337,1.3082706766917294,1.0,59,59,0.0,1,False,2026-09-28,10,Monday,Weekday
2026-09-28 10:00:00-06:00,COR001,MP006,S003,59.0,77.0,174.0,133.0,41.0,23.37662337662337,1.3082706766917294,1.0,59,59,0.0,1,False,2026-09-28,10,Monday,Weekday
2026-09-28 10:30:00-06:00,COR001,MP001,S001,71.0,71.0,186.0,186.0,0.0,0.0,1.0,1.0,71,71,0.0,1,False,2026-09-28,10,Monday,Weekday
2026-09-28 10:30:00-06:00,COR001,MP002,S001,71.0,71.0,186.0,186.0,0.0,0.0,1.0,1.0,71,71,0.0,1,False,2026-09-28,10,Monday,Weekday
2026-09-28 10:30:00-06:00,COR001,MP003,S002,69.0,69.0,26.0,26.0,0.0,0.0,1.0,1.0,69,69,0.0,1,False,2026-09-28,10,Monday,Weekday
2026-09-28 10:30:00-06:00,COR001,MP004,S002,64.0,64.0,117.0,117.0,0.0,0.0,1.0,1.0,64,64,0.0,1,False,2026-09-28,10,Monday,Weekday
2026-09-28 10:30:00-06:00,COR001,MP005,S003,78.0,78.0,132.0,132.0,0.0,0.0,1.0,1.0,78,78,0.0,1,False,2026-09-28,10,Monday,Weekday
2026-09-28 10:30:00-06:00,COR001,MP006,S003,78.0,78.0,132.0,132.0,0.0,0.0,1.0,1.0,78,78,0.0,1,False,2026-09-28,10,Monday,Weekday
2026-09-28 11:00:00-06:00,COR001,MP001,S001,71.0,71.0,186.0,186.0,0.0,0.0,1.0,1.0,71,71,0.0,1,False,2026-09-28,11,Monday,Weekday
2026-09-28 11:00:00-06:00,COR001,MP002,S001,71.0,71.0,186.0,186.0,0.0,0.0,1.0,1.0,71,71,0.0,1,False,2026-09-28,11,Monday,Weekday
2026-09-28 11:00:00-06:00,COR001,MP003,S002,69.0,69.0,26.0,26.0,0.0,0.0,1.0,1.0,69,69,0.0,1,False,2026-09-28,11,Monday,Weekday
2026-09-28 11:00:00-06:00,COR001,MP004,S002,54.0,64.0,139.0,117.0,22.0,15.625,1.188034188034188,1.0,54,54,0.0,1,False,2026-09-28,11,Monday,Weekday
2026-09-28 11:00:00-06:00,COR001,MP005,S003,57.0,78.0,180.0,132.0,48.0,26.923076923076923,1.3636363636363635,1.0,57,57,0.0,1,False,2026-09-28,11,Monday,Weekday
2026-09-28 11:00:00-06:00,COR001,MP006,S003,57.0,78.0,180.0,132.0,48.0,26.923076923076923,1.3636363636363635,1.0,57,57,0.0,1,False,2026-09-28,11,Monday,Weekday
2026-09-28 11:30:00-06:00,COR001,MP001,S001,71.0,71.0,186.0,186.0,0.0,0.0,1.0,1.0,71,71,0.0,1,False,2026-09-28,11,Monday,Weekday
2026-09-28 11:30:00-06:00,COR001,MP002,S001,71.0,71.0,186.0,186.0,0.0,0.0,1.0,1.0,71,71,0.0,1,False,2026-09-28,11,Monday,Weekday
2026-09-28 11:30:00-06:00,COR001,MP003,S002,69.0,69.0,26.0,26.0,0.0,0.0,1.0,1.0,69,69,0.0,1,False,2026-09-28,11,Monday,Weekday
2026-09-28 11:30:00-06:00,COR001,MP004,S002,44.0,63.0,170.0,119.0,51.0,30.15873015873016,1.4285714285714286,1.0,44,44,0.0,1,False,2026-09-28,11,Monday,Weekday
2026-09-28 11:30:00-06:00,COR001,MP005,S003,78.0,78.0,132.0,132.0,0.0,0.0,1.0,1.0,78,78,0.0,1,False,2026-09-28,11,Monday,Weekday
2026-09-28 11:30:00-06:00,COR001,MP006,S003,78.0,78.0,132.0,132.0,0.0,0.0,1.0,1.0,78,78,0.0,1,False,2026-09-28,11,Monday,Weekday
2026-09-28 12:00:00-06:00,COR001,MP001,S001,57.0,71.0,232.0,186.0,46.0,19.718309859154928,1.2473118279569892,1.0,57,57,0.0,1,False,2026-09-28,12,Monday,Weekday
2026-09-28 12:00:00-06:00,COR001,MP002,S001,57.0,71.0,232.0,186.0,46.0,19.718309859154928,1.2473118279569892,1.0,57,57,0.0,1,False,2026-09-28,12,Monday,Weekday
2026-09-28 12:00:00-06:00,COR001,MP003,S002,69.0,69.0,26.0,26.0,0.0,0.0,1.0,1.0,69,69,0.0,1,False,2026-09-28,12,Monday,Weekday
2026-09-28 12:00:00-06:00,COR001,MP004,S002,64.0,64.0,117.0,117.0,0.0,0.0,1.0,1.0,64,64,0.0,1,False,2026-09-28,12,Monday,Weekday
2026-09-28 12:00:00-06:00,COR001,MP005,S003,78.0,78.0,132.0,132.0,0.0,0.0,1.0,1.0,78,78,0.0,1,False,2026-09-28,12,Monday,Weekday
2026-09-28 12:00:00-06:00,COR001,MP006,S003,78.0,78.0,132.0,132.0,0.0,0.0,1.0,1.0,78,78,0.0,1,False,2026-09-28,12,Monday,Weekday
2026-09-28 12:30:00-06:00,COR001,MP001,S001,71.0,71.0,186.0,186.0,0.0,0.0,1.0,1.0,71,71,0.0,1,False,2026-09-28,12,Monday,Weekday
2026-09-28 12:30:00-06:00,COR001,MP002,S001,71.0,71.0,186.0,186.0,0.0,0.0,1.0,1.0,71,71,0.0,1,False,2026-09-28,12,Monday,Weekday
2026-09-28 12:30:00-06:00,COR001,MP003,S002,51.0,68.0,35.0,26.0,9.0,25.0,1.3461538461538465,1.0,51,51,0.0,1,False,2026-09-28,12,Monday,Weekday
2026-09-28 12:30:00-06:00,COR001,MP004,S002,33.0,64.0,227.0,117.0,110.0,48.4375,1.94017094017094,0.998276,33,33,0.0,1,False,2026-09-28,12,Monday,Weekday
2026-09-28 12:30:00-06:00,COR001,MP005,S003,63.0,77.0,163.0,133.0,30.0,18.181818181818183,1.2255639097744362,1.0,63,63,0.0,1,False,2026-09-28,12,Monday,Weekday
2026-09-28 12:30:00-06:00,COR001,MP006,S003,63.0,77.0,163.0,133.0,30.0,18.181818181818183,1.2255639097744362,1.0,63,63,0.0,1,False,2026-09-28,12,Monday,Weekday
2026-09-28 13:00:00-06:00,COR001,MP001,S001,61.0,71.0,217.0,186.0,31.0,14.084507042253522,1.1666666666666667,1.0,61,61,0.0,1,False,2026-09-28,13,Monday,Weekday
2026-09-28 13:00:00-06:00,COR001,MP002,S001,61.0,71.0,217.0,186.0,31.0,14.084507042253522,1.1666666666666667,1.0,61,61,0.0,1,False,2026-09-28,13,Monday,Weekday
2026-09-28 13:00:00-06:00,COR001,MP003,S002,15.0,70.0,121.0,26.0,95.0,78.57142857142857,4.653846153846154,1.0,15,15,0.0,1,False,2026-09-28,13,Monday,Weekday
2026-09-28 13:00:00-06:00,COR001,MP004,S002,7.0,65.0,1074.0,115.0,959.0,89.23076923076924,9.339130434782607,0.998569,7,7,0.0,1,False,2026-09-28,13,Monday,Weekday
2026-09-28 13:00:00-06:00,COR001,MP005,S003,60.0,77.0,171.0,133.0,38.0,22.07792207792208,1.2857142857142858,1.0,60,60,0.0,1,False,2026-09-28,13,Monday,Weekday
2026-09-28 13:00:00-06:00,COR001,MP006,S003,60.0,77.0,171.0,133.0,38.0,22.07792207792208,1.2857142857142858,1.0,60,60,0.0,1,False,2026-09-28,13,Monday,Weekday
2026-09-28 13:30:00-06:00,COR001,MP001,S001,34.0,70.0,389.0,189.0,200.0,51.42857142857142,2.058201058201058,0.990541,34,34,0.0,1,False,2026-09-28,13,Monday,Weekday
2026-09-28 13:30:00-06:00,COR001,MP002,S001,34.0,70.0,389.0,189.0,200.0,51.42857142857142,2.058201058201058,0.990541,34,34,0.0,1,False,2026-09-28,13,Monday,Weekday
2026-09-28 13:30:00-06:00,COR001,MP003,S002,9.0,66.0,202.0,27.0,175.0,86.36363636363636,7.481481481481482,0.933722,9,9,0.0,1,False,2026-09-28,13,Monday,Weekday
2026-09-28 13:30:00-06:00,COR001,MP004,S002,5.0,68.0,1503.0,110.0,1393.0,92.64705882352942,13.663636363636364,1.0,5,5,0.0,1,False,2026-09-28,13,Monday,Weekday
2026-09-28 13:30:00-06:00,COR001,MP005,S003,62.0,78.0,166.0,132.0,34.0,20.51282051282051,1.2575757575757576,1.0,62,62,0.0,1,False,2026-09-28,13,Monday,Weekday
2026-09-28 13:30:00-06:00,COR001,MP006,S003,62.0,78.0,166.0,132.0,34.0,20.51282051282051,1.2575757575757576,1.0,62,62,0.0,1,False,2026-09-28,13,Monday,Weekday
2026-09-28 14:00:00-06:00,COR001,MP001,S001,32.0,70.0,414.0,189.0,225.0,54.285714285714285,2.1904761904761907,0.989397,32,32,0.0,1,False,2026-09-28,14,Monday,Weekday
2026-09-28 14:00:00-06:00,COR001,MP002,S001,32.0,70.0,414.0,189.0,225.0,54.285714285714285,2.1904761904761907,0.989397,32,32,0.0,1,False,2026-09-28,14,Monday,Weekday
2026-09-28 14:00:00-06:00,COR001,MP003,S002,8.0,69.0,227.0,26.0,201.0,88.40579710144928,8.73076923076923,0.979329,8,8,0.0,1,False,2026-09-28,14,Monday,Weekday
2026-09-28 14:00:00-06:00,COR001,MP004,S002,9.0,64.0,835.0,117.0,718.0,85.9375,7.136752136752137,0.998276,9,9,0.0,1,False,2026-09-28,14,Monday,Weekday
2026-09-28 14:00:00-06:00,COR001,MP005,S003,54.0,77.0,190.0,133.0,57.0,29.87012987012987,1.4285714285714286,1.0,54,54,0.0,1,False,2026-09-28,14,Monday,Weekday
2026-09-28 14:00:00-06:00,COR001,MP006,S003,54.0,77.0,190.0,133.0,57.0,29.87012987012987,1.4285714285714286,1.0,54,54,0.0,1,False,2026-09-28,14,Monday,Weekday
2026-09-28 14:30:00-06:00,COR001,MP001,S001,33.0,70.0,401.0,189.0,212.0,52.85714285714286,2.121693121693122,0.983736,33,33,0.0,1,False,2026-09-28,14,Monday,Weekday
2026-09-28 14:30:00-06:00,COR001,MP002,S001,33.0,70.0,401.0,189.0,212.0,52.85714285714286,2.121693121693122,0.983736,33,33,0.0,1,False,2026-09-28,14,Monday,Weekday
2026-09-28 14:30:00-06:00,COR001,MP003,S002,24.0,69.0,75.0,26.0,49.0,65.21739130434783,2.8846153846153846,0.965933,24,24,0.0,1,False,2026-09-28,14,Monday,Weekday
2026-09-28 14:30:00-06:00,COR001,MP004,S002,9.0,66.0,835.0,113.0,722.0,86.36363636363636,7.389380530973451,1.0,9,9,0.0,1,False,2026-09-28,14,Monday,Weekday
2026-09-28 14:30:00-06:00,COR001,MP005,S003,53.0,77.0,194.0,133.0,61.0,31.16883116883117,1.4586466165413534,1.0,53,53,0.0,1,False,2026-09-28,14,Monday,Weekday
2026-09-28 14:30:00-06:00,COR001,MP006,S003,53.0,77.0,194.0,133.0,61.0,31.16883116883117,1.4586466165413534,1.0,53,53,0.0,1,False,2026-09-28,14,Monday,Weekday
2026-09-28 15:00:00-06:00,COR001,MP001,S001,29.0,70.0,457.0,189.0,268.0,58.57142857142858,2.417989417989418,0.959427,29,29,0.0,1,False,2026-09-28,15,Monday,Weekday
2026-09-28 15:00:00-06:00,COR001,MP002,S001,29.0,70.0,457.0,189.0,268.0,58.57142857142858,2.417989417989418,0.959427,29,29,0.0,1,False,2026-09-28,15,Monday,Weekday
2026-09-28 15:00:00-06:00,COR001,MP003,S002,12.0,73.0,151.0,24.0,127.0,83.56164383561644,6.291666666666667,0.97,12,12,0.0,1,False,2026-09-28,15,Monday,Weekday
2026-09-28 15:00:00-06:00,COR001,MP004,S002,8.0,61.0,939.0,123.0,816.0,86.88524590163934,7.634146341463414,1.0,8,8,0.0,1,False,2026-09-28,15,Monday,Weekday
2026-09-28 15:00:00-06:00,COR001,MP005,S003,48.0,79.0,214.0,130.0,84.0,39.24050632911392,1.646153846153846,1.0,48,48,0.0,1,False,2026-09-28,15,Monday,Weekday
2026-09-28 15:00:00-06:00,COR001,MP006,S003,48.0,79.0,214.0,130.0,84.0,39.24050632911392,1.646153846153846,1.0,48,48,0.0,1,False,2026-09-28,15,Monday,Weekday
2026-09-28 15:30:00-06:00,COR001,MP001,S001,21.0,70.0,631.0,189.0,442.0,70.0,3.3386243386243386,0.985253,21,21,0.0,1,False,2026-09-28,15,Monday,Weekday
2026-09-28 15:30:00-06:00,COR001,MP002,S001,21.0,70.0,631.0,189.0,442.0,70.0,3.3386243386243386,0.985253,21,21,0.0,1,False,2026-09-28,15,Monday,Weekday
2026-09-28 15:30:00-06:00,COR001,MP003,S002,13.0,67.0,140.0,27.0,113.0,80.59701492537313,5.185185185185185,0.98,13,13,0.0,1,False,2026-09-28,15,Monday,Weekday
2026-09-28 15:30:00-06:00,COR001,MP004,S002,10.0,64.0,751.0,117.0,634.0,84.375,6.418803418803419,1.0,10,10,0.0,1,False,2026-09-28,15,Monday,Weekday
2026-09-28 15:30:00-06:00,COR001,MP005,S003,51.0,77.0,202.0,133.0,69.0,33.76623376623377,1.518796992481203,1.0,51,51,0.0,1,False,2026-09-28,15,Monday,Weekday
2026-09-28 15:30:00-06:00,COR001,MP006,S003,51.0,77.0,202.0,133.0,69.0,33.76623376623377,1.518796992481203,1.0,51,51,0.0,1,False,2026-09-28,15,Monday,Weekday
2026-09-28 16:00:00-06:00,COR001,MP001,S001,23.0,70.0,576.0,189.0,387.0,67.14285714285714,3.0476190476190474,0.9868,23,23,0.0,1,False,2026-09-28,16,Monday,Weekday
2026-09-28 16:00:00-06:00,COR001,MP002,S001,23.0,70.0,576.0,189.0,387.0,67.14285714285714,3.0476190476190474,0.9868,23,23,0.0,1,False,2026-09-28,16,Monday,Weekday
2026-09-28 16:00:00-06:00,COR001,MP003,S002,17.0,67.0,107.0,27.0,80.0,74.6268656716418,3.962962962962963,1.0,17,17,0.0,1,False,2026-09-28,16,Monday,Weekday
2026-09-28 16:00:00-06:00,COR001,MP004,S002,13.0,62.0,578.0,121.0,457.0,79.03225806451613,4.776859504132231,1.0,13,13,0.0,1,False,2026-09-28,16,Monday,Weekday
2026-09-28 16:00:00-06:00,COR001,MP005,S003,46.0,78.0,224.0,132.0,92.0,41.02564102564102,1.696969696969697,1.0,46,46,0.0,1,False,2026-09-28,16,Monday,Weekday
2026-09-28 16:00:00-06:00,COR001,MP006,S003,46.0,78.0,224.0,132.0,92.0,41.02564102564102,1.696969696969697,1.0,46,46,0.0,1,False,2026-09-28,16,Monday,Weekday
2026-09-28 16:30:00-06:00,COR001,MP001,S001,45.0,69.0,294.0,192.0,102.0,34.78260869565217,1.53125,0.994848,45,45,0.0,1,False,2026-09-28,16,Monday,Weekday
2026-09-28 16:30:00-06:00,COR001,MP002,S001,45.0,69.0,294.0,192.0,102.0,34.78260869565217,1.53125,0.994848,45,45,0.0,1,False,2026-09-28,16,Monday,Weekday
2026-09-28 16:30:00-06:00,COR001,MP003,S002,15.0,69.0,121.0,26.0,95.0,78.26086956521739,4.653846153846154,1.0,15,15,0.0,1,False,2026-09-28,16,Monday,Weekday
2026-09-28 16:30:00-06:00,COR001,MP004,S002,14.0,65.0,537.0,115.0,422.0,78.46153846153847,4.6695652173913045,1.0,14,14,0.0,1,False,2026-09-28,16,Monday,Weekday
2026-09-28 16:30:00-06:00,COR001,MP005,S003,56.0,77.0,184.0,133.0,51.0,27.27272727272727,1.3834586466165413,1.0,56,56,0.0,1,False,2026-09-28,16,Monday,Weekday
2026-09-28 16:30:00-06:00,COR001,MP006,S003,56.0,77.0,184.0,133.0,51.0,27.27272727272727,1.3834586466165413,1.0,56,56,0.0,1,False,2026-09-28,16,Monday,Weekday
2026-09-28 17:00:00-06:00,COR001,MP001,S001,43.0,69.0,308.0,192.0,116.0,37.68115942028986,1.6041666666666667,0.996157,43,43,0.0,1,False,2026-09-28,17,Monday,Weekday
2026-09-28 17:00:00-06:00,COR001,MP002,S001,43.0,69.0,308.0,192.0,116.0,37.68115942028986,1.6041666666666667,0.996157,43,43,0.0,1,False,2026-09-28,17,Monday,Weekday
2026-09-28 17:00:00-06:00,COR001,MP003,S002,7.0,70.0,260.0,26.0,234.0,90.0,10.0,0.98,7,7,0.0,1,False,2026-09-28,17,Monday,Weekday
2026-09-28 17:00:00-06:00,COR001,MP004,S002,18.0,66.0,417.0,113.0,304.0,72.72727272727273,3.690265486725664,1.0,18,18,0.0,1,False,2026-09-28,17,Monday,Weekday
2026-09-28 17:00:00-06:00,COR001,MP005,S003,78.0,78.0,132.0,132.0,0.0,0.0,1.0,1.0,78,78,0.0,1,False,2026-09-28,17,Monday,Weekday
2026-09-28 17:00:00-06:00,COR001,MP006,S003,78.0,78.0,132.0,132.0,0.0,0.0,1.0,1.0,78,78,0.0,1,False,2026-09-28,17,Monday,Weekday
2026-09-28 17:30:00-06:00,COR001,MP001,S001,47.0,69.0,282.0,192.0,90.0,31.88405797101449,1.46875,1.0,47,47,0.0,1,False,2026-09-28,17,Monday,Weekday
2026-09-28 17:30:00-06:00,COR001,MP002,S001,47.0,69.0,282.0,192.0,90.0,31.88405797101449,1.46875,1.0,47,47,0.0,1,False,2026-09-28,17,Monday,Weekday
2026-09-28 17:30:00-06:00,COR001,MP003,S002,25.0,69.0,72.0,26.0,46.0,63.76811594202898,2.769230769230769,1.0,25,25,0.0,1,False,2026-09-28,17,Monday,Weekday
2026-09-28 17:30:00-06:00,COR001,MP004,S002,19.0,63.0,395.0,119.0,276.0,69.84126984126983,3.319327731092437,0.998276,19,19,0.0,1,False,2026-09-28,17,Monday,Weekday
2026-09-28 17:30:00-06:00,COR001,MP005,S003,53.0,77.0,194.0,133.0,61.0,31.16883116883117,1.4586466165413534,1.0,53,53,0.0,1,False,2026-09-28,17,Monday,Weekday
2026-09-28 17:30:00-06:00,COR001,MP006,S003,53.0,77.0,194.0,133.0,61.0,31.16883116883117,1.4586466165413534,1.0,53,53,0.0,1,False,2026-09-28,17,Monday,Weekday
2026-09-28 18:00:00-06:00,COR001,MP001,S001,47.0,70.0,282.0,189.0,93.0,32.857142857142854,1.492063492063492,0.997626,47,47,0.0,1,False,2026-09-28,18,Monday,Weekday
2026-09-28 18:00:00-06:00,COR001,MP002,S001,47.0,70.0,282.0,189.0,93.0,32.857142857142854,1.492063492063492,0.997626,47,47,0.0,1,False,2026-09-28,18,Monday,Weekday
2026-09-28 18:00:00-06:00,COR001,MP003,S002,19.0,69.0,95.0,26.0,69.0,72.46376811594203,3.6538461538461537,1.0,19,19,0.0,1,False,2026-09-28,18,Monday,Weekday
2026-09-28 18:00:00-06:00,COR001,MP004,S002,21.0,64.0,358.0,117.0,241.0,67.1875,3.05982905982906,1.0,21,21,0.0,1,False,2026-09-28,18,Monday,Weekday
2026-09-28 18:00:00-06:00,COR001,MP005,S003,44.0,78.0,234.0,132.0,102.0,43.58974358974359,1.7727272727272727,1.0,44,44,0.0,1,False,2026-09-28,18,Monday,Weekday
2026-09-28 18:00:00-06:00,COR001,MP006,S003,44.0,78.0,234.0,132.0,102.0,43.58974358974359,1.7727272727272727,1.0,44,44,0.0,1,False,2026-09-28,18,Monday,Weekday
2026-09-28 18:30:00-06:00,COR001,MP001,S001,50.0,70.0,265.0,189.0,76.0,28.57142857142857,1.402116402116402,1.0,50,50,0.0,1,False,2026-09-28,18,Monday,Weekday
2026-09-28 18:30:00-06:00,COR001,MP002,S001,50.0,70.0,265.0,189.0,76.0,28.57142857142857,1.402116402116402,1.0,50,50,0.0,1,False,2026-09-28,18,Monday,Weekday
2026-09-28 18:30:00-06:00,COR001,MP003,S002,29.0,68.0,62.0,26.0,36.0,57.35294117647059,2.3846153846153846,1.0,29,29,0.0,1,False,2026-09-28,18,Monday,Weekday
2026-09-28 18:30:00-06:00,COR001,MP004,S002,19.0,65.0,395.0,115.0,280.0,70.76923076923077,3.4347826086956523,1.0,19,19,0.0,1,False,2026-09-28,18,Monday,Weekday
2026-09-28 18:30:00-06:00,COR001,MP005,S003,54.0,77.0,190.0,133.0,57.0,29.87012987012987,1.4285714285714286,1.0,54,54,0.0,1,False,2026-09-28,18,Monday,Weekday
2026-09-28 18:30:00-06:00,COR001,MP006,S003,54.0,77.0,190.0,133.0,57.0,29.87012987012987,1.4285714285714286,1.0,54,54,0.0,1,False,2026-09-28,18,Monday,Weekday
2026-09-28 19:00:00-06:00,COR001,MP001,S001,44.0,69.0,301.0,192.0,109.0,36.231884057971016,1.5677083333333333,1.0,44,44,0.0,1,False,2026-09-28,19,Monday,Weekday
2026-09-28 19:00:00-06:00,COR001,MP002,S001,44.0,69.0,301.0,192.0,109.0,36.231884057971016,1.5677083333333333,1.0,44,44,0.0,1,False,2026-09-28,19,Monday,Weekday
2026-09-28 19:00:00-06:00,COR001,MP003,S002,11.0,71.0,165.0,25.0,140.0,84.50704225352112,6.6,1.0,11,11,0.0,1,False,2026-09-28,19,Monday,Weekday
2026-09-28 19:00:00-06:00,COR001,MP004,S002,15.0,62.0,501.0,121.0,380.0,75.80645161290323,4.140495867768595,1.0,15,15,0.0,1,False,2026-09-28,19,Monday,Weekday
2026-09-28 19:00:00-06:00,COR001,MP005,S003,59.0,77.0,174.0,133.0,41.0,23.37662337662337,1.3082706766917294,1.0,59,59,0.0,1,False,2026-09-28,19,Monday,Weekday
2026-09-28 19:00:00-06:00,COR001,MP006,S003,59.0,77.0,174.0,133.0,41.0,23.37662337662337,1.3082706766917294,1.0,59,59,0.0,1,False,2026-09-28,19,Monday,Weekday
2026-09-28 19:30:00-06:00,COR001,MP001,S001,39.0,70.0,339.0,189.0,150.0,44.285714285714285,1.7936507936507935,0.997751,39,39,0.0,1,False,2026-09-28,19,Monday,Weekday
2026-09-28 19:30:00-06:00,COR001,MP002,S001,39.0,70.0,339.0,189.0,150.0,44.285714285714285,1.7936507936507935,0.997751,39,39,0.0,1,False,2026-09-28,19,Monday,Weekday
2026-09-28 19:30:00-06:00,COR001,MP003,S002,13.0,69.0,140.0,26.0,114.0,81.15942028985508,5.384615384615385,1.0,13,13,0.0,1,False,2026-09-28,19,Monday,Weekday
2026-09-28 19:30:00-06:00,COR001,MP004,S002,16.0,64.0,469.0,117.0,352.0,75.0,4.0085470085470085,1.0,16,16,0.0,1,False,2026-09-28,19,Monday,Weekday
2026-09-28 19:30:00-06:00,COR001,MP005,S003,54.0,78.0,190.0,132.0,58.0,30.76923076923077,1.4393939393939394,1.0,54,54,0.0,1,False,2026-09-28,19,Monday,Weekday
2026-09-28 19:30:00-06:00,COR001,MP006,S003,54.0,78.0,190.0,132.0,58.0,30.76923076923077,1.4393939393939394,1.0,54,54,0.0,1,False,2026-09-28,19,Monday,Weekday
2026-09-28 20:00:00-06:00,COR001,MP001,S001,60.0,70.0,220.0,189.0,31.0,14.285714285714285,1.164021164021164,1.0,60,60,0.0,1,False,2026-09-28,20,Monday,Weekday
2026-09-28 20:00:00-06:00,COR001,MP002,S001,60.0,70.0,220.0,189.0,31.0,14.285714285714285,1.164021164021164,1.0,60,60,0.0,1,False,2026-09-28,20,Monday,Weekday
2026-09-28 20:00:00-06:00,COR001,MP003,S002,36.0,68.0,50.0,26.0,24.0,47.05882352941176,1.9230769230769231,1.0,36,36,0.0,1,False,2026-09-28,20,Monday,Weekday
2026-09-28 20:00:00-06:00,COR001,MP004,S002,19.0,65.0,395.0,115.0,280.0,70.76923076923077,3.4347826086956523,0.99684,19,19,0.0,1,False,2026-09-28,20,Monday,Weekday
2026-09-28 20:00:00-06:00,COR001,MP005,S003,56.0,77.0,184.0,133.0,51.0,27.27272727272727,1.3834586466165413,1.0,56,56,0.0,1,False,2026-09-28,20,Monday,Weekday
2026-09-28 20:00:00-06:00,COR001,MP006,S003,56.0,77.0,184.0,133.0,51.0,27.27272727272727,1.3834586466165413,1.0,56,56,0.0,1,False,2026-09-28,20,Monday,Weekday
2026-09-28 20:30:00-06:00,COR001,MP001,S001,54.0,70.0,245.0,189.0,56.0,22.857142857142858,1.2962962962962965,1.0,54,54,0.0,1,False,2026-09-28,20,Monday,Weekday
2026-09-28 20:30:00-06:00,COR001,MP002,S001,54.0,70.0,245.0,189.0,56.0,22.857142857142858,1.2962962962962965,1.0,54,54,0.0,1,False,2026-09-28,20,Monday,Weekday
2026-09-28 20:30:00-06:00,COR001,MP003,S002,38.0,69.0,47.0,26.0,21.0,44.927536231884055,1.807692307692308,1.0,38,38,0.0,1,False,2026-09-28,20,Monday,Weekday
2026-09-28 20:30:00-06:00,COR001,MP004,S002,26.0,63.0,289.0,119.0,170.0,58.730158730158735,2.4285714285714284,1.0,26,26,0.0,1,False,2026-09-28,20,Monday,Weekday
2026-09-28 20:30:00-06:00,COR001,MP005,S003,57.0,77.0,180.0,133.0,47.0,25.97402597402597,1.3533834586466165,1.0,57,57,0.0,1,False,2026-09-28,20,Monday,Weekday
2026-09-28 20:30:00-06:00,COR001,MP006,S003,57.0,77.0,180.0,133.0,47.0,25.97402597402597,1.3533834586466165,1.0,57,57,0.0,1,False,2026-09-28,20,Monday,Weekday
2026-09-28 21:00:00-06:00,COR001,MP001,S001,54.0,70.0,245.0,189.0,56.0,22.857142857142858,1.2962962962962965,1.0,54,54,0.0,1,False,2026-09-28,21,Monday,Weekday
2026-09-28 21:00:00-06:00,COR001,MP002,S001,54.0,70.0,245.0,189.0,56.0,22.857142857142858,1.2962962962962965,1.0,54,54,0.0,1,False,2026-09-28,21,Monday,Weekday
2026-09-28 21:00:00-06:00,COR001,MP003,S002,53.0,69.0,34.0,26.0,8.0,23.18840579710145,1.3076923076923077,1.0,53,53,0.0,1,False,2026-09-28,21,Monday,Weekday
2026-09-28 21:00:00-06:00,COR001,MP004,S002,49.0,63.0,153.0,119.0,34.0,22.22222222222222,1.2857142857142858,0.996553,49,49,0.0,1,False,2026-09-28,21,Monday,Weekday
2026-09-28 21:00:00-06:00,COR001,MP005,S003,78.0,78.0,132.0,132.0,0.0,0.0,1.0,1.0,78,78,0.0,1,False,2026-09-28,21,Monday,Weekday
2026-09-28 21:00:00-06:00,COR001,MP006,S003,78.0,78.0,132.0,132.0,0.0,0.0,1.0,1.0,78,78,0.0,1,False,2026-09-28,21,Monday,Weekday
2026-09-28 21:30:00-06:00,COR001,MP001,S001,54.0,70.0,245.0,189.0,56.0,22.857142857142858,1.2962962962962965,1.0,54,54,0.0,1,False,2026-09-28,21,Monday,Weekday
2026-09-28 21:30:00-06:00,COR001,MP002,S001,54.0,70.0,245.0,189.0,56.0,22.857142857142858,1.2962962962962965,1.0,54,54,0.0,1,False,2026-09-28,21,Monday,Weekday
2026-09-28 21:30:00-06:00,COR001,MP003,S002,55.0,69.0,33.0,26.0,7.0,20.28985507246377,1.2692307692307692,1.0,55,55,0.0,1,False,2026-09-28,21,Monday,Weekday
2026-09-28 21:30:00-06:00,COR001,MP004,S002,64.0,64.0,117.0,117.0,0.0,0.0,1.0,1.0,64,64,0.0,1,False,2026-09-28,21,Monday,Weekday
2026-09-28 21:30:00-06:00,COR001,MP005,S003,64.0,77.0,161.0,133.0,28.0,16.883116883116884,1.2105263157894737,1.0,64,64,0.0,1,False,2026-09-28,21,Monday,Weekday
2026-09-28 21:30:00-06:00,COR001,MP006,S003,64.0,77.0,161.0,133.0,28.0,16.883116883116884,1.2105263157894737,1.0,64,64,0.0,1,False,2026-09-28,21,Monday,Weekday
2026-09-28 22:00:00-06:00,COR001,MP001,S001,50.0,70.0,265.0,189.0,76.0,28.57142857142857,1.402116402116402,0.998433,50,50,0.0,1,False,2026-09-28,22,Monday,Weekday
2026-09-28 22:00:00-06:00,COR001,MP002,S001,50.0,70.0,265.0,189.0,76.0,28.57142857142857,1.402116402116402,0.998433,50,50,0.0,1,False,2026-09-28,22,Monday,Weekday
2026-09-28 22:00:00-06:00,COR001,MP003,S002,40.0,68.0,45.0,26.0,19.0,41.17647058823529,1.7307692307692308,1.0,40,40,0.0,1,False,2026-09-28,22,Monday,Weekday
2026-09-28 22:00:00-06:00,COR001,MP004,S002,64.0,64.0,117.0,117.0,0.0,0.0,1.0,1.0,64,64,0.0,1,False,2026-09-28,22,Monday,Weekday
2026-09-28 22:00:00-06:00,COR001,MP005,S003,78.0,78.0,132.0,132.0,0.0,0.0,1.0,1.0,78,78,0.0,1,False,2026-09-28,22,Monday,Weekday
2026-09-28 22:00:00-06:00,COR001,MP006,S003,78.0,78.0,132.0,132.0,0.0,0.0,1.0,1.0,78,78,0.0,1,False,2026-09-28,22,Monday,Weekday
2026-09-28 22:30:00-06:00,COR001,MP001,S001,71.0,71.0,186.0,186.0,0.0,0.0,1.0,1.0,71,71,0.0,1,False,2026-09-28,22,Monday,Weekday
2026-09-28 22:30:00-06:00,COR001,MP002,S001,71.0,71.0,186.0,186.0,0.0,0.0,1.0,1.0,71,71,0.0,1,False,2026-09-28,22,Monday,Weekday
2026-09-28 22:30:00-06:00,COR001,MP003,S002,69.0,69.0,26.0,26.0,0.0,0.0,1.0,1.0,69,69,0.0,1,False,2026-09-28,22,Monday,Weekday
2026-09-28 22:30:00-06:00,COR001,MP004,S002,64.0,64.0,117.0,117.0,0.0,0.0,1.0,1.0,64,64,0.0,1,False,2026-09-28,22,Monday,Weekday
2026-09-28 22:30:00-06:00,COR001,MP005,S003,78.0,78.0,132.0,132.0,0.0,0.0,1.0,1.0,78,78,0.0,1,False,2026-09-28,22,Monday,Weekday
2026-09-28 22:30:00-06:00,COR001,MP006,S003,78.0,78.0,132.0,132.0,0.0,0.0,1.0,1.0,78,78,0.0,1,False,2026-09-28,22,Monday,Weekday
2026-09-28 23:00:00-06:00,COR001,MP001,S001,71.0,71.0,186.0,186.0,0.0,0.0,1.0,1.0,71,71,0.0,1,False,2026-09-28,23,Monday,Weekday
2026-09-28 23:00:00-06:00,COR001,MP002,S001,71.0,71.0,186.0,186.0,0.0,0.0,1.0,1.0,71,71,0.0,1,False,2026-09-28,23,Monday,Weekday
2026-09-28 23:00:00-06:00,COR001,MP003,S002,69.0,69.0,26.0,26.0,0.0,0.0,1.0,1.0,69,69,0.0,1,False,2026-09-28,23,Monday,Weekday
2026-09-28 23:00:00-06:00,COR001,MP004,S002,64.0,64.0,117.0,117.0,0.0,0.0,1.0,1.0,64,64,0.0,1,False,2026-09-28,23,Monday,Weekday
2026-09-28 23:00:00-06:00,COR001,MP005,S003,78.0,78.0,132.0,132.0,0.0,0.0,1.0,1.0,78,78,0.0,1,False,2026-09-28,23,Monday,Weekday
2026-09-28 23:00:00-06:00,COR001,MP006,S003,78.0,78.0,132.0,132.0,0.0,0.0,1.0,1.0,78,78,0.0,1,False,2026-09-28,23,Monday,Weekday
2026-09-28 23:30:00-06:00,COR001,MP001,S001,71.0,71.0,186.0,186.0,0.0,0.0,1.0,1.0,71,71,0.0,1,False,2026-09-28,23,Monday,Weekday
2026-09-28 23:30:00-06:00,COR001,MP002,S001,71.0,71.0,186.0,186.0,0.0,0.0,1.0,1.0,71,71,0.0,1,False,2026-09-28,23,Monday,Weekday
2026-09-28 23:30:00-06:00,COR001,MP003,S002,69.0,69.0,26.0,26.0,0.0,0.0,1.0,1.0,69,69,0.0,1,False,2026-09-28,23,Monday,Weekday
2026-09-28 23:30:00-06:00,COR001,MP004,S002,64.0,64.0,117.0,117.0,0.0,0.0,1.0,1.0,64,64,0.0,1,False,2026-09-28,23,Monday,Weekday
2026-09-28 23:30:00-06:00,COR001,MP005,S003,78.0,78.0,132.0,132.0,0.0,0.0,1.0,1.0,78,78,0.0,1,False,2026-09-28,23,Monday,Weekday
2026-09-28 23:30:00-06:00,COR001,MP006,S003,78.0,78.0,132.0,132.0,0.0,0.0,1.0,1.0,78,78,0.0,1,False,2026-09-28,23,Monday,Weekday
2026-09-29 00:00:00-06:00,COR001,MP001,S001,71.0,71.0,186.0,186.0,0.0,0.0,1.0,1.0,71,71,0.0,1,False,2026-09-29,0,Tuesday,Weekday
2026-09-29 00:00:00-06:00,COR001,MP002,S001,71.0,71.0,186.0,186.0,0.0,0.0,1.0,1.0,71,71,0.0,1,False,2026-09-29,0,Tuesday,Weekday
2026-09-29 00:00:00-06:00,COR001,MP003,S002,69.0,69.0,26.0,26.0,0.0,0.0,1.0,1.0,69,69,0.0,1,False,2026-09-29,0,Tuesday,Weekday
2026-09-29 00:00:00-06:00,COR001,MP004,S002,64.0,64.0,117.0,117.0,0.0,0.0,1.0,1.0,64,64,0.0,1,False,2026-09-29,0,Tuesday,Weekday
2026-09-29 00:00:00-06:00,COR001,MP005,S003,78.0,78.0,132.0,132.0,0.0,0.0,1.0,1.0,78,78,0.0,1,False,2026-09-29,0,Tuesday,Weekday
2026-09-29 00:00:00-06:00,COR001,MP006,S003,78.0,78.0,132.0,132.0,0.0,0.0,1.0,1.0,78,78,0.0,1,False,2026-09-29,0,Tuesday,Weekday
2026-09-29 00:30:00-06:00,COR001,MP001,S001,71.0,71.0,186.0,186.0,0.0,0.0,1.0,1.0,71,71,0.0,1,False,2026-09-29,0,Tuesday,Weekday
2026-09-29 00:30:00-06:00,COR001,MP002,S001,71.0,71.0,186.0,186.0,0.0,0.0,1.0,1.0,71,71,0.0,1,False,2026-09-29,0,Tuesday,Weekday
2026-09-29 00:30:00-06:00,COR001,MP003,S002,69.0,69.0,26.0,26.0,0.0,0.0,1.0,1.0,69,69,0.0,1,False,2026-09-29,0,Tuesday,Weekday
2026-09-29 00:30:00-06:00,COR001,MP004,S002,64.0,64.0,117.0,117.0,0.0,0.0,1.0,1.0,64,64,0.0,1,False,2026-09-29,0,Tuesday,Weekday
2026-09-29 00:30:00-06:00,COR001,MP005,S003,78.0,78.0,132.0,132.0,0.0,0.0,1.0,1.0,78,78,0.0,1,False,2026-09-29,0,Tuesday,Weekday
2026-09-29 00:30:00-06:00,COR001,MP006,S003,78.0,78.0,132.0,132.0,0.0,0.0,1.0,1.0,78,78,0.0,1,False,2026-09-29,0,Tuesday,Weekday
2026-09-29 01:00:00-06:00,COR001,MP001,S001,71.0,71.0,186.0,186.0,0.0,0.0,1.0,1.0,71,71,0.0,1,False,2026-09-29,1,Tuesday,Weekday
2026-09-29 01:00:00-06:00,COR001,MP002,S001,71.0,71.0,186.0,186.0,0.0,0.0,1.0,1.0,71,71,0.0,1,False,2026-09-29,1,Tuesday,Weekday
2026-09-29 01:00:00-06:00,COR001,MP003,S002,69.0,69.0,26.0,26.0,0.0,0.0,1.0,1.0,69,69,0.0,1,False,2026-09-29,1,Tuesday,Weekday
2026-09-29 01:00:00-06:00,COR001,MP004,S002,64.0,64.0,117.0,117.0,0.0,0.0,1.0,1.0,64,64,0.0,1,False,2026-09-29,1,Tuesday,Weekday
2026-09-29 01:00:00-06:00,COR001,MP005,S003,78.0,78.0,132.0,132.0,0.0,0.0,1.0,1.0,78,78,0.0,1,False,2026-09-29,1,Tuesday,Weekday
2026-09-29 01:00:00-06:00,COR001,MP006,S003,78.0,78.0,132.0,132.0,0.0,0.0,1.0,1.0,78,78,0.0,1,False,2026-09-29,1,Tuesday,Weekday
2026-09-29 01:30:00-06:00,COR001,MP001,S001,71.0,71.0,186.0,186.0,0.0,0.0,1.0,1.0,71,71,0.0,1,False,2026-09-29,1,Tuesday,Weekday
2026-09-29 01:30:00-06:00,COR001,MP002,S001,71.0,71.0,186.0,186.0,0.0,0.0,1.0,1.0,71,71,0.0,1,False,2026-09-29,1,Tuesday,Weekday
2026-09-29 01:30:00-06:00,COR001,MP003,S002,69.0,69.0,26.0,26.0,0.0,0.0,1.0,1.0,69,69,0.0,1,False,2026-09-29,1,Tuesday,Weekday
2026-09-29 01:30:00-06:00,COR001,MP004,S002,64.0,64.0,117.0,117.0,0.0,0.0,1.0,1.0,64,64,0.0,1,False,2026-09-29,1,Tuesday,Weekday
2026-09-29 01:30:00-06:00,COR001,MP005,S003,78.0,78.0,132.0,132.0,0.0,0.0,1.0,1.0,78,78,0.0,1,False,2026-09-29,1,Tuesday,Weekday
2026-09-29 01:30:00-06:00,COR001,MP006,S003,78.0,78.0,132.0,132.0,0.0,0.0,1.0,1.0,78,78,0.0,1,False,2026-09-29,1,Tuesday,Weekday
2026-09-29 02:00:00-06:00,COR001,MP001,S001,71.0,71.0,186.0,186.0,0.0,0.0,1.0,1.0,71,71,0.0,1,False,2026-09-29,2,Tuesday,Weekday
2026-09-29 02:00:00-06:00,COR001,MP002,S001,71.0,71.0,186.0,186.0,0.0,0.0,1.0,1.0,71,71,0.0,1,False,2026-09-29,2,Tuesday,Weekday
2026-09-29 02:00:00-06:00,COR001,MP003,S002,69.0,69.0,26.0,26.0,0.0,0.0,1.0,1.0,69,69,0.0,1,False,2026-09-29,2,Tuesday,Weekday
2026-09-29 02:00:00-06:00,COR001,MP004,S002,64.0,64.0,117.0,117.0,0.0,0.0,1.0,1.0,64,64,0.0,1,False,2026-09-29,2,Tuesday,Weekday
2026-09-29 02:00:00-06:00,COR001,MP005,S003,78.0,78.0,132.0,132.0,0.0,0.0,1.0,1.0,78,78,0.0,1,False,2026-09-29,2,Tuesday,Weekday
2026-09-29 02:00:00-06:00,COR001,MP006,S003,78.0,78.0,132.0,132.0,0.0,0.0,1.0,1.0,78,78,0.0,1,False,2026-09-29,2,Tuesday,Weekday
2026-09-29 02:30:00-06:00,COR001,MP001,S001,71.0,71.0,186.0,186.0,0.0,0.0,1.0,1.0,71,71,0.0,1,False,2026-09-29,2,Tuesday,Weekday
2026-09-29 02:30:00-06:00,COR001,MP002,S001,71.0,71.0,186.0,186.0,0.0,0.0,1.0,1.0,71,71,0.0,1,False,2026-09-29,2,Tuesday,Weekday
2026-09-29 02:30:00-06:00,COR001,MP003,S002,69.0,69.0,26.0,26.0,0.0,0.0,1.0,1.0,69,69,0.0,1,False,2026-09-29,2,Tuesday,Weekday
2026-09-29 02:30:00-06:00,COR001,MP004,S002,64.0,64.0,117.0,117.0,0.0,0.0,1.0,1.0,64,64,0.0,1,False,2026-09-29,2,Tuesday,Weekday
2026-09-29 02:30:00-06:00,COR001,MP005,S003,78.0,78.0,132.0,132.0,0.0,0.0,1.0,1.0,78,78,0.0,1,False,2026-09-29,2,Tuesday,Weekday
2026-09-29 02:30:00-06:00,COR001,MP006,S003,78.0,78.0,132.0,132.0,0.0,0.0,1.0,1.0,78,78,0.0,1,False,2026-09-29,2,Tuesday,Weekday
2026-09-29 03:00:00-06:00,COR001,MP001,S001,71.0,71.0,186.0,186.0,0.0,0.0,1.0,1.0,71,71,0.0,1,False,2026-09-29,3,Tuesday,Weekday
2026-09-29 03:00:00-06:00,COR001,MP002,S001,71.0,71.0,186.0,186.0,0.0,0.0,1.0,1.0,71,71,0.0,1,False,2026-09-29,3,Tuesday,Weekday
2026-09-29 03:00:00-06:00,COR001,MP003,S002,69.0,69.0,26.0,26.0,0.0,0.0,1.0,1.0,69,69,0.0,1,False,2026-09-29,3,Tuesday,Weekday
2026-09-29 03:00:00-06:00,COR001,MP004,S002,64.0,64.0,117.0,117.0,0.0,0.0,1.0,1.0,64,64,0.0,1,False,2026-09-29,3,Tuesday,Weekday
2026-09-29 03:00:00-06:00,COR001,MP005,S003,78.0,78.0,132.0,132.0,0.0,0.0,1.0,1.0,78,78,0.0,1,False,2026-09-29,3,Tuesday,Weekday
2026-09-29 03:00:00-06:00,COR001,MP006,S003,78.0,78.0,132.0,132.0,0.0,0.0,1.0,1.0,78,78,0.0,1,False,2026-09-29,3,Tuesday,Weekday
2026-09-29 03:30:00-06:00,COR001,MP001,S001,71.0,71.0,186.0,186.0,0.0,0.0,1.0,1.0,71,71,0.0,1,False,2026-09-29,3,Tuesday,Weekday
2026-09-29 03:30:00-06:00,COR001,MP002,S001,71.0,71.0,186.0,186.0,0.0,0.0,1.0,1.0,71,71,0.0,1,False,2026-09-29,3,Tuesday,Weekday
2026-09-29 03:30:00-06:00,COR001,MP003,S002,69.0,69.0,26.0,26.0,0.0,0.0,1.0,1.0,69,69,0.0,1,False,2026-09-29,3,Tuesday,Weekday
2026-09-29 03:30:00-06:00,COR001,MP004,S002,64.0,64.0,117.0,117.0,0.0,0.0,1.0,1.0,64,64,0.0,1,False,2026-09-29,3,Tuesday,Weekday
2026-09-29 03:30:00-06:00,COR001,MP005,S003,78.0,78.0,132.0,132.0,0.0,0.0,1.0,1.0,78,78,0.0,1,False,2026-09-29,3,Tuesday,Weekday
2026-09-29 03:30:00-06:00,COR001,MP006,S003,78.0,78.0,132.0,132.0,0.0,0.0,1.0,1.0,78,78,0.0,1,False,2026-09-29,3,Tuesday,Weekday
2026-09-29 04:00:00-06:00,COR001,MP001,S001,71.0,71.0,186.0,186.0,0.0,0.0,1.0,1.0,71,71,0.0,1,False,2026-09-29,4,Tuesday,Weekday
2026-09-29 04:00:00-06:00,COR001,MP002,S001,71.0,71.0,186.0,186.0,0.0,0.0,1.0,1.0,71,71,0.0,1,False,2026-09-29,4,Tuesday,Weekday
2026-09-29 04:00:00-06:00,COR001,MP003,S002,69.0,69.0,26.0,26.0,0.0,0.0,1.0,1.0,69,69,0.0,1,False,2026-09-29,4,Tuesday,Weekday
2026-09-29 04:00:00-06:00,COR001,MP004,S002,64.0,64.0,117.0,117.0,0.0,0.0,1.0,1.0,64,64,0.0,1,False,2026-09-29,4,Tuesday,Weekday
2026-09-29 04:00:00-06:00,COR001,MP005,S003,78.0,78.0,132.0,132.0,0.0,0.0,1.0,1.0,78,78,0.0,1,False,2026-09-29,4,Tuesday,Weekday
2026-09-29 04:00:00-06:00,COR001,MP006,S003,78.0,78.0,132.0,132.0,0.0,0.0,1.0,1.0,78,78,0.0,1,False,2026-09-29,4,Tuesday,Weekday
2026-09-29 04:30:00-06:00,COR001,MP001,S001,71.0,71.0,186.0,186.0,0.0,0.0,1.0,1.0,71,71,0.0,1,False,2026-09-29,4,Tuesday,Weekday
2026-09-29 04:30:00-06:00,COR001,MP002,S001,71.0,71.0,186.0,186.0,0.0,0.0,1.0,1.0,71,71,0.0,1,False,2026-09-29,4,Tuesday,Weekday
2026-09-29 04:30:00-06:00,COR001,MP003,S002,69.0,69.0,26.0,26.0,0.0,0.0,1.0,1.0,69,69,0.0,1,False,2026-09-29,4,Tuesday,Weekday
2026-09-29 04:30:00-06:00,COR001,MP004,S002,64.0,64.0,117.0,117.0,0.0,0.0,1.0,1.0,64,64,0.0,1,False,2026-09-29,4,Tuesday,Weekday
2026-09-29 04:30:00-06:00,COR001,MP005,S003,78.0,78.0,132.0,132.0,0.0,0.0,1.0,1.0,78,78,0.0,1,False,2026-09-29,4,Tuesday,Weekday
2026-09-29 04:30:00-06:00,COR001,MP006,S003,78.0,78.0,132.0,132.0,0.0,0.0,1.0,1.0,78,78,0.0,1,False,2026-09-29,4,Tuesday,Weekday
2026-09-29 05:00:00-06:00,COR001,MP001,S001,71.0,71.0,186.0,186.0,0.0,0.0,1.0,1.0,71,71,0.0,1,False,2026-09-29,5,Tuesday,Weekday
2026-09-29 05:00:00-06:00,COR001,MP002,S001,71.0,71.0,186.0,186.0,0.0,0.0,1.0,1.0,71,71,0.0,1,False,2026-09-29,5,Tuesday,Weekday
2026-09-29 05:00:00-06:00,COR001,MP003,S002,69.0,69.0,26.0,26.0,0.0,0.0,1.0,1.0,69,69,0.0,1,False,2026-09-29,5,Tuesday,Weekday
2026-09-29 05:00:00-06:00,COR001,MP004,S002,64.0,64.0,117.0,117.0,0.0,0.0,1.0,1.0,64,64,0.0,1,False,2026-09-29,5,Tuesday,Weekday
2026-09-29 05:00:00-06:00,COR001,MP005,S003,78.0,78.0,132.0,132.0,0.0,0.0,1.0,1.0,78,78,0.0,1,False,2026-09-29,5,Tuesday,Weekday
2026-09-29 05:00:00-06:00,COR001,MP006,S003,78.0,78.0,132.0,132.0,0.0,0.0,1.0,1.0,78,78,0.0,1,False,2026-09-29,5,Tuesday,Weekday
2026-09-29 05:30:00-06:00,COR001,MP001,S001,71.0,71.0,186.0,186.0,0.0,0.0,1.0,1.0,71,71,0.0,1,False,2026-09-29,5,Tuesday,Weekday
2026-09-29 05:30:00-06:00,COR001,MP002,S001,71.0,71.0,186.0,186.0,0.0,0.0,1.0,1.0,71,71,0.0,1,False,2026-09-29,5,Tuesday,Weekday
2026-09-29 05:30:00-06:00,COR001,MP003,S002,69.0,69.0,26.0,26.0,0.0,0.0,1.0,1.0,69,69,0.0,1,False,2026-09-29,5,Tuesday,Weekday
2026-09-29 05:30:00-06:00,COR001,MP004,S002,64.0,64.0,117.0,117.0,0.0,0.0,1.0,1.0,64,64,0.0,1,False,2026-09-29,5,Tuesday,Weekday
2026-09-29 05:30:00-06:00,COR001,MP005,S003,78.0,78.0,132.0,132.0,0.0,0.0,1.0,1.0,78,78,0.0,1,False,2026-09-29,5,Tuesday,Weekday
2026-09-29 05:30:00-06:00,COR001,MP006,S003,78.0,78.0,132.0,132.0,0.0,0.0,1.0,1.0,78,78,0.0,1,False,2026-09-29,5,Tuesday,Weekday
2026-09-29 06:00:00-06:00,COR001,MP001,S001,71.0,71.0,186.0,186.0,0.0,0.0,1.0,1.0,71,71,0.0,1,False,2026-09-29,6,Tuesday,Weekday
2026-09-29 06:00:00-06:00,COR001,MP002,S001,71.0,71.0,186.0,186.0,0.0,0.0,1.0,1.0,71,71,0.0,1,False,2026-09-29,6,Tuesday,Weekday
2026-09-29 06:00:00-06:00,COR001,MP003,S002,69.0,69.0,26.0,26.0,0.0,0.0,1.0,1.0,69,69,0.0,1,False,2026-09-29,6,Tuesday,Weekday
2026-09-29 06:00:00-06:00,COR001,MP004,S002,64.0,64.0,117.0,117.0,0.0,0.0,1.0,1.0,64,64,0.0,1,False,2026-09-29,6,Tuesday,Weekday
2026-09-29 06:00:00-06:00,COR001,MP005,S003,78.0,78.0,132.0,132.0,0.0,0.0,1.0,1.0,78,78,0.0,1,False,2026-09-29,6,Tuesday,Weekday
2026-09-29 06:00:00-06:00,COR001,MP006,S003,78.0,78.0,132.0,132.0,0.0,0.0,1.0,1.0,78,78,0.0,1,False,2026-09-29,6,Tuesday,Weekday
2026-09-29 06:30:00-06:00,COR001,MP001,S001,71.0,71.0,186.0,186.0,0.0,0.0,1.0,1.0,71,71,0.0,1,False,2026-09-29,6,Tuesday,Weekday
2026-09-29 06:30:00-06:00,COR001,MP002,S001,71.0,71.0,186.0,186.0,0.0,0.0,1.0,1.0,71,71,0.0,1,False,2026-09-29,6,Tuesday,Weekday
2026-09-29 06:30:00-06:00,COR001,MP003,S002,69.0,69.0,26.0,26.0,0.0,0.0,1.0,1.0,69,69,0.0,1,False,2026-09-29,6,Tuesday,Weekday
2026-09-29 06:30:00-06:00,COR001,MP004,S002,53.0,64.0,141.0,117.0,24.0,17.1875,1.205128205128205,0.998276,53,53,0.0,1,False,2026-09-29,6,Tuesday,Weekday
2026-09-29 06:30:00-06:00,COR001,MP005,S003,73.0,78.0,141.0,132.0,9.0,6.41025641025641,1.068181818181818,1.0,73,73,0.0,1,False,2026-09-29,6,Tuesday,Weekday
2026-09-29 06:30:00-06:00,COR001,MP006,S003,73.0,78.0,141.0,132.0,9.0,6.41025641025641,1.068181818181818,1.0,73,73,0.0,1,False,2026-09-29,6,Tuesday,Weekday
2026-09-29 07:00:00-06:00,COR001,MP001,S001,61.0,70.0,217.0,189.0,28.0,12.857142857142856,1.148148148148148,1.0,61,61,0.0,1,False,2026-09-29,7,Tuesday,Weekday
2026-09-29 07:00:00-06:00,COR001,MP002,S001,61.0,70.0,217.0,189.0,28.0,12.857142857142856,1.148148148148148,1.0,61,61,0.0,1,False,2026-09-29,7,Tuesday,Weekday
2026-09-29 07:00:00-06:00,COR001,MP003,S002,69.0,69.0,26.0,26.0,0.0,0.0,1.0,1.0,69,69,0.0,1,False,2026-09-29,7,Tuesday,Weekday
2026-09-29 07:00:00-06:00,COR001,MP004,S002,51.0,63.0,147.0,119.0,28.0,19.047619047619047,1.2352941176470589,0.99684,51,51,0.0,1,False,2026-09-29,7,Tuesday,Weekday
2026-09-29 07:00:00-06:00,COR001,MP005,S003,78.0,78.0,132.0,132.0,0.0,0.0,1.0,1.0,78,78,0.0,1,False,2026-09-29,7,Tuesday,Weekday
2026-09-29 07:00:00-06:00,COR001,MP006,S003,78.0,78.0,132.0,132.0,0.0,0.0,1.0,1.0,78,78,0.0,1,False,2026-09-29,7,Tuesday,Weekday
2026-09-29 07:30:00-06:00,COR001,MP001,S001,71.0,71.0,186.0,186.0,0.0,0.0,1.0,1.0,71,71,0.0,1,False,2026-09-29,7,Tuesday,Weekday
2026-09-29 07:30:00-06:00,COR001,MP002,S001,71.0,71.0,186.0,186.0,0.0,0.0,1.0,1.0,71,71,0.0,1,False,2026-09-29,7,Tuesday,Weekday
2026-09-29 07:30:00-06:00,COR001,MP003,S002,43.0,68.0,42.0,26.0,16.0,36.76470588235294,1.6153846153846154,1.0,43,43,0.0,1,False,2026-09-29,7,Tuesday,Weekday
2026-09-29 07:30:00-06:00,COR001,MP004,S002,15.0,64.0,501.0,117.0,384.0,76.5625,4.282051282051282,1.0,15,15,0.0,1,False,2026-09-29,7,Tuesday,Weekday
2026-09-29 07:30:00-06:00,COR001,MP005,S003,53.0,77.0,194.0,133.0,61.0,31.16883116883117,1.4586466165413534,1.0,53,53,0.0,1,False,2026-09-29,7,Tuesday,Weekday
2026-09-29 07:30:00-06:00,COR001,MP006,S003,53.0,77.0,194.0,133.0,61.0,31.16883116883117,1.4586466165413534,1.0,53,53,0.0,1,False,2026-09-29,7,Tuesday,Weekday
2026-09-29 08:00:00-06:00,COR001,MP001,S001,53.0,70.0,250.0,189.0,61.0,24.285714285714285,1.3227513227513228,0.994422,53,53,0.0,1,False,2026-09-29,8,Tuesday,Weekday
2026-09-29 08:00:00-06:00,COR001,MP002,S001,53.0,70.0,250.0,189.0,61.0,24.285714285714285,1.3227513227513228,0.994422,53,53,0.0,1,False,2026-09-29,8,Tuesday,Weekday
2026-09-29 08:00:00-06:00,COR001,MP003,S002,17.0,67.0,107.0,27.0,80.0,74.6268656716418,3.962962962962963,0.99,17,17,0.0,1,False,2026-09-29,8,Tuesday,Weekday
2026-09-29 08:00:00-06:00,COR001,MP004,S002,13.0,65.0,578.0,115.0,463.0,80.0,5.026086956521739,0.999713,13,13,0.0,1,False,2026-09-29,8,Tuesday,Weekday
2026-09-29 08:00:00-06:00,COR001,MP005,S003,57.0,78.0,180.0,132.0,48.0,26.923076923076923,1.3636363636363635,1.0,57,57,0.0,1,False,2026-09-29,8,Tuesday,Weekday
2026-09-29 08:00:00-06:00,COR001,MP006,S003,57.0,78.0,180.0,132.0,48.0,26.923076923076923,1.3636363636363635,1.0,57,57,0.0,1,False,2026-09-29,8,Tuesday,Weekday
2026-09-29 08:30:00-06:00,COR001,MP001,S001,55.0,70.0,240.0,189.0,51.0,21.428571428571427,1.2698412698412698,0.99824,55,55,0.0,1,False,2026-09-29,8,Tuesday,Weekday
2026-09-29 08:30:00-06:00,COR001,MP002,S001,55.0,70.0,240.0,189.0,51.0,21.428571428571427,1.2698412698412698,0.99824,55,55,0.0,1,False,2026-09-29,8,Tuesday,Weekday
2026-09-29 08:30:00-06:00,COR001,MP003,S002,9.0,66.0,202.0,27.0,175.0,86.36363636363636,7.481481481481482,0.99,9,9,0.0,1,False,2026-09-29,8,Tuesday,Weekday
2026-09-29 08:30:00-06:00,COR001,MP004,S002,9.0,65.0,835.0,115.0,720.0,86.15384615384616,7.260869565217392,1.0,9,9,0.0,1,False,2026-09-29,8,Tuesday,Weekday
2026-09-29 08:30:00-06:00,COR001,MP005,S003,55.0,77.0,187.0,133.0,54.0,28.57142857142857,1.406015037593985,1.0,55,55,0.0,1,False,2026-09-29,8,Tuesday,Weekday
2026-09-29 08:30:00-06:00,COR001,MP006,S003,55.0,77.0,187.0,133.0,54.0,28.57142857142857,1.406015037593985,1.0,55,55,0.0,1,False,2026-09-29,8,Tuesday,Weekday
2026-09-29 09:00:00-06:00,COR001,MP001,S001,53.0,70.0,250.0,189.0,61.0,24.285714285714285,1.3227513227513228,0.991686,53,53,0.0,1,False,2026-09-29,9,Tuesday,Weekday
2026-09-29 09:00:00-06:00,COR001,MP002,S001,53.0,70.0,250.0,189.0,61.0,24.285714285714285,1.3227513227513228,0.991686,53,53,0.0,1,False,2026-09-29,9,Tuesday,Weekday
2026-09-29 09:00:00-06:00,COR001,MP003,S002,7.0,72.0,260.0,25.0,235.0,90.2777777777778,10.4,0.98,7,7,0.0,1,False,2026-09-29,9,Tuesday,Weekday
2026-09-29 09:00:00-06:00,COR001,MP004,S002,9.0,67.0,835.0,112.0,723.0,86.56716417910447,7.455357142857143,1.0,9,9,0.0,1,False,2026-09-29,9,Tuesday,Weekday
2026-09-29 09:00:00-06:00,COR001,MP005,S003,54.0,77.0,190.0,133.0,57.0,29.87012987012987,1.4285714285714286,1.0,54,54,0.0,1,False,2026-09-29,9,Tuesday,Weekday
2026-09-29 09:00:00-06:00,COR001,MP006,S003,54.0,77.0,190.0,133.0,57.0,29.87012987012987,1.4285714285714286,1.0,54,54,0.0,1,False,2026-09-29,9,Tuesday,Weekday
2026-09-29 10:00:00-06:00,COR001,MP001,S001,71.0,71.0,186.0,186.0,0.0,0.0,1.0,1.0,71,71,0.0,1,False,2026-09-29,10,Tuesday,Weekday
2026-09-29 10:00:00-06:00,COR001,MP002,S001,71.0,71.0,186.0,186.0,0.0,0.0,1.0,1.0,71,71,0.0,1,False,2026-09-29,10,Tuesday,Weekday
2026-09-29 10:00:00-06:00,COR001,MP003,S002,34.0,68.0,53.0,26.0,27.0,50.0,2.0384615384615383,0.99,34,34,0.0,1,False,2026-09-29,10,Tuesday,Weekday
2026-09-29 10:00:00-06:00,COR001,MP004,S002,19.0,64.0,395.0,117.0,278.0,70.3125,3.376068376068376,1.0,19,19,0.0,1,False,2026-09-29,10,Tuesday,Weekday
2026-09-29 10:00:00-06:00,COR001,MP005,S003,43.0,77.0,239.0,133.0,106.0,44.15584415584416,1.7969924812030076,1.0,43,43,0.0,1,False,2026-09-29,10,Tuesday,Weekday
2026-09-29 10:00:00-06:00,COR001,MP006,S003,43.0,77.0,239.0,133.0,106.0,44.15584415584416,1.7969924812030076,1.0,43,43,0.0,1,False,2026-09-29,10,Tuesday,Weekday
2026-09-29 10:30:00-06:00,COR001,MP001,S001,71.0,71.0,186.0,186.0,0.0,0.0,1.0,1.0,71,71,0.0,1,False,2026-09-29,10,Tuesday,Weekday
2026-09-29 10:30:00-06:00,COR001,MP002,S001,71.0,71.0,186.0,186.0,0.0,0.0,1.0,1.0,71,71,0.0,1,False,2026-09-29,10,Tuesday,Weekday
2026-09-29 10:30:00-06:00,COR001,MP003,S002,69.0,69.0,26.0,26.0,0.0,0.0,1.0,1.0,69,69,0.0,1,False,2026-09-29,10,Tuesday,Weekday
2026-09-29 10:30:00-06:00,COR001,MP004,S002,39.0,64.0,192.0,117.0,75.0,39.0625,1.641025641025641,1.0,39,39,0.0,1,False,2026-09-29,10,Tuesday,Weekday
2026-09-29 10:30:00-06:00,COR001,MP005,S003,54.0,78.0,190.0,132.0,58.0,30.76923076923077,1.4393939393939394,1.0,54,54,0.0,1,False,2026-09-29,10,Tuesday,Weekday
2026-09-29 10:30:00-06:00,COR001,MP006,S003,54.0,78.0,190.0,132.0,58.0,30.76923076923077,1.4393939393939394,1.0,54,54,0.0,1,False,2026-09-29,10,Tuesday,Weekday
2026-09-29 11:00:00-06:00,COR001,MP001,S001,71.0,71.0,186.0,186.0,0.0,0.0,1.0,1.0,71,71,0.0,1,False,2026-09-29,11,Tuesday,Weekday
2026-09-29 11:00:00-06:00,COR001,MP002,S001,71.0,71.0,186.0,186.0,0.0,0.0,1.0,1.0,71,71,0.0,1,False,2026-09-29,11,Tuesday,Weekday
2026-09-29 11:00:00-06:00,COR001,MP003,S002,69.0,69.0,26.0,26.0,0.0,0.0,1.0,1.0,69,69,0.0,1,False,2026-09-29,11,Tuesday,Weekday
2026-09-29 11:00:00-06:00,COR001,MP004,S002,58.0,64.0,129.0,117.0,12.0,9.375,1.1025641025641026,0.998276,58,58,0.0,1,False,2026-09-29,11,Tuesday,Weekday
2026-09-29 11:00:00-06:00,COR001,MP005,S003,78.0,78.0,132.0,132.0,0.0,0.0,1.0,1.0,78,78,0.0,1,False,2026-09-29,11,Tuesday,Weekday
2026-09-29 11:00:00-06:00,COR001,MP006,S003,78.0,78.0,132.0,132.0,0.0,0.0,1.0,1.0,78,78,0.0,1,False,2026-09-29,11,Tuesday,Weekday
2026-09-29 11:30:00-06:00,COR001,MP001,S001,71.0,71.0,186.0,186.0,0.0,0.0,1.0,1.0,71,71,0.0,1,False,2026-09-29,11,Tuesday,Weekday
2026-09-29 11:30:00-06:00,COR001,MP002,S001,71.0,71.0,186.0,186.0,0.0,0.0,1.0,1.0,71,71,0.0,1,False,2026-09-29,11,Tuesday,Weekday
2026-09-29 11:30:00-06:00,COR001,MP003,S002,69.0,69.0,26.0,26.0,0.0,0.0,1.0,1.0,69,69,0.0,1,False,2026-09-29,11,Tuesday,Weekday
2026-09-29 11:30:00-06:00,COR001,MP004,S002,51.0,64.0,147.0,117.0,30.0,20.3125,1.2564102564102564,1.0,51,51,0.0,1,False,2026-09-29,11,Tuesday,Weekday
2026-09-29 11:30:00-06:00,COR001,MP005,S003,78.0,78.0,132.0,132.0,0.0,0.0,1.0,1.0,78,78,0.0,1,False,2026-09-29,11,Tuesday,Weekday
2026-09-29 11:30:00-06:00,COR001,MP006,S003,78.0,78.0,132.0,132.0,0.0,0.0,1.0,1.0,78,78,0.0,1,False,2026-09-29,11,Tuesday,Weekday
2026-09-29 12:00:00-06:00,COR001,MP001,S001,57.0,70.0,232.0,189.0,43.0,18.571428571428573,1.2275132275132274,1.0,57,57,0.0,1,False,2026-09-29,12,Tuesday,Weekday
2026-09-29 12:00:00-06:00,COR001,MP002,S001,57.0,70.0,232.0,189.0,43.0,18.571428571428573,1.2275132275132274,1.0,57,57,0.0,1,False,2026-09-29,12,Tuesday,Weekday
2026-09-29 12:00:00-06:00,COR001,MP003,S002,69.0,69.0,26.0,26.0,0.0,0.0,1.0,1.0,69,69,0.0,1,False,2026-09-29,12,Tuesday,Weekday
2026-09-29 12:00:00-06:00,COR001,MP004,S002,46.0,64.0,163.0,117.0,46.0,28.125,1.393162393162393,1.0,46,46,0.0,1,False,2026-09-29,12,Tuesday,Weekday
2026-09-29 12:00:00-06:00,COR001,MP005,S003,78.0,78.0,132.0,132.0,0.0,0.0,1.0,1.0,78,78,0.0,1,False,2026-09-29,12,Tuesday,Weekday
2026-09-29 12:00:00-06:00,COR001,MP006,S003,78.0,78.0,132.0,132.0,0.0,0.0,1.0,1.0,78,78,0.0,1,False,2026-09-29,12,Tuesday,Weekday
2026-09-29 12:30:00-06:00,COR001,MP001,S001,57.0,70.0,232.0,189.0,43.0,18.571428571428573,1.2275132275132274,1.0,57,57,0.0,1,False,2026-09-29,12,Tuesday,Weekday
2026-09-29 12:30:00-06:00,COR001,MP002,S001,57.0,70.0,232.0,189.0,43.0,18.571428571428573,1.2275132275132274,1.0,57,57,0.0,1,False,2026-09-29,12,Tuesday,Weekday
2026-09-29 12:30:00-06:00,COR001,MP003,S002,69.0,69.0,26.0,26.0,0.0,0.0,1.0,1.0,69,69,0.0,1,False,2026-09-29,12,Tuesday,Weekday
2026-09-29 12:30:00-06:00,COR001,MP004,S002,64.0,64.0,117.0,117.0,0.0,0.0,1.0,1.0,64,64,0.0,1,False,2026-09-29,12,Tuesday,Weekday
2026-09-29 12:30:00-06:00,COR001,MP005,S003,78.0,78.0,132.0,132.0,0.0,0.0,1.0,1.0,78,78,0.0,1,False,2026-09-29,12,Tuesday,Weekday
2026-09-29 12:30:00-06:00,COR001,MP006,S003,78.0,78.0,132.0,132.0,0.0,0.0,1.0,1.0,78,78,0.0,1,False,2026-09-29,12,Tuesday,Weekday
2026-09-29 13:00:00-06:00,COR001,MP001,S001,71.0,71.0,186.0,186.0,0.0,0.0,1.0,1.0,71,71,0.0,1,False,2026-09-29,13,Tuesday,Weekday
2026-09-29 13:00:00-06:00,COR001,MP002,S001,71.0,71.0,186.0,186.0,0.0,0.0,1.0,1.0,71,71,0.0,1,False,2026-09-29,13,Tuesday,Weekday
2026-09-29 13:00:00-06:00,COR001,MP003,S002,69.0,69.0,26.0,26.0,0.0,0.0,1.0,1.0,69,69,0.0,1,False,2026-09-29,13,Tuesday,Weekday
2026-09-29 13:00:00-06:00,COR001,MP004,S002,47.0,64.0,159.0,117.0,42.0,26.5625,1.358974358974359,0.99684,47,47,0.0,1,False,2026-09-29,13,Tuesday,Weekday
2026-09-29 13:00:00-06:00,COR001,MP005,S003,78.0,78.0,132.0,132.0,0.0,0.0,1.0,1.0,78,78,0.0,1,False,2026-09-29,13,Tuesday,Weekday
2026-09-29 13:00:00-06:00,COR001,MP006,S003,78.0,78.0,132.0,132.0,0.0,0.0,1.0,1.0,78,78,0.0,1,False,2026-09-29,13,Tuesday,Weekday
2026-09-29 13:30:00-06:00,COR001,MP001,S001,50.0,71.0,265.0,186.0,79.0,29.577464788732392,1.424731182795699,1.0,50,50,0.0,1,False,2026-09-29,13,Tuesday,Weekday
2026-09-29 13:30:00-06:00,COR001,MP002,S001,50.0,71.0,265.0,186.0,79.0,29.577464788732392,1.424731182795699,1.0,50,50,0.0,1,False,2026-09-29,13,Tuesday,Weekday
2026-09-29 13:30:00-06:00,COR001,MP003,S002,46.0,69.0,39.0,26.0,13.0,33.33333333333333,1.5,1.0,46,46,0.0,1,False,2026-09-29,13,Tuesday,Weekday
2026-09-29 13:30:00-06:00,COR001,MP004,S002,64.0,64.0,117.0,117.0,0.0,0.0,1.0,1.0,64,64,0.0,1,False,2026-09-29,13,Tuesday,Weekday
2026-09-29 13:30:00-06:00,COR001,MP005,S003,78.0,78.0,132.0,132.0,0.0,0.0,1.0,1.0,78,78,0.0,1,False,2026-09-29,13,Tuesday,Weekday
2026-09-29 13:30:00-06:00,COR001,MP006,S003,78.0,78.0,132.0,132.0,0.0,0.0,1.0,1.0,78,78,0.0,1,False,2026-09-29,13,Tuesday,Weekday
2026-09-29 14:00:00-06:00,COR001,MP001,S001,71.0,71.0,186.0,186.0,0.0,0.0,1.0,1.0,71,71,0.0,1,False,2026-09-29,14,Tuesday,Weekday
2026-09-29 14:00:00-06:00,COR001,MP002,S001,71.0,71.0,186.0,186.0,0.0,0.0,1.0,1.0,71,71,0.0,1,False,2026-09-29,14,Tuesday,Weekday
2026-09-29 14:00:00-06:00,COR001,MP003,S002,48.0,69.0,37.0,26.0,11.0,30.434782608695656,1.4230769230769231,1.0,48,48,0.0,1,False,2026-09-29,14,Tuesday,Weekday
2026-09-29 14:00:00-06:00,COR001,MP004,S002,64.0,64.0,117.0,117.0,0.0,0.0,1.0,1.0,64,64,0.0,1,False,2026-09-29,14,Tuesday,Weekday
2026-09-29 14:00:00-06:00,COR001,MP005,S003,78.0,78.0,132.0,132.0,0.0,0.0,1.0,1.0,78,78,0.0,1,False,2026-09-29,14,Tuesday,Weekday
2026-09-29 14:00:00-06:00,COR001,MP006,S003,78.0,78.0,132.0,132.0,0.0,0.0,1.0,1.0,78,78,0.0,1,False,2026-09-29,14,Tuesday,Weekday
2026-09-29 14:30:00-06:00,COR001,MP001,S001,55.0,70.0,240.0,189.0,51.0,21.428571428571427,1.2698412698412698,1.0,55,55,0.0,1,False,2026-09-29,14,Tuesday,Weekday
2026-09-29 14:30:00-06:00,COR001,MP002,S001,55.0,70.0,240.0,189.0,51.0,21.428571428571427,1.2698412698412698,1.0,55,55,0.0,1,False,2026-09-29,14,Tuesday,Weekday
2026-09-29 14:30:00-06:00,COR001,MP003,S002,69.0,69.0,26.0,26.0,0.0,0.0,1.0,1.0,69,69,0.0,1,False,2026-09-29,14,Tuesday,Weekday
2026-09-29 14:30:00-06:00,COR001,MP004,S002,52.0,64.0,144.0,117.0,27.0,18.75,1.2307692307692308,1.0,52,52,0.0,1,False,2026-09-29,14,Tuesday,Weekday
2026-09-29 14:30:00-06:00,COR001,MP005,S003,59.0,77.0,174.0,133.0,41.0,23.37662337662337,1.3082706766917294,1.0,59,59,0.0,1,False,2026-09-29,14,Tuesday,Weekday
2026-09-29 14:30:00-06:00,COR001,MP006,S003,59.0,77.0,174.0,133.0,41.0,23.37662337662337,1.3082706766917294,1.0,59,59,0.0,1,False,2026-09-29,14,Tuesday,Weekday
2026-09-29 15:00:00-06:00,COR001,MP001,S001,58.0,70.0,228.0,189.0,39.0,17.142857142857142,1.2063492063492065,1.0,58,58,0.0,1,False,2026-09-29,15,Tuesday,Weekday
2026-09-29 15:00:00-06:00,COR001,MP002,S001,58.0,70.0,228.0,189.0,39.0,17.142857142857142,1.2063492063492065,1.0,58,58,0.0,1,False,2026-09-29,15,Tuesday,Weekday
2026-09-29 15:00:00-06:00,COR001,MP003,S002,52.0,69.0,35.0,26.0,9.0,24.637681159420293,1.3461538461538465,1.0,52,52,0.0,1,False,2026-09-29,15,Tuesday,Weekday
2026-09-29 15:00:00-06:00,COR001,MP004,S002,49.0,64.0,153.0,117.0,36.0,23.4375,1.3076923076923077,1.0,49,49,0.0,1,False,2026-09-29,15,Tuesday,Weekday
2026-09-29 15:00:00-06:00,COR001,MP005,S003,61.0,78.0,169.0,132.0,37.0,21.7948717948718,1.2803030303030305,1.0,61,61,0.0,1,False,2026-09-29,15,Tuesday,Weekday
2026-09-29 15:00:00-06:00,COR001,MP006,S003,61.0,78.0,169.0,132.0,37.0,21.7948717948718,1.2803030303030305,1.0,61,61,0.0,1,False,2026-09-29,15,Tuesday,Weekday
2026-09-29 15:30:00-06:00,COR001,MP001,S001,52.0,71.0,254.0,186.0,68.0,26.76056338028169,1.3655913978494625,1.0,52,52,0.0,1,False,2026-09-29,15,Tuesday,Weekday
2026-09-29 15:30:00-06:00,COR001,MP002,S001,52.0,71.0,254.0,186.0,68.0,26.76056338028169,1.3655913978494625,1.0,52,52,0.0,1,False,2026-09-29,15,Tuesday,Weekday
2026-09-29 15:30:00-06:00,COR001,MP003,S002,43.0,69.0,42.0,26.0,16.0,37.68115942028986,1.6153846153846154,1.0,43,43,0.0,1,False,2026-09-29,15,Tuesday,Weekday
2026-09-29 15:30:00-06:00,COR001,MP004,S002,33.0,64.0,227.0,117.0,110.0,48.4375,1.94017094017094,1.0,33,33,0.0,1,False,2026-09-29,15,Tuesday,Weekday
2026-09-29 15:30:00-06:00,COR001,MP005,S003,59.0,77.0,174.0,133.0,41.0,23.37662337662337,1.3082706766917294,1.0,59,59,0.0,1,False,2026-09-29,15,Tuesday,Weekday
2026-09-29 15:30:00-06:00,COR001,MP006,S003,59.0,77.0,174.0,133.0,41.0,23.37662337662337,1.3082706766917294,1.0,59,59,0.0,1,False,2026-09-29,15,Tuesday,Weekday
2026-09-29 16:00:00-06:00,COR001,MP001,S001,52.0,70.0,254.0,189.0,65.0,25.71428571428571,1.343915343915344,1.0,52,52,0.0,1,False,2026-09-29,16,Tuesday,Weekday
2026-09-29 16:00:00-06:00,COR001,MP002,S001,52.0,70.0,254.0,189.0,65.0,25.71428571428571,1.343915343915344,1.0,52,52,0.0,1,False,2026-09-29,16,Tuesday,Weekday
2026-09-29 16:00:00-06:00,COR001,MP003,S002,42.0,69.0,43.0,26.0,17.0,39.130434782608695,1.6538461538461535,1.0,42,42,0.0,1,False,2026-09-29,16,Tuesday,Weekday
2026-09-29 16:00:00-06:00,COR001,MP004,S002,47.0,63.0,159.0,119.0,40.0,25.396825396825395,1.3361344537815123,1.0,47,47,0.0,1,False,2026-09-29,16,Tuesday,Weekday
2026-09-29 16:00:00-06:00,COR001,MP005,S003,55.0,77.0,187.0,133.0,54.0,28.57142857142857,1.406015037593985,1.0,55,55,0.0,1,False,2026-09-29,16,Tuesday,Weekday
2026-09-29 16:00:00-06:00,COR001,MP006,S003,55.0,77.0,187.0,133.0,54.0,28.57142857142857,1.406015037593985,1.0,55,55,0.0,1,False,2026-09-29,16,Tuesday,Weekday
2026-09-29 16:30:00-06:00,COR001,MP001,S001,56.0,70.0,236.0,189.0,47.0,20.0,1.2486772486772486,1.0,56,56,0.0,1,False,2026-09-29,16,Tuesday,Weekday
2026-09-29 16:30:00-06:00,COR001,MP002,S001,56.0,70.0,236.0,189.0,47.0,20.0,1.2486772486772486,1.0,56,56,0.0,1,False,2026-09-29,16,Tuesday,Weekday
2026-09-29 16:30:00-06:00,COR001,MP003,S002,43.0,69.0,42.0,26.0,16.0,37.68115942028986,1.6153846153846154,1.0,43,43,0.0,1,False,2026-09-29,16,Tuesday,Weekday
2026-09-29 16:30:00-06:00,COR001,MP004,S002,42.0,64.0,179.0,117.0,62.0,34.375,1.5299145299145298,1.0,42,42,0.0,1,False,2026-09-29,16,Tuesday,Weekday
2026-09-29 16:30:00-06:00,COR001,MP005,S003,52.0,77.0,198.0,133.0,65.0,32.467532467532465,1.4887218045112782,1.0,52,52,0.0,1,False,2026-09-29,16,Tuesday,Weekday
2026-09-29 16:30:00-06:00,COR001,MP006,S003,52.0,77.0,198.0,133.0,65.0,32.467532467532465,1.4887218045112782,1.0,52,52,0.0,1,False,2026-09-29,16,Tuesday,Weekday
2026-09-29 17:00:00-06:00,COR001,MP001,S001,57.0,70.0,232.0,189.0,43.0,18.571428571428573,1.2275132275132274,1.0,57,57,0.0,1,False,2026-09-29,17,Tuesday,Weekday
2026-09-29 17:00:00-06:00,COR001,MP002,S001,57.0,70.0,232.0,189.0,43.0,18.571428571428573,1.2275132275132274,1.0,57,57,0.0,1,False,2026-09-29,17,Tuesday,Weekday
2026-09-29 17:00:00-06:00,COR001,MP003,S002,53.0,69.0,34.0,26.0,8.0,23.18840579710145,1.3076923076923077,1.0,53,53,0.0,1,False,2026-09-29,17,Tuesday,Weekday
2026-09-29 17:00:00-06:00,COR001,MP004,S002,43.0,63.0,174.0,119.0,55.0,31.746031746031743,1.4621848739495795,1.0,43,43,0.0,1,False,2026-09-29,17,Tuesday,Weekday
2026-09-29 17:00:00-06:00,COR001,MP005,S003,61.0,77.0,169.0,133.0,36.0,20.77922077922078,1.2706766917293233,1.0,61,61,0.0,1,False,2026-09-29,17,Tuesday,Weekday
2026-09-29 17:00:00-06:00,COR001,MP006,S003,61.0,77.0,169.0,133.0,36.0,20.77922077922078,1.2706766917293233,1.0,61,61,0.0,1,False,2026-09-29,17,Tuesday,Weekday
2026-09-29 17:30:00-06:00,COR001,MP001,S001,46.0,71.0,288.0,186.0,102.0,35.2112676056338,1.5483870967741935,1.0,46,46,0.0,1,False,2026-09-29,17,Tuesday,Weekday
2026-09-29 17:30:00-06:00,COR001,MP002,S001,46.0,71.0,288.0,186.0,102.0,35.2112676056338,1.5483870967741935,1.0,46,46,0.0,1,False,2026-09-29,17,Tuesday,Weekday
2026-09-29 17:30:00-06:00,COR001,MP003,S002,49.0,69.0,37.0,26.0,11.0,28.98550724637681,1.4230769230769231,1.0,49,49,0.0,1,False,2026-09-29,17,Tuesday,Weekday
2026-09-29 17:30:00-06:00,COR001,MP004,S002,45.0,63.0,167.0,119.0,48.0,28.57142857142857,1.403361344537815,1.0,45,45,0.0,1,False,2026-09-29,17,Tuesday,Weekday
2026-09-29 17:30:00-06:00,COR001,MP005,S003,54.0,78.0,190.0,132.0,58.0,30.76923076923077,1.4393939393939394,1.0,54,54,0.0,1,False,2026-09-29,17,Tuesday,Weekday
2026-09-29 17:30:00-06:00,COR001,MP006,S003,54.0,78.0,190.0,132.0,58.0,30.76923076923077,1.4393939393939394,1.0,54,54,0.0,1,False,2026-09-29,17,Tuesday,Weekday
2026-09-29 18:00:00-06:00,COR001,MP001,S001,44.0,71.0,301.0,186.0,115.0,38.0281690140845,1.618279569892473,0.998243,44,44,0.0,1,False,2026-09-29,18,Tuesday,Weekday
2026-09-29 18:00:00-06:00,COR001,MP002,S001,44.0,71.0,301.0,186.0,115.0,38.0281690140845,1.618279569892473,0.998243,44,44,0.0,1,False,2026-09-29,18,Tuesday,Weekday
2026-09-29 18:00:00-06:00,COR001,MP003,S002,41.0,69.0,44.0,26.0,18.0,40.57971014492754,1.6923076923076923,1.0,41,41,0.0,1,False,2026-09-29,18,Tuesday,Weekday
2026-09-29 18:00:00-06:00,COR001,MP004,S002,23.0,64.0,326.0,117.0,209.0,64.0625,2.786324786324786,1.0,23,23,0.0,1,False,2026-09-29,18,Tuesday,Weekday
2026-09-29 18:00:00-06:00,COR001,MP005,S003,53.0,78.0,194.0,132.0,62.0,32.05128205128205,1.4696969696969695,1.0,53,53,0.0,1,False,2026-09-29,18,Tuesday,Weekday
2026-09-29 18:00:00-06:00,COR001,MP006,S003,53.0,78.0,194.0,132.0,62.0,32.05128205128205,1.4696969696969695,1.0,53,53,0.0,1,False,2026-09-29,18,Tuesday,Weekday
2026-09-29 18:30:00-06:00,COR001,MP001,S001,41.0,70.0,323.0,189.0,134.0,41.42857142857143,1.708994708994709,0.998998,41,41,0.0,1,False,2026-09-29,18,Tuesday,Weekday
2026-09-29 18:30:00-06:00,COR001,MP002,S001,41.0,70.0,323.0,189.0,134.0,41.42857142857143,1.708994708994709,0.998998,41,41,0.0,1,False,2026-09-29,18,Tuesday,Weekday
2026-09-29 18:30:00-06:00,COR001,MP003,S002,20.0,70.0,91.0,26.0,65.0,71.42857142857143,3.5,1.0,20,20,0.0,1,False,2026-09-29,18,Tuesday,Weekday
2026-09-29 18:30:00-06:00,COR001,MP004,S002,14.0,62.0,537.0,121.0,416.0,77.41935483870968,4.43801652892562,1.0,14,14,0.0,1,False,2026-09-29,18,Tuesday,Weekday
2026-09-29 18:30:00-06:00,COR001,MP005,S003,45.0,77.0,229.0,133.0,96.0,41.55844155844156,1.7218045112781954,1.0,45,45,0.0,1,False,2026-09-29,18,Tuesday,Weekday
2026-09-29 18:30:00-06:00,COR001,MP006,S003,45.0,77.0,229.0,133.0,96.0,41.55844155844156,1.7218045112781954,1.0,45,45,0.0,1,False,2026-09-29,18,Tuesday,Weekday
2026-09-29 19:00:00-06:00,COR001,MP001,S001,47.0,70.0,282.0,189.0,93.0,32.857142857142854,1.492063492063492,0.996996,47,47,0.0,1,False,2026-09-29,19,Tuesday,Weekday
2026-09-29 19:00:00-06:00,COR001,MP002,S001,47.0,70.0,282.0,189.0,93.0,32.857142857142854,1.492063492063492,0.996996,47,47,0.0,1,False,2026-09-29,19,Tuesday,Weekday
2026-09-29 19:00:00-06:00,COR001,MP003,S002,11.0,68.0,165.0,26.0,139.0,83.82352941176471,6.346153846153846,0.99,11,11,0.0,1,False,2026-09-29,19,Tuesday,Weekday
2026-09-29 19:00:00-06:00,COR001,MP004,S002,9.0,63.0,835.0,119.0,716.0,85.71428571428571,7.016806722689076,1.0,9,9,0.0,1,False,2026-09-29,19,Tuesday,Weekday
2026-09-29 19:00:00-06:00,COR001,MP005,S003,45.0,77.0,229.0,133.0,96.0,41.55844155844156,1.7218045112781954,1.0,45,45,0.0,1,False,2026-09-29,19,Tuesday,Weekday
2026-09-29 19:00:00-06:00,COR001,MP006,S003,45.0,77.0,229.0,133.0,96.0,41.55844155844156,1.7218045112781954,1.0,45,45,0.0,1,False,2026-09-29,19,Tuesday,Weekday
2026-09-29 19:30:00-06:00,COR001,MP001,S001,27.0,70.0,490.0,189.0,301.0,61.42857142857143,2.592592592592593,0.995062,27,27,0.0,1,False,2026-09-29,19,Tuesday,Weekday
2026-09-29 19:30:00-06:00,COR001,MP002,S001,27.0,70.0,490.0,189.0,301.0,61.42857142857143,2.592592592592593,0.995062,27,27,0.0,1,False,2026-09-29,19,Tuesday,Weekday
2026-09-29 19:30:00-06:00,COR001,MP003,S002,11.0,68.0,165.0,26.0,139.0,83.82352941176471,6.346153846153846,0.99,11,11,0.0,1,False,2026-09-29,19,Tuesday,Weekday
2026-09-29 19:30:00-06:00,COR001,MP004,S002,17.0,63.0,442.0,119.0,323.0,73.01587301587301,3.7142857142857135,1.0,17,17,0.0,1,False,2026-09-29,19,Tuesday,Weekday
2026-09-29 19:30:00-06:00,COR001,MP005,S003,54.0,77.0,190.0,133.0,57.0,29.87012987012987,1.4285714285714286,1.0,54,54,0.0,1,False,2026-09-29,19,Tuesday,Weekday
2026-09-29 19:30:00-06:00,COR001,MP006,S003,54.0,77.0,190.0,133.0,57.0,29.87012987012987,1.4285714285714286,1.0,54,54,0.0,1,False,2026-09-29,19,Tuesday,Weekday
2026-09-29 20:00:00-06:00,COR001,MP001,S001,43.0,71.0,308.0,186.0,122.0,39.436619718309856,1.6559139784946235,0.994565,43,43,0.0,1,False,2026-09-29,20,Tuesday,Weekday
2026-09-29 20:00:00-06:00,COR001,MP002,S001,43.0,71.0,308.0,186.0,122.0,39.436619718309856,1.6559139784946235,0.994565,43,43,0.0,1,False,2026-09-29,20,Tuesday,Weekday
2026-09-29 20:00:00-06:00,COR001,MP003,S002,28.0,68.0,65.0,26.0,39.0,58.82352941176471,2.5,1.0,28,28,0.0,1,False,2026-09-29,20,Tuesday,Weekday
2026-09-29 20:00:00-06:00,COR001,MP004,S002,18.0,65.0,417.0,115.0,302.0,72.3076923076923,3.626086956521739,1.0,18,18,0.0,1,False,2026-09-29,20,Tuesday,Weekday
2026-09-29 20:00:00-06:00,COR001,MP005,S003,51.0,78.0,202.0,132.0,70.0,34.61538461538461,1.5303030303030305,1.0,51,51,0.0,1,False,2026-09-29,20,Tuesday,Weekday
2026-09-29 20:00:00-06:00,COR001,MP006,S003,51.0,78.0,202.0,132.0,70.0,34.61538461538461,1.5303030303030305,1.0,51,51,0.0,1,False,2026-09-29,20,Tuesday,Weekday
2026-09-29 20:30:00-06:00,COR001,MP001,S001,55.0,71.0,240.0,186.0,54.0,22.53521126760564,1.2903225806451613,1.0,55,55,0.0,1,False,2026-09-29,20,Tuesday,Weekday
2026-09-29 20:30:00-06:00,COR001,MP002,S001,55.0,71.0,240.0,186.0,54.0,22.53521126760564,1.2903225806451613,1.0,55,55,0.0,1,False,2026-09-29,20,Tuesday,Weekday
2026-09-29 20:30:00-06:00,COR001,MP003,S002,52.0,69.0,35.0,26.0,9.0,24.637681159420293,1.3461538461538465,1.0,52,52,0.0,1,False,2026-09-29,20,Tuesday,Weekday
2026-09-29 20:30:00-06:00,COR001,MP004,S002,41.0,64.0,183.0,117.0,66.0,35.9375,1.564102564102564,0.99684,41,41,0.0,1,False,2026-09-29,20,Tuesday,Weekday
2026-09-29 20:30:00-06:00,COR001,MP005,S003,56.0,77.0,184.0,133.0,51.0,27.27272727272727,1.3834586466165413,1.0,56,56,0.0,1,False,2026-09-29,20,Tuesday,Weekday
2026-09-29 20:30:00-06:00,COR001,MP006,S003,56.0,77.0,184.0,133.0,51.0,27.27272727272727,1.3834586466165413,1.0,56,56,0.0,1,False,2026-09-29,20,Tuesday,Weekday
2026-09-29 21:00:00-06:00,COR001,MP001,S001,57.0,70.0,232.0,189.0,43.0,18.571428571428573,1.2275132275132274,1.0,57,57,0.0,1,False,2026-09-29,21,Tuesday,Weekday
2026-09-29 21:00:00-06:00,COR001,MP002,S001,57.0,70.0,232.0,189.0,43.0,18.571428571428573,1.2275132275132274,1.0,57,57,0.0,1,False,2026-09-29,21,Tuesday,Weekday
2026-09-29 21:00:00-06:00,COR001,MP003,S002,69.0,69.0,26.0,26.0,0.0,0.0,1.0,1.0,69,69,0.0,1,False,2026-09-29,21,Tuesday,Weekday
2026-09-29 21:00:00-06:00,COR001,MP004,S002,55.0,64.0,136.0,117.0,19.0,14.0625,1.1623931623931625,0.998276,55,55,0.0,1,False,2026-09-29,21,Tuesday,Weekday
2026-09-29 21:00:00-06:00,COR001,MP005,S003,66.0,78.0,156.0,132.0,24.0,15.384615384615383,1.181818181818182,1.0,66,66,0.0,1,False,2026-09-29,21,Tuesday,Weekday
2026-09-29 21:00:00-06:00,COR001,MP006,S003,66.0,78.0,156.0,132.0,24.0,15.384615384615383,1.181818181818182,1.0,66,66,0.0,1,False,2026-09-29,21,Tuesday,Weekday
2026-09-29 21:30:00-06:00,COR001,MP001,S001,56.0,70.0,236.0,189.0,47.0,20.0,1.2486772486772486,1.0,56,56,0.0,1,False,2026-09-29,21,Tuesday,Weekday
2026-09-29 21:30:00-06:00,COR001,MP002,S001,56.0,70.0,236.0,189.0,47.0,20.0,1.2486772486772486,1.0,56,56,0.0,1,False,2026-09-29,21,Tuesday,Weekday
2026-09-29 21:30:00-06:00,COR001,MP003,S002,49.0,69.0,37.0,26.0,11.0,28.98550724637681,1.4230769230769231,1.0,49,49,0.0,1,False,2026-09-29,21,Tuesday,Weekday
2026-09-29 21:30:00-06:00,COR001,MP004,S002,53.0,64.0,141.0,117.0,24.0,17.1875,1.205128205128205,0.998276,53,53,0.0,1,False,2026-09-29,21,Tuesday,Weekday
2026-09-29 21:30:00-06:00,COR001,MP005,S003,60.0,78.0,171.0,132.0,39.0,23.07692307692308,1.2954545454545454,1.0,60,60,0.0,1,False,2026-09-29,21,Tuesday,Weekday
2026-09-29 21:30:00-06:00,COR001,MP006,S003,60.0,78.0,171.0,132.0,39.0,23.07692307692308,1.2954545454545454,1.0,60,60,0.0,1,False,2026-09-29,21,Tuesday,Weekday
2026-09-29 22:00:00-06:00,COR001,MP001,S001,53.0,70.0,250.0,189.0,61.0,24.285714285714285,1.3227513227513228,0.992316,53,53,0.0,1,False,2026-09-29,22,Tuesday,Weekday
2026-09-29 22:00:00-06:00,COR001,MP002,S001,53.0,70.0,250.0,189.0,61.0,24.285714285714285,1.3227513227513228,0.992316,53,53,0.0,1,False,2026-09-29,22,Tuesday,Weekday
2026-09-29 22:00:00-06:00,COR001,MP003,S002,55.0,69.0,33.0,26.0,7.0,20.28985507246377,1.2692307692307692,1.0,55,55,0.0,1,False,2026-09-29,22,Tuesday,Weekday
2026-09-29 22:00:00-06:00,COR001,MP004,S002,64.0,64.0,117.0,117.0,0.0,0.0,1.0,1.0,64,64,0.0,1,False,2026-09-29,22,Tuesday,Weekday
2026-09-29 22:00:00-06:00,COR001,MP005,S003,78.0,78.0,132.0,132.0,0.0,0.0,1.0,1.0,78,78,0.0,1,False,2026-09-29,22,Tuesday,Weekday
2026-09-29 22:00:00-06:00,COR001,MP006,S003,78.0,78.0,132.0,132.0,0.0,0.0,1.0,1.0,78,78,0.0,1,False,2026-09-29,22,Tuesday,Weekday
2026-09-29 22:30:00-06:00,COR001,MP001,S001,71.0,71.0,186.0,186.0,0.0,0.0,1.0,1.0,71,71,0.0,1,False,2026-09-29,22,Tuesday,Weekday
2026-09-29 22:30:00-06:00,COR001,MP002,S001,71.0,71.0,186.0,186.0,0.0,0.0,1.0,1.0,71,71,0.0,1,False,2026-09-29,22,Tuesday,Weekday
2026-09-29 22:30:00-06:00,COR001,MP003,S002,69.0,69.0,26.0,26.0,0.0,0.0,1.0,1.0,69,69,0.0,1,False,2026-09-29,22,Tuesday,Weekday
2026-09-29 22:30:00-06:00,COR001,MP004,S002,64.0,64.0,117.0,117.0,0.0,0.0,1.0,1.0,64,64,0.0,1,False,2026-09-29,22,Tuesday,Weekday
2026-09-29 22:30:00-06:00,COR001,MP005,S003,78.0,78.0,132.0,132.0,0.0,0.0,1.0,1.0,78,78,0.0,1,False,2026-09-29,22,Tuesday,Weekday
2026-09-29 22:30:00-06:00,COR001,MP006,S003,78.0,78.0,132.0,132.0,0.0,0.0,1.0,1.0,78,78,0.0,1,False,2026-09-29,22,Tuesday,Weekday
2026-09-29 23:00:00-06:00,COR001,MP001,S001,71.0,71.0,186.0,186.0,0.0,0.0,1.0,1.0,71,71,0.0,1,False,2026-09-29,23,Tuesday,Weekday
2026-09-29 23:00:00-06:00,COR001,MP002,S001,71.0,71.0,186.0,186.0,0.0,0.0,1.0,1.0,71,71,0.0,1,False,2026-09-29,23,Tuesday,Weekday
2026-09-29 23:00:00-06:00,COR001,MP003,S002,69.0,69.0,26.0,26.0,0.0,0.0,1.0,1.0,69,69,0.0,1,False,2026-09-29,23,Tuesday,Weekday
2026-09-29 23:00:00-06:00,COR001,MP004,S002,64.0,64.0,117.0,117.0,0.0,0.0,1.0,1.0,64,64,0.0,1,False,2026-09-29,23,Tuesday,Weekday
2026-09-29 23:00:00-06:00,COR001,MP005,S003,78.0,78.0,132.0,132.0,0.0,0.0,1.0,1.0,78,78,0.0,1,False,2026-09-29,23,Tuesday,Weekday
2026-09-29 23:00:00-06:00,COR001,MP006,S003,78.0,78.0,132.0,132.0,0.0,0.0,1.0,1.0,78,78,0.0,1,False,2026-09-29,23,Tuesday,Weekday
2026-09-29 23:30:00-06:00,COR001,MP001,S001,71.0,71.0,186.0,186.0,0.0,0.0,1.0,1.0,71,71,0.0,1,False,2026-09-29,23,Tuesday,Weekday
2026-09-29 23:30:00-06:00,COR001,MP002,S001,71.0,71.0,186.0,186.0,0.0,0.0,1.0,1.0,71,71,0.0,1,False,2026-09-29,23,Tuesday,Weekday
2026-09-29 23:30:00-06:00,COR001,MP003,S002,69.0,69.0,26.0,26.0,0.0,0.0,1.0,1.0,69,69,0.0,1,False,2026-09-29,23,Tuesday,Weekday
2026-09-29 23:30:00-06:00,COR001,MP004,S002,64.0,64.0,117.0,117.0,0.0,0.0,1.0,1.0,64,64,0.0,1,False,2026-09-29,23,Tuesday,Weekday
2026-09-29 23:30:00-06:00,COR001,MP005,S003,78.0,78.0,132.0,132.0,0.0,0.0,1.0,1.0,78,78,0.0,1,False,2026-09-29,23,Tuesday,Weekday
2026-09-29 23:30:00-06:00,COR001,MP006,S003,78.0,78.0,132.0,132.0,0.0,0.0,1.0,1.0,78,78,0.0,1,False,2026-09-29,23,Tuesday,Weekday
2026-09-30 00:00:00-06:00,COR001,MP001,S001,71.0,71.0,186.0,186.0,0.0,0.0,1.0,1.0,71,71,0.0,1,False,2026-09-30,0,Wednesday,Weekday
2026-09-30 00:00:00-06:00,COR001,MP002,S001,71.0,71.0,186.0,186.0,0.0,0.0,1.0,1.0,71,71,0.0,1,False,2026-09-30,0,Wednesday,Weekday
2026-09-30 00:00:00-06:00,COR001,MP003,S002,69.0,69.0,26.0,26.0,0.0,0.0,1.0,1.0,69,69,0.0,1,False,2026-09-30,0,Wednesday,Weekday
2026-09-30 00:00:00-06:00,COR001,MP004,S002,64.0,64.0,117.0,117.0,0.0,0.0,1.0,1.0,64,64,0.0,1,False,2026-09-30,0,Wednesday,Weekday
2026-09-30 00:00:00-06:00,COR001,MP005,S003,78.0,78.0,132.0,132.0,0.0,0.0,1.0,1.0,78,78,0.0,1,False,2026-09-30,0,Wednesday,Weekday
2026-09-30 00:00:00-06:00,COR001,MP006,S003,78.0,78.0,132.0,132.0,0.0,0.0,1.0,1.0,78,78,0.0,1,False,2026-09-30,0,Wednesday,Weekday
2026-09-30 00:30:00-06:00,COR001,MP001,S001,60.0,70.0,220.0,189.0,31.0,14.285714285714285,1.164021164021164,0.948161,60,60,0.0,1,False,2026-09-30,0,Wednesday,Weekday
2026-09-30 00:30:00-06:00,COR001,MP002,S001,60.0,70.0,220.0,189.0,31.0,14.285714285714285,1.164021164021164,0.948161,60,60,0.0,1,False,2026-09-30,0,Wednesday,Weekday
2026-09-30 00:30:00-06:00,COR001,MP003,S002,69.0,69.0,26.0,26.0,0.0,0.0,1.0,1.0,69,69,0.0,1,False,2026-09-30,0,Wednesday,Weekday
2026-09-30 00:30:00-06:00,COR001,MP004,S002,64.0,64.0,117.0,117.0,0.0,0.0,1.0,1.0,64,64,0.0,1,False,2026-09-30,0,Wednesday,Weekday
2026-09-30 00:30:00-06:00,COR001,MP005,S003,78.0,78.0,132.0,132.0,0.0,0.0,1.0,1.0,78,78,0.0,1,False,2026-09-30,0,Wednesday,Weekday
2026-09-30 00:30:00-06:00,COR001,MP006,S003,78.0,78.0,132.0,132.0,0.0,0.0,1.0,1.0,78,78,0.0,1,False,2026-09-30,0,Wednesday,Weekday
2026-09-30 01:00:00-06:00,COR001,MP001,S001,71.0,71.0,186.0,186.0,0.0,0.0,1.0,1.0,71,71,0.0,1,False,2026-09-30,1,Wednesday,Weekday
2026-09-30 01:00:00-06:00,COR001,MP002,S001,71.0,71.0,186.0,186.0,0.0,0.0,1.0,1.0,71,71,0.0,1,False,2026-09-30,1,Wednesday,Weekday
2026-09-30 01:00:00-06:00,COR001,MP003,S002,69.0,69.0,26.0,26.0,0.0,0.0,1.0,1.0,69,69,0.0,1,False,2026-09-30,1,Wednesday,Weekday
2026-09-30 01:00:00-06:00,COR001,MP004,S002,64.0,64.0,117.0,117.0,0.0,0.0,1.0,1.0,64,64,0.0,1,False,2026-09-30,1,Wednesday,Weekday
2026-09-30 01:00:00-06:00,COR001,MP005,S003,78.0,78.0,132.0,132.0,0.0,0.0,1.0,1.0,78,78,0.0,1,False,2026-09-30,1,Wednesday,Weekday
2026-09-30 01:00:00-06:00,COR001,MP006,S003,78.0,78.0,132.0,132.0,0.0,0.0,1.0,1.0,78,78,0.0,1,False,2026-09-30,1,Wednesday,Weekday
2026-09-30 01:30:00-06:00,COR001,MP001,S001,71.0,71.0,186.0,186.0,0.0,0.0,1.0,1.0,71,71,0.0,1,False,2026-09-30,1,Wednesday,Weekday
2026-09-30 01:30:00-06:00,COR001,MP002,S001,71.0,71.0,186.0,186.0,0.0,0.0,1.0,1.0,71,71,0.0,1,False,2026-09-30,1,Wednesday,Weekday
2026-09-30 01:30:00-06:00,COR001,MP003,S002,69.0,69.0,26.0,26.0,0.0,0.0,1.0,1.0,69,69,0.0,1,False,2026-09-30,1,Wednesday,Weekday
2026-09-30 01:30:00-06:00,COR001,MP004,S002,64.0,64.0,117.0,117.0,0.0,0.0,1.0,1.0,64,64,0.0,1,False,2026-09-30,1,Wednesday,Weekday
2026-09-30 01:30:00-06:00,COR001,MP005,S003,78.0,78.0,132.0,132.0,0.0,0.0,1.0,1.0,78,78,0.0,1,False,2026-09-30,1,Wednesday,Weekday
2026-09-30 01:30:00-06:00,COR001,MP006,S003,78.0,78.0,132.0,132.0,0.0,0.0,1.0,1.0,78,78,0.0,1,False,2026-09-30,1,Wednesday,Weekday
2026-09-30 02:00:00-06:00,COR001,MP001,S001,71.0,71.0,186.0,186.0,0.0,0.0,1.0,1.0,71,71,0.0,1,False,2026-09-30,2,Wednesday,Weekday
2026-09-30 02:00:00-06:00,COR001,MP002,S001,71.0,71.0,186.0,186.0,0.0,0.0,1.0,1.0,71,71,0.0,1,False,2026-09-30,2,Wednesday,Weekday
2026-09-30 02:00:00-06:00,COR001,MP003,S002,69.0,69.0,26.0,26.0,0.0,0.0,1.0,1.0,69,69,0.0,1,False,2026-09-30,2,Wednesday,Weekday
2026-09-30 02:00:00-06:00,COR001,MP004,S002,64.0,64.0,117.0,117.0,0.0,0.0,1.0,1.0,64,64,0.0,1,False,2026-09-30,2,Wednesday,Weekday
2026-09-30 02:00:00-06:00,COR001,MP005,S003,78.0,78.0,132.0,132.0,0.0,0.0,1.0,1.0,78,78,0.0,1,False,2026-09-30,2,Wednesday,Weekday
2026-09-30 02:00:00-06:00,COR001,MP006,S003,78.0,78.0,132.0,132.0,0.0,0.0,1.0,1.0,78,78,0.0,1,False,2026-09-30,2,Wednesday,Weekday
2026-09-30 02:30:00-06:00,COR001,MP001,S001,71.0,71.0,186.0,186.0,0.0,0.0,1.0,1.0,71,71,0.0,1,False,2026-09-30,2,Wednesday,Weekday
2026-09-30 02:30:00-06:00,COR001,MP002,S001,71.0,71.0,186.0,186.0,0.0,0.0,1.0,1.0,71,71,0.0,1,False,2026-09-30,2,Wednesday,Weekday
2026-09-30 02:30:00-06:00,COR001,MP003,S002,69.0,69.0,26.0,26.0,0.0,0.0,1.0,1.0,69,69,0.0,1,False,2026-09-30,2,Wednesday,Weekday
2026-09-30 02:30:00-06:00,COR001,MP004,S002,64.0,64.0,117.0,117.0,0.0,0.0,1.0,1.0,64,64,0.0,1,False,2026-09-30,2,Wednesday,Weekday
2026-09-30 02:30:00-06:00,COR001,MP005,S003,78.0,78.0,132.0,132.0,0.0,0.0,1.0,1.0,78,78,0.0,1,False,2026-09-30,2,Wednesday,Weekday
2026-09-30 02:30:00-06:00,COR001,MP006,S003,78.0,78.0,132.0,132.0,0.0,0.0,1.0,1.0,78,78,0.0,1,False,2026-09-30,2,Wednesday,Weekday
2026-09-30 03:00:00-06:00,COR001,MP001,S001,71.0,71.0,186.0,186.0,0.0,0.0,1.0,1.0,71,71,0.0,1,False,2026-09-30,3,Wednesday,Weekday
2026-09-30 03:00:00-06:00,COR001,MP002,S001,71.0,71.0,186.0,186.0,0.0,0.0,1.0,1.0,71,71,0.0,1,False,2026-09-30,3,Wednesday,Weekday
2026-09-30 03:00:00-06:00,COR001,MP003,S002,69.0,69.0,26.0,26.0,0.0,0.0,1.0,1.0,69,69,0.0,1,False,2026-09-30,3,Wednesday,Weekday
2026-09-30 03:00:00-06:00,COR001,MP004,S002,64.0,64.0,117.0,117.0,0.0,0.0,1.0,1.0,64,64,0.0,1,False,2026-09-30,3,Wednesday,Weekday
2026-09-30 03:00:00-06:00,COR001,MP005,S003,78.0,78.0,132.0,132.0,0.0,0.0,1.0,1.0,78,78,0.0,1,False,2026-09-30,3,Wednesday,Weekday
2026-09-30 03:00:00-06:00,COR001,MP006,S003,78.0,78.0,132.0,132.0,0.0,0.0,1.0,1.0,78,78,0.0,1,False,2026-09-30,3,Wednesday,Weekday
2026-09-30 03:30:00-06:00,COR001,MP001,S001,71.0,71.0,186.0,186.0,0.0,0.0,1.0,1.0,71,71,0.0,1,False,2026-09-30,3,Wednesday,Weekday
2026-09-30 03:30:00-06:00,COR001,MP002,S001,71.0,71.0,186.0,186.0,0.0,0.0,1.0,1.0,71,71,0.0,1,False,2026-09-30,3,Wednesday,Weekday
2026-09-30 03:30:00-06:00,COR001,MP003,S002,69.0,69.0,26.0,26.0,0.0,0.0,1.0,1.0,69,69,0.0,1,False,2026-09-30,3,Wednesday,Weekday
2026-09-30 03:30:00-06:00,COR001,MP004,S002,64.0,64.0,117.0,117.0,0.0,0.0,1.0,1.0,64,64,0.0,1,False,2026-09-30,3,Wednesday,Weekday
2026-09-30 03:30:00-06:00,COR001,MP005,S003,78.0,78.0,132.0,132.0,0.0,0.0,1.0,1.0,78,78,0.0,1,False,2026-09-30,3,Wednesday,Weekday
2026-09-30 03:30:00-06:00,COR001,MP006,S003,78.0,78.0,132.0,132.0,0.0,0.0,1.0,1.0,78,78,0.0,1,False,2026-09-30,3,Wednesday,Weekday
2026-09-30 04:00:00-06:00,COR001,MP001,S001,71.0,71.0,186.0,186.0,0.0,0.0,1.0,1.0,71,71,0.0,1,False,2026-09-30,4,Wednesday,Weekday
2026-09-30 04:00:00-06:00,COR001,MP002,S001,71.0,71.0,186.0,186.0,0.0,0.0,1.0,1.0,71,71,0.0,1,False,2026-09-30,4,Wednesday,Weekday
2026-09-30 04:00:00-06:00,COR001,MP003,S002,69.0,69.0,26.0,26.0,0.0,0.0,1.0,1.0,69,69,0.0,1,False,2026-09-30,4,Wednesday,Weekday
2026-09-30 04:00:00-06:00,COR001,MP004,S002,64.0,64.0,117.0,117.0,0.0,0.0,1.0,1.0,64,64,0.0,1,False,2026-09-30,4,Wednesday,Weekday
2026-09-30 04:00:00-06:00,COR001,MP005,S003,78.0,78.0,132.0,132.0,0.0,0.0,1.0,1.0,78,78,0.0,1,False,2026-09-30,4,Wednesday,Weekday
2026-09-30 04:00:00-06:00,COR001,MP006,S003,78.0,78.0,132.0,132.0,0.0,0.0,1.0,1.0,78,78,0.0,1,False,2026-09-30,4,Wednesday,Weekday
2026-09-30 04:30:00-06:00,COR001,MP001,S001,71.0,71.0,186.0,186.0,0.0,0.0,1.0,1.0,71,71,0.0,1,False,2026-09-30,4,Wednesday,Weekday
2026-09-30 04:30:00-06:00,COR001,MP002,S001,71.0,71.0,186.0,186.0,0.0,0.0,1.0,1.0,71,71,0.0,1,False,2026-09-30,4,Wednesday,Weekday
2026-09-30 04:30:00-06:00,COR001,MP003,S002,69.0,69.0,26.0,26.0,0.0,0.0,1.0,1.0,69,69,0.0,1,False,2026-09-30,4,Wednesday,Weekday
2026-09-30 04:30:00-06:00,COR001,MP004,S002,64.0,64.0,117.0,117.0,0.0,0.0,1.0,1.0,64,64,0.0,1,False,2026-09-30,4,Wednesday,Weekday
2026-09-30 04:30:00-06:00,COR001,MP005,S003,78.0,78.0,132.0,132.0,0.0,0.0,1.0,1.0,78,78,0.0,1,False,2026-09-30,4,Wednesday,Weekday
2026-09-30 04:30:00-06:00,COR001,MP006,S003,78.0,78.0,132.0,132.0,0.0,0.0,1.0,1.0,78,78,0.0,1,False,2026-09-30,4,Wednesday,Weekday
2026-09-30 05:00:00-06:00,COR001,MP001,S001,71.0,71.0,186.0,186.0,0.0,0.0,1.0,1.0,71,71,0.0,1,False,2026-09-30,5,Wednesday,Weekday
2026-09-30 05:00:00-06:00,COR001,MP002,S001,71.0,71.0,186.0,186.0,0.0,0.0,1.0,1.0,71,71,0.0,1,False,2026-09-30,5,Wednesday,Weekday
2026-09-30 05:00:00-06:00,COR001,MP003,S002,69.0,69.0,26.0,26.0,0.0,0.0,1.0,1.0,69,69,0.0,1,False,2026-09-30,5,Wednesday,Weekday
2026-09-30 05:00:00-06:00,COR001,MP004,S002,64.0,64.0,117.0,117.0,0.0,0.0,1.0,1.0,64,64,0.0,1,False,2026-09-30,5,Wednesday,Weekday
2026-09-30 05:00:00-06:00,COR001,MP005,S003,78.0,78.0,132.0,132.0,0.0,0.0,1.0,1.0,78,78,0.0,1,False,2026-09-30,5,Wednesday,Weekday
2026-09-30 05:00:00-06:00,COR001,MP006,S003,78.0,78.0,132.0,132.0,0.0,0.0,1.0,1.0,78,78,0.0,1,False,2026-09-30,5,Wednesday,Weekday
2026-09-30 05:30:00-06:00,COR001,MP001,S001,71.0,71.0,186.0,186.0,0.0,0.0,1.0,1.0,71,71,0.0,1,False,2026-09-30,5,Wednesday,Weekday
2026-09-30 05:30:00-06:00,COR001,MP002,S001,71.0,71.0,186.0,186.0,0.0,0.0,1.0,1.0,71,71,0.0,1,False,2026-09-30,5,Wednesday,Weekday
2026-09-30 05:30:00-06:00,COR001,MP003,S002,69.0,69.0,26.0,26.0,0.0,0.0,1.0,1.0,69,69,0.0,1,False,2026-09-30,5,Wednesday,Weekday
2026-09-30 05:30:00-06:00,COR001,MP004,S002,64.0,64.0,117.0,117.0,0.0,0.0,1.0,1.0,64,64,0.0,1,False,2026-09-30,5,Wednesday,Weekday
2026-09-30 05:30:00-06:00,COR001,MP005,S003,69.0,78.0,149.0,132.0,17.0,11.538461538461538,1.128787878787879,0.974758,69,69,0.0,1,False,2026-09-30,5,Wednesday,Weekday
2026-09-30 05:30:00-06:00,COR001,MP006,S003,69.0,78.0,149.0,132.0,17.0,11.538461538461538,1.128787878787879,0.974758,69,69,0.0,1,False,2026-09-30,5,Wednesday,Weekday
2026-09-30 06:00:00-06:00,COR001,MP001,S001,71.0,71.0,186.0,186.0,0.0,0.0,1.0,1.0,71,71,0.0,1,False,2026-09-30,6,Wednesday,Weekday
2026-09-30 06:00:00-06:00,COR001,MP002,S001,71.0,71.0,186.0,186.0,0.0,0.0,1.0,1.0,71,71,0.0,1,False,2026-09-30,6,Wednesday,Weekday
2026-09-30 06:00:00-06:00,COR001,MP003,S002,69.0,69.0,26.0,26.0,0.0,0.0,1.0,1.0,69,69,0.0,1,False,2026-09-30,6,Wednesday,Weekday
2026-09-30 06:00:00-06:00,COR001,MP004,S002,64.0,64.0,117.0,117.0,0.0,0.0,1.0,1.0,64,64,0.0,1,False,2026-09-30,6,Wednesday,Weekday
2026-09-30 06:00:00-06:00,COR001,MP005,S003,78.0,78.0,132.0,132.0,0.0,0.0,1.0,1.0,78,78,0.0,1,False,2026-09-30,6,Wednesday,Weekday
2026-09-30 06:00:00-06:00,COR001,MP006,S003,78.0,78.0,132.0,132.0,0.0,0.0,1.0,1.0,78,78,0.0,1,False,2026-09-30,6,Wednesday,Weekday
2026-09-30 06:30:00-06:00,COR001,MP001,S001,71.0,71.0,186.0,186.0,0.0,0.0,1.0,1.0,71,71,0.0,1,False,2026-09-30,6,Wednesday,Weekday
2026-09-30 06:30:00-06:00,COR001,MP002,S001,71.0,71.0,186.0,186.0,0.0,0.0,1.0,1.0,71,71,0.0,1,False,2026-09-30,6,Wednesday,Weekday
2026-09-30 06:30:00-06:00,COR001,MP003,S002,69.0,69.0,26.0,26.0,0.0,0.0,1.0,1.0,69,69,0.0,1,False,2026-09-30,6,Wednesday,Weekday
2026-09-30 06:30:00-06:00,COR001,MP004,S002,50.0,64.0,150.0,117.0,33.0,21.875,1.2820512820512822,0.995548,50,50,0.0,1,False,2026-09-30,6,Wednesday,Weekday
2026-09-30 06:30:00-06:00,COR001,MP005,S003,78.0,78.0,132.0,132.0,0.0,0.0,1.0,1.0,78,78,0.0,1,False,2026-09-30,6,Wednesday,Weekday
2026-09-30 06:30:00-06:00,COR001,MP006,S003,78.0,78.0,132.0,132.0,0.0,0.0,1.0,1.0,78,78,0.0,1,False,2026-09-30,6,Wednesday,Weekday
2026-09-30 07:00:00-06:00,COR001,MP001,S001,71.0,71.0,186.0,186.0,0.0,0.0,1.0,1.0,71,71,0.0,1,False,2026-09-30,7,Wednesday,Weekday
2026-09-30 07:00:00-06:00,COR001,MP002,S001,71.0,71.0,186.0,186.0,0.0,0.0,1.0,1.0,71,71,0.0,1,False,2026-09-30,7,Wednesday,Weekday
2026-09-30 07:00:00-06:00,COR001,MP003,S002,69.0,69.0,26.0,26.0,0.0,0.0,1.0,1.0,69,69,0.0,1,False,2026-09-30,7,Wednesday,Weekday
2026-09-30 07:00:00-06:00,COR001,MP004,S002,51.0,63.0,147.0,119.0,28.0,19.047619047619047,1.2352941176470589,1.0,51,51,0.0,1,False,2026-09-30,7,Wednesday,Weekday
2026-09-30 07:00:00-06:00,COR001,MP005,S003,78.0,78.0,132.0,132.0,0.0,0.0,1.0,1.0,78,78,0.0,1,False,2026-09-30,7,Wednesday,Weekday
2026-09-30 07:00:00-06:00,COR001,MP006,S003,78.0,78.0,132.0,132.0,0.0,0.0,1.0,1.0,78,78,0.0,1,False,2026-09-30,7,Wednesday,Weekday
2026-09-30 07:30:00-06:00,COR001,MP001,S001,71.0,71.0,186.0,186.0,0.0,0.0,1.0,1.0,71,71,0.0,1,False,2026-09-30,7,Wednesday,Weekday
2026-09-30 07:30:00-06:00,COR001,MP002,S001,71.0,71.0,186.0,186.0,0.0,0.0,1.0,1.0,71,71,0.0,1,False,2026-09-30,7,Wednesday,Weekday
2026-09-30 07:30:00-06:00,COR001,MP003,S002,69.0,69.0,26.0,26.0,0.0,0.0,1.0,1.0,69,69,0.0,1,False,2026-09-30,7,Wednesday,Weekday
2026-09-30 07:30:00-06:00,COR001,MP004,S002,19.0,64.0,395.0,117.0,278.0,70.3125,3.376068376068376,1.0,19,19,0.0,1,False,2026-09-30,7,Wednesday,Weekday
2026-09-30 07:30:00-06:00,COR001,MP005,S003,56.0,78.0,184.0,132.0,52.0,28.205128205128204,1.393939393939394,1.0,56,56,0.0,1,False,2026-09-30,7,Wednesday,Weekday
2026-09-30 07:30:00-06:00,COR001,MP006,S003,56.0,78.0,184.0,132.0,52.0,28.205128205128204,1.393939393939394,1.0,56,56,0.0,1,False,2026-09-30,7,Wednesday,Weekday
2026-09-30 08:00:00-06:00,COR001,MP001,S001,71.0,71.0,186.0,186.0,0.0,0.0,1.0,1.0,71,71,0.0,1,False,2026-09-30,8,Wednesday,Weekday
2026-09-30 08:00:00-06:00,COR001,MP002,S001,71.0,71.0,186.0,186.0,0.0,0.0,1.0,1.0,71,71,0.0,1,False,2026-09-30,8,Wednesday,Weekday
2026-09-30 08:00:00-06:00,COR001,MP003,S002,69.0,69.0,26.0,26.0,0.0,0.0,1.0,1.0,69,69,0.0,1,False,2026-09-30,8,Wednesday,Weekday
2026-09-30 08:00:00-06:00,COR001,MP004,S002,22.0,62.0,341.0,121.0,220.0,64.51612903225806,2.8181818181818183,0.998276,22,22,0.0,1,False,2026-09-30,8,Wednesday,Weekday
2026-09-30 08:00:00-06:00,COR001,MP005,S003,52.0,78.0,198.0,132.0,66.0,33.33333333333333,1.5,1.0,52,52,0.0,1,False,2026-09-30,8,Wednesday,Weekday
2026-09-30 08:00:00-06:00,COR001,MP006,S003,52.0,78.0,198.0,132.0,66.0,33.33333333333333,1.5,1.0,52,52,0.0,1,False,2026-09-30,8,Wednesday,Weekday
2026-09-30 08:30:00-06:00,COR001,MP001,S001,71.0,71.0,186.0,186.0,0.0,0.0,1.0,1.0,71,71,0.0,1,False,2026-09-30,8,Wednesday,Weekday
2026-09-30 08:30:00-06:00,COR001,MP002,S001,71.0,71.0,186.0,186.0,0.0,0.0,1.0,1.0,71,71,0.0,1,False,2026-09-30,8,Wednesday,Weekday
2026-09-30 08:30:00-06:00,COR001,MP003,S002,69.0,69.0,26.0,26.0,0.0,0.0,1.0,1.0,69,69,0.0,1,False,2026-09-30,8,Wednesday,Weekday
2026-09-30 08:30:00-06:00,COR001,MP004,S002,41.0,63.0,183.0,119.0,64.0,34.92063492063492,1.5378151260504205,1.0,41,41,0.0,1,False,2026-09-30,8,Wednesday,Weekday
2026-09-30 08:30:00-06:00,COR001,MP005,S003,52.0,78.0,198.0,132.0,66.0,33.33333333333333,1.5,1.0,52,52,0.0,1,False,2026-09-30,8,Wednesday,Weekday
2026-09-30 08:30:00-06:00,COR001,MP006,S003,52.0,78.0,198.0,132.0,66.0,33.33333333333333,1.5,1.0,52,52,0.0,1,False,2026-09-30,8,Wednesday,Weekday
2026-09-30 09:00:00-06:00,COR001,MP001,S001,56.0,70.0,236.0,189.0,47.0,20.0,1.2486772486772486,1.0,56,56,0.0,1,False,2026-09-30,9,Wednesday,Weekday
2026-09-30 09:00:00-06:00,COR001,MP002,S001,56.0,70.0,236.0,189.0,47.0,20.0,1.2486772486772486,1.0,56,56,0.0,1,False,2026-09-30,9,Wednesday,Weekday
2026-09-30 09:00:00-06:00,COR001,MP003,S002,69.0,69.0,26.0,26.0,0.0,0.0,1.0,1.0,69,69,0.0,1,False,2026-09-30,9,Wednesday,Weekday
2026-09-30 09:00:00-06:00,COR001,MP004,S002,64.0,64.0,117.0,117.0,0.0,0.0,1.0,1.0,64,64,0.0,1,False,2026-09-30,9,Wednesday,Weekday
2026-09-30 09:00:00-06:00,COR001,MP005,S003,55.0,78.0,187.0,132.0,55.0,29.48717948717949,1.4166666666666667,1.0,55,55,0.0,1,False,2026-09-30,9,Wednesday,Weekday
2026-09-30 09:00:00-06:00,COR001,MP006,S003,55.0,78.0,187.0,132.0,55.0,29.48717948717949,1.4166666666666667,1.0,55,55,0.0,1,False,2026-09-30,9,Wednesday,Weekday
2026-09-30 09:30:00-06:00,COR001,MP001,S001,71.0,71.0,186.0,186.0,0.0,0.0,1.0,1.0,71,71,0.0,1,False,2026-09-30,9,Wednesday,Weekday
2026-09-30 09:30:00-06:00,COR001,MP002,S001,71.0,71.0,186.0,186.0,0.0,0.0,1.0,1.0,71,71,0.0,1,False,2026-09-30,9,Wednesday,Weekday
2026-09-30 09:30:00-06:00,COR001,MP003,S002,69.0,69.0,26.0,26.0,0.0,0.0,1.0,1.0,69,69,0.0,1,False,2026-09-30,9,Wednesday,Weekday
2026-09-30 09:30:00-06:00,COR001,MP004,S002,48.0,63.0,156.0,119.0,37.0,23.809523809523807,1.3109243697478992,0.99684,48,48,0.0,1,False,2026-09-30,9,Wednesday,Weekday
2026-09-30 09:30:00-06:00,COR001,MP005,S003,59.0,77.0,174.0,133.0,41.0,23.37662337662337,1.3082706766917294,1.0,59,59,0.0,1,False,2026-09-30,9,Wednesday,Weekday
2026-09-30 09:30:00-06:00,COR001,MP006,S003,59.0,77.0,174.0,133.0,41.0,23.37662337662337,1.3082706766917294,1.0,59,59,0.0,1,False,2026-09-30,9,Wednesday,Weekday
2026-09-30 10:00:00-06:00,COR001,MP001,S001,71.0,71.0,186.0,186.0,0.0,0.0,1.0,1.0,71,71,0.0,1,False,2026-09-30,10,Wednesday,Weekday
2026-09-30 10:00:00-06:00,COR001,MP002,S001,71.0,71.0,186.0,186.0,0.0,0.0,1.0,1.0,71,71,0.0,1,False,2026-09-30,10,Wednesday,Weekday
2026-09-30 10:00:00-06:00,COR001,MP003,S002,57.0,69.0,31.0,26.0,5.0,17.391304347826086,1.1923076923076923,1.0,57,57,0.0,1,False,2026-09-30,10,Wednesday,Weekday
2026-09-30 10:00:00-06:00,COR001,MP004,S002,40.0,64.0,187.0,117.0,70.0,37.5,1.5982905982905984,1.0,40,40,0.0,1,False,2026-09-30,10,Wednesday,Weekday
2026-09-30 10:00:00-06:00,COR001,MP005,S003,58.0,77.0,177.0,133.0,44.0,24.67532467532468,1.330827067669173,1.0,58,58,0.0,1,False,2026-09-30,10,Wednesday,Weekday
2026-09-30 10:00:00-06:00,COR001,MP006,S003,58.0,77.0,177.0,133.0,44.0,24.67532467532468,1.330827067669173,1.0,58,58,0.0,1,False,2026-09-30,10,Wednesday,Weekday
2026-09-30 10:30:00-06:00,COR001,MP001,S001,71.0,71.0,186.0,186.0,0.0,0.0,1.0,1.0,71,71,0.0,1,False,2026-09-30,10,Wednesday,Weekday
2026-09-30 10:30:00-06:00,COR001,MP002,S001,71.0,71.0,186.0,186.0,0.0,0.0,1.0,1.0,71,71,0.0,1,False,2026-09-30,10,Wednesday,Weekday
2026-09-30 10:30:00-06:00,COR001,MP003,S002,69.0,69.0,26.0,26.0,0.0,0.0,1.0,1.0,69,69,0.0,1,False,2026-09-30,10,Wednesday,Weekday
2026-09-30 10:30:00-06:00,COR001,MP004,S002,64.0,64.0,117.0,117.0,0.0,0.0,1.0,1.0,64,64,0.0,1,False,2026-09-30,10,Wednesday,Weekday
2026-09-30 10:30:00-06:00,COR001,MP005,S003,78.0,78.0,132.0,132.0,0.0,0.0,1.0,1.0,78,78,0.0,1,False,2026-09-30,10,Wednesday,Weekday
2026-09-30 10:30:00-06:00,COR001,MP006,S003,78.0,78.0,132.0,132.0,0.0,0.0,1.0,1.0,78,78,0.0,1,False,2026-09-30,10,Wednesday,Weekday
2026-09-30 11:00:00-06:00,COR001,MP001,S001,71.0,71.0,186.0,186.0,0.0,0.0,1.0,1.0,71,71,0.0,1,False,2026-09-30,11,Wednesday,Weekday
2026-09-30 11:00:00-06:00,COR001,MP002,S001,71.0,71.0,186.0,186.0,0.0,0.0,1.0,1.0,71,71,0.0,1,False,2026-09-30,11,Wednesday,Weekday
2026-09-30 11:00:00-06:00,COR001,MP003,S002,69.0,69.0,26.0,26.0,0.0,0.0,1.0,1.0,69,69,0.0,1,False,2026-09-30,11,Wednesday,Weekday
2026-09-30 11:00:00-06:00,COR001,MP004,S002,64.0,64.0,117.0,117.0,0.0,0.0,1.0,1.0,64,64,0.0,1,False,2026-09-30,11,Wednesday,Weekday
2026-09-30 11:00:00-06:00,COR001,MP005,S003,78.0,78.0,132.0,132.0,0.0,0.0,1.0,1.0,78,78,0.0,1,False,2026-09-30,11,Wednesday,Weekday
2026-09-30 11:00:00-06:00,COR001,MP006,S003,78.0,78.0,132.0,132.0,0.0,0.0,1.0,1.0,78,78,0.0,1,False,2026-09-30,11,Wednesday,Weekday
2026-09-30 11:30:00-06:00,COR001,MP001,S001,71.0,71.0,186.0,186.0,0.0,0.0,1.0,1.0,71,71,0.0,1,False,2026-09-30,11,Wednesday,Weekday
2026-09-30 11:30:00-06:00,COR001,MP002,S001,71.0,71.0,186.0,186.0,0.0,0.0,1.0,1.0,71,71,0.0,1,False,2026-09-30,11,Wednesday,Weekday
2026-09-30 11:30:00-06:00,COR001,MP003,S002,69.0,69.0,26.0,26.0,0.0,0.0,1.0,1.0,69,69,0.0,1,False,2026-09-30,11,Wednesday,Weekday
2026-09-30 11:30:00-06:00,COR001,MP004,S002,64.0,64.0,117.0,117.0,0.0,0.0,1.0,1.0,64,64,0.0,1,False,2026-09-30,11,Wednesday,Weekday
2026-09-30 11:30:00-06:00,COR001,MP005,S003,78.0,78.0,132.0,132.0,0.0,0.0,1.0,1.0,78,78,0.0,1,False,2026-09-30,11,Wednesday,Weekday
2026-09-30 11:30:00-06:00,COR001,MP006,S003,78.0,78.0,132.0,132.0,0.0,0.0,1.0,1.0,78,78,0.0,1,False,2026-09-30,11,Wednesday,Weekday
2026-09-30 12:00:00-06:00,COR001,MP001,S001,71.0,71.0,186.0,186.0,0.0,0.0,1.0,1.0,71,71,0.0,1,False,2026-09-30,12,Wednesday,Weekday
2026-09-30 12:00:00-06:00,COR001,MP002,S001,71.0,71.0,186.0,186.0,0.0,0.0,1.0,1.0,71,71,0.0,1,False,2026-09-30,12,Wednesday,Weekday
2026-09-30 12:00:00-06:00,COR001,MP003,S002,69.0,69.0,26.0,26.0,0.0,0.0,1.0,1.0,69,69,0.0,1,False,2026-09-30,12,Wednesday,Weekday
2026-09-30 12:00:00-06:00,COR001,MP004,S002,64.0,64.0,117.0,117.0,0.0,0.0,1.0,1.0,64,64,0.0,1,False,2026-09-30,12,Wednesday,Weekday
2026-09-30 12:00:00-06:00,COR001,MP005,S003,78.0,78.0,132.0,132.0,0.0,0.0,1.0,1.0,78,78,0.0,1,False,2026-09-30,12,Wednesday,Weekday
2026-09-30 12:00:00-06:00,COR001,MP006,S003,78.0,78.0,132.0,132.0,0.0,0.0,1.0,1.0,78,78,0.0,1,False,2026-09-30,12,Wednesday,Weekday
2026-09-30 12:30:00-06:00,COR001,MP001,S001,71.0,71.0,186.0,186.0,0.0,0.0,1.0,1.0,71,71,0.0,1,False,2026-09-30,12,Wednesday,Weekday
2026-09-30 12:30:00-06:00,COR001,MP002,S001,71.0,71.0,186.0,186.0,0.0,0.0,1.0,1.0,71,71,0.0,1,False,2026-09-30,12,Wednesday,Weekday
2026-09-30 12:30:00-06:00,COR001,MP003,S002,36.0,69.0,50.0,26.0,24.0,47.82608695652174,1.9230769230769231,1.0,36,36,0.0,1,False,2026-09-30,12,Wednesday,Weekday
2026-09-30 12:30:00-06:00,COR001,MP004,S002,53.0,64.0,141.0,117.0,24.0,17.1875,1.205128205128205,1.0,53,53,0.0,1,False,2026-09-30,12,Wednesday,Weekday
2026-09-30 12:30:00-06:00,COR001,MP005,S003,58.0,78.0,177.0,132.0,45.0,25.64102564102564,1.3409090909090908,1.0,58,58,0.0,1,False,2026-09-30,12,Wednesday,Weekday
2026-09-30 12:30:00-06:00,COR001,MP006,S003,58.0,78.0,177.0,132.0,45.0,25.64102564102564,1.3409090909090908,1.0,58,58,0.0,1,False,2026-09-30,12,Wednesday,Weekday
2026-09-30 13:00:00-06:00,COR001,MP001,S001,71.0,71.0,186.0,186.0,0.0,0.0,1.0,1.0,71,71,0.0,1,False,2026-09-30,13,Wednesday,Weekday
2026-09-30 13:00:00-06:00,COR001,MP002,S001,71.0,71.0,186.0,186.0,0.0,0.0,1.0,1.0,71,71,0.0,1,False,2026-09-30,13,Wednesday,Weekday
2026-09-30 13:00:00-06:00,COR001,MP003,S002,56.0,69.0,32.0,26.0,6.0,18.84057971014493,1.2307692307692308,1.0,56,56,0.0,1,False,2026-09-30,13,Wednesday,Weekday
2026-09-30 13:00:00-06:00,COR001,MP004,S002,44.0,64.0,170.0,117.0,53.0,31.25,1.452991452991453,0.998276,44,44,0.0,1,False,2026-09-30,13,Wednesday,Weekday
2026-09-30 13:00:00-06:00,COR001,MP005,S003,78.0,78.0,132.0,132.0,0.0,0.0,1.0,1.0,78,78,0.0,1,False,2026-09-30,13,Wednesday,Weekday
2026-09-30 13:00:00-06:00,COR001,MP006,S003,78.0,78.0,132.0,132.0,0.0,0.0,1.0,1.0,78,78,0.0,1,False,2026-09-30,13,Wednesday,Weekday
2026-09-30 13:30:00-06:00,COR001,MP001,S001,71.0,71.0,186.0,186.0,0.0,0.0,1.0,1.0,71,71,0.0,1,False,2026-09-30,13,Wednesday,Weekday
2026-09-30 13:30:00-06:00,COR001,MP002,S001,71.0,71.0,186.0,186.0,0.0,0.0,1.0,1.0,71,71,0.0,1,False,2026-09-30,13,Wednesday,Weekday
2026-09-30 13:30:00-06:00,COR001,MP003,S002,43.0,69.0,42.0,26.0,16.0,37.68115942028986,1.6153846153846154,1.0,43,43,0.0,1,False,2026-09-30,13,Wednesday,Weekday
2026-09-30 13:30:00-06:00,COR001,MP004,S002,41.0,64.0,183.0,117.0,66.0,35.9375,1.564102564102564,0.998276,41,41,0.0,1,False,2026-09-30,13,Wednesday,Weekday
2026-09-30 13:30:00-06:00,COR001,MP005,S003,51.0,77.0,202.0,133.0,69.0,33.76623376623377,1.518796992481203,1.0,51,51,0.0,1,False,2026-09-30,13,Wednesday,Weekday
2026-09-30 13:30:00-06:00,COR001,MP006,S003,51.0,77.0,202.0,133.0,69.0,33.76623376623377,1.518796992481203,1.0,51,51,0.0,1,False,2026-09-30,13,Wednesday,Weekday
2026-09-30 14:00:00-06:00,COR001,MP001,S001,45.0,70.0,294.0,189.0,105.0,35.714285714285715,1.5555555555555556,1.0,45,45,0.0,1,False,2026-09-30,14,Wednesday,Weekday
2026-09-30 14:00:00-06:00,COR001,MP002,S001,45.0,70.0,294.0,189.0,105.0,35.714285714285715,1.5555555555555556,1.0,45,45,0.0,1,False,2026-09-30,14,Wednesday,Weekday
2026-09-30 14:00:00-06:00,COR001,MP003,S002,42.0,69.0,43.0,26.0,17.0,39.130434782608695,1.6538461538461535,1.0,42,42,0.0,1,False,2026-09-30,14,Wednesday,Weekday
2026-09-30 14:00:00-06:00,COR001,MP004,S002,41.0,64.0,183.0,117.0,66.0,35.9375,1.564102564102564,1.0,41,41,0.0,1,False,2026-09-30,14,Wednesday,Weekday
2026-09-30 14:00:00-06:00,COR001,MP005,S003,45.0,77.0,229.0,133.0,96.0,41.55844155844156,1.7218045112781954,1.0,45,45,0.0,1,False,2026-09-30,14,Wednesday,Weekday
2026-09-30 14:00:00-06:00,COR001,MP006,S003,45.0,77.0,229.0,133.0,96.0,41.55844155844156,1.7218045112781954,1.0,45,45,0.0,1,False,2026-09-30,14,Wednesday,Weekday
2026-09-30 14:30:00-06:00,COR001,MP001,S001,57.0,70.0,232.0,189.0,43.0,18.571428571428573,1.2275132275132274,1.0,57,57,0.0,1,False,2026-09-30,14,Wednesday,Weekday
2026-09-30 14:30:00-06:00,COR001,MP002,S001,57.0,70.0,232.0,189.0,43.0,18.571428571428573,1.2275132275132274,1.0,57,57,0.0,1,False,2026-09-30,14,Wednesday,Weekday
2026-09-30 14:30:00-06:00,COR001,MP003,S002,44.0,69.0,41.0,26.0,15.0,36.231884057971016,1.5769230769230769,1.0,44,44,0.0,1,False,2026-09-30,14,Wednesday,Weekday
2026-09-30 14:30:00-06:00,COR001,MP004,S002,16.0,62.0,469.0,121.0,348.0,74.19354838709677,3.87603305785124,1.0,16,16,0.0,1,False,2026-09-30,14,Wednesday,Weekday
2026-09-30 14:30:00-06:00,COR001,MP005,S003,46.0,78.0,224.0,132.0,92.0,41.02564102564102,1.696969696969697,1.0,46,46,0.0,1,False,2026-09-30,14,Wednesday,Weekday
2026-09-30 14:30:00-06:00,COR001,MP006,S003,46.0,78.0,224.0,132.0,92.0,41.02564102564102,1.696969696969697,1.0,46,46,0.0,1,False,2026-09-30,14,Wednesday,Weekday
2026-09-30 15:00:00-06:00,COR001,MP001,S001,54.0,71.0,245.0,186.0,59.0,23.943661971830984,1.3172043010752688,1.0,54,54,0.0,1,False,2026-09-30,15,Wednesday,Weekday
2026-09-30 15:00:00-06:00,COR001,MP002,S001,54.0,71.0,245.0,186.0,59.0,23.943661971830984,1.3172043010752688,1.0,54,54,0.0,1,False,2026-09-30,15,Wednesday,Weekday
2026-09-30 15:00:00-06:00,COR001,MP003,S002,11.0,67.0,165.0,27.0,138.0,83.5820895522388,6.111111111111111,1.0,11,11,0.0,1,False,2026-09-30,15,Wednesday,Weekday
2026-09-30 15:00:00-06:00,COR001,MP004,S002,9.0,67.0,835.0,112.0,723.0,86.56716417910447,7.455357142857143,1.0,9,9,0.0,1,False,2026-09-30,15,Wednesday,Weekday
2026-09-30 15:00:00-06:00,COR001,MP005,S003,58.0,78.0,177.0,132.0,45.0,25.64102564102564,1.3409090909090908,1.0,58,58,0.0,1,False,2026-09-30,15,Wednesday,Weekday
2026-09-30 15:00:00-06:00,COR001,MP006,S003,58.0,78.0,177.0,132.0,45.0,25.64102564102564,1.3409090909090908,1.0,58,58,0.0,1,False,2026-09-30,15,Wednesday,Weekday
2026-09-30 15:30:00-06:00,COR001,MP001,S001,44.0,70.0,301.0,189.0,112.0,37.142857142857146,1.5925925925925926,0.999245,44,44,0.0,1,False,2026-09-30,15,Wednesday,Weekday
2026-09-30 15:30:00-06:00,COR001,MP002,S001,44.0,70.0,301.0,189.0,112.0,37.142857142857146,1.5925925925925926,0.999245,44,44,0.0,1,False,2026-09-30,15,Wednesday,Weekday
2026-09-30 15:30:00-06:00,COR001,MP003,S002,11.0,70.0,165.0,26.0,139.0,84.28571428571429,6.346153846153846,0.99,11,11,0.0,1,False,2026-09-30,15,Wednesday,Weekday
2026-09-30 15:30:00-06:00,COR001,MP004,S002,9.0,63.0,835.0,119.0,716.0,85.71428571428571,7.016806722689076,1.0,9,9,0.0,1,False,2026-09-30,15,Wednesday,Weekday
2026-09-30 15:30:00-06:00,COR001,MP005,S003,57.0,78.0,180.0,132.0,48.0,26.923076923076923,1.3636363636363635,1.0,57,57,0.0,1,False,2026-09-30,15,Wednesday,Weekday
2026-09-30 15:30:00-06:00,COR001,MP006,S003,57.0,78.0,180.0,132.0,48.0,26.923076923076923,1.3636363636363635,1.0,57,57,0.0,1,False,2026-09-30,15,Wednesday,Weekday
2026-09-30 16:00:00-06:00,COR001,MP001,S001,40.0,70.0,331.0,189.0,142.0,42.85714285714285,1.7513227513227514,0.986254,40,40,0.0,1,False,2026-09-30,16,Wednesday,Weekday
2026-09-30 16:00:00-06:00,COR001,MP002,S001,40.0,70.0,331.0,189.0,142.0,42.85714285714285,1.7513227513227514,0.986254,40,40,0.0,1,False,2026-09-30,16,Wednesday,Weekday
2026-09-30 16:00:00-06:00,COR001,MP003,S002,9.0,67.0,202.0,27.0,175.0,86.56716417910447,7.481481481481482,0.98,9,9,0.0,1,False,2026-09-30,16,Wednesday,Weekday
2026-09-30 16:00:00-06:00,COR001,MP004,S002,9.0,61.0,835.0,123.0,712.0,85.24590163934425,6.788617886178862,1.0,9,9,0.0,1,False,2026-09-30,16,Wednesday,Weekday
2026-09-30 16:00:00-06:00,COR001,MP005,S003,60.0,77.0,171.0,133.0,38.0,22.07792207792208,1.2857142857142858,1.0,60,60,0.0,1,False,2026-09-30,16,Wednesday,Weekday
2026-09-30 16:00:00-06:00,COR001,MP006,S003,60.0,77.0,171.0,133.0,38.0,22.07792207792208,1.2857142857142858,1.0,60,60,0.0,1,False,2026-09-30,16,Wednesday,Weekday
2026-09-30 16:30:00-06:00,COR001,MP001,S001,32.0,71.0,414.0,186.0,228.0,54.929577464788736,2.225806451612903,0.990073,32,32,0.0,1,False,2026-09-30,16,Wednesday,Weekday
2026-09-30 16:30:00-06:00,COR001,MP002,S001,32.0,71.0,414.0,186.0,228.0,54.929577464788736,2.225806451612903,0.990073,32,32,0.0,1,False,2026-09-30,16,Wednesday,Weekday
2026-09-30 16:30:00-06:00,COR001,MP003,S002,11.0,70.0,165.0,26.0,139.0,84.28571428571429,6.346153846153846,0.99,11,11,0.0,1,False,2026-09-30,16,Wednesday,Weekday
2026-09-30 16:30:00-06:00,COR001,MP004,S002,14.0,64.0,537.0,117.0,420.0,78.125,4.589743589743589,1.0,14,14,0.0,1,False,2026-09-30,16,Wednesday,Weekday
2026-09-30 16:30:00-06:00,COR001,MP005,S003,54.0,77.0,190.0,133.0,57.0,29.87012987012987,1.4285714285714286,1.0,54,54,0.0,1,False,2026-09-30,16,Wednesday,Weekday
2026-09-30 16:30:00-06:00,COR001,MP006,S003,54.0,77.0,190.0,133.0,57.0,29.87012987012987,1.4285714285714286,1.0,54,54,0.0,1,False,2026-09-30,16,Wednesday,Weekday
2026-09-30 17:00:00-06:00,COR001,MP001,S001,35.0,69.0,378.0,192.0,186.0,49.275362318840585,1.96875,0.993267,35,35,0.0,1,False,2026-09-30,17,Wednesday,Weekday
2026-09-30 17:00:00-06:00,COR001,MP002,S001,35.0,69.0,378.0,192.0,186.0,49.275362318840585,1.96875,0.993267,35,35,0.0,1,False,2026-09-30,17,Wednesday,Weekday
2026-09-30 17:00:00-06:00,COR001,MP003,S002,11.0,67.0,165.0,27.0,138.0,83.5820895522388,6.111111111111111,0.99,11,11,0.0,1,False,2026-09-30,17,Wednesday,Weekday
2026-09-30 17:00:00-06:00,COR001,MP004,S002,11.0,62.0,683.0,121.0,562.0,82.25806451612904,5.644628099173554,1.0,11,11,0.0,1,False,2026-09-30,17,Wednesday,Weekday
2026-09-30 17:00:00-06:00,COR001,MP005,S003,52.0,77.0,198.0,133.0,65.0,32.467532467532465,1.4887218045112782,1.0,52,52,0.0,1,False,2026-09-30,17,Wednesday,Weekday
2026-09-30 17:00:00-06:00,COR001,MP006,S003,52.0,77.0,198.0,133.0,65.0,32.467532467532465,1.4887218045112782,1.0,52,52,0.0,1,False,2026-09-30,17,Wednesday,Weekday
2026-09-30 17:30:00-06:00,COR001,MP001,S001,43.0,71.0,308.0,186.0,122.0,39.436619718309856,1.6559139784946235,1.0,43,43,0.0,1,False,2026-09-30,17,Wednesday,Weekday
2026-09-30 17:30:00-06:00,COR001,MP002,S001,43.0,71.0,308.0,186.0,122.0,39.436619718309856,1.6559139784946235,1.0,43,43,0.0,1,False,2026-09-30,17,Wednesday,Weekday
2026-09-30 17:30:00-06:00,COR001,MP003,S002,13.0,66.0,140.0,27.0,113.0,80.3030303030303,5.185185185185185,1.0,13,13,0.0,1,False,2026-09-30,17,Wednesday,Weekday
2026-09-30 17:30:00-06:00,COR001,MP004,S002,11.0,61.0,683.0,123.0,560.0,81.9672131147541,5.5528455284552845,1.0,11,11,0.0,1,False,2026-09-30,17,Wednesday,Weekday
2026-09-30 17:30:00-06:00,COR001,MP005,S003,46.0,77.0,224.0,133.0,91.0,40.25974025974026,1.6842105263157894,1.0,46,46,0.0,1,False,2026-09-30,17,Wednesday,Weekday
2026-09-30 17:30:00-06:00,COR001,MP006,S003,46.0,77.0,224.0,133.0,91.0,40.25974025974026,1.6842105263157894,1.0,46,46,0.0,1,False,2026-09-30,17,Wednesday,Weekday
2026-09-30 18:00:00-06:00,COR001,MP001,S001,39.0,69.0,339.0,192.0,147.0,43.47826086956522,1.765625,0.996784,39,39,0.0,1,False,2026-09-30,18,Wednesday,Weekday
2026-09-30 18:00:00-06:00,COR001,MP002,S001,39.0,69.0,339.0,192.0,147.0,43.47826086956522,1.765625,0.996784,39,39,0.0,1,False,2026-09-30,18,Wednesday,Weekday
2026-09-30 18:00:00-06:00,COR001,MP003,S002,11.0,67.0,165.0,27.0,138.0,83.5820895522388,6.111111111111111,0.99,11,11,0.0,1,False,2026-09-30,18,Wednesday,Weekday
2026-09-30 18:00:00-06:00,COR001,MP004,S002,11.0,65.0,683.0,115.0,568.0,83.07692307692308,5.939130434782609,1.0,11,11,0.0,1,False,2026-09-30,18,Wednesday,Weekday
2026-09-30 18:00:00-06:00,COR001,MP005,S003,56.0,77.0,184.0,133.0,51.0,27.27272727272727,1.3834586466165413,1.0,56,56,0.0,1,False,2026-09-30,18,Wednesday,Weekday
2026-09-30 18:00:00-06:00,COR001,MP006,S003,56.0,77.0,184.0,133.0,51.0,27.27272727272727,1.3834586466165413,1.0,56,56,0.0,1,False,2026-09-30,18,Wednesday,Weekday
2026-09-30 18:30:00-06:00,COR001,MP001,S001,33.0,71.0,401.0,186.0,215.0,53.52112676056338,2.1559139784946235,0.997031,33,33,0.0,1,False,2026-09-30,18,Wednesday,Weekday
2026-09-30 18:30:00-06:00,COR001,MP002,S001,33.0,71.0,401.0,186.0,215.0,53.52112676056338,2.1559139784946235,0.997031,33,33,0.0,1,False,2026-09-30,18,Wednesday,Weekday
2026-09-30 18:30:00-06:00,COR001,MP003,S002,14.0,70.0,130.0,26.0,104.0,80.0,5.0,0.99,14,14,0.0,1,False,2026-09-30,18,Wednesday,Weekday
2026-09-30 18:30:00-06:00,COR001,MP004,S002,11.0,64.0,683.0,117.0,566.0,82.8125,5.837606837606837,1.0,11,11,0.0,1,False,2026-09-30,18,Wednesday,Weekday
2026-09-30 18:30:00-06:00,COR001,MP005,S003,44.0,77.0,234.0,133.0,101.0,42.85714285714285,1.7593984962406015,1.0,44,44,0.0,1,False,2026-09-30,18,Wednesday,Weekday
2026-09-30 18:30:00-06:00,COR001,MP006,S003,44.0,77.0,234.0,133.0,101.0,42.85714285714285,1.7593984962406015,1.0,44,44,0.0,1,False,2026-09-30,18,Wednesday,Weekday
2026-09-30 19:00:00-06:00,COR001,MP001,S001,41.0,70.0,323.0,189.0,134.0,41.42857142857143,1.708994708994709,0.999245,41,41,0.0,1,False,2026-09-30,19,Wednesday,Weekday
2026-09-30 19:00:00-06:00,COR001,MP002,S001,41.0,70.0,323.0,189.0,134.0,41.42857142857143,1.708994708994709,0.999245,41,41,0.0,1,False,2026-09-30,19,Wednesday,Weekday
2026-09-30 19:00:00-06:00,COR001,MP003,S002,10.0,67.0,182.0,27.0,155.0,85.07462686567165,6.7407407407407405,0.99,10,10,0.0,1,False,2026-09-30,19,Wednesday,Weekday
2026-09-30 19:00:00-06:00,COR001,MP004,S002,13.0,66.0,578.0,113.0,465.0,80.3030303030303,5.115044247787611,1.0,13,13,0.0,1,False,2026-09-30,19,Wednesday,Weekday
2026-09-30 19:00:00-06:00,COR001,MP005,S003,43.0,77.0,239.0,133.0,106.0,44.15584415584416,1.7969924812030076,1.0,43,43,0.0,1,False,2026-09-30,19,Wednesday,Weekday
2026-09-30 19:00:00-06:00,COR001,MP006,S003,43.0,77.0,239.0,133.0,106.0,44.15584415584416,1.7969924812030076,1.0,43,43,0.0,1,False,2026-09-30,19,Wednesday,Weekday
2026-09-30 19:30:00-06:00,COR001,MP001,S001,39.0,71.0,339.0,186.0,153.0,45.07042253521127,1.8225806451612905,0.998476,39,39,0.0,1,False,2026-09-30,19,Wednesday,Weekday
2026-09-30 19:30:00-06:00,COR001,MP002,S001,39.0,71.0,339.0,186.0,153.0,45.07042253521127,1.8225806451612905,0.998476,39,39,0.0,1,False,2026-09-30,19,Wednesday,Weekday
2026-09-30 19:30:00-06:00,COR001,MP003,S002,14.0,68.0,130.0,26.0,104.0,79.41176470588235,5.0,1.0,14,14,0.0,1,False,2026-09-30,19,Wednesday,Weekday
2026-09-30 19:30:00-06:00,COR001,MP004,S002,17.0,65.0,442.0,115.0,327.0,73.84615384615385,3.843478260869565,1.0,17,17,0.0,1,False,2026-09-30,19,Wednesday,Weekday
2026-09-30 19:30:00-06:00,COR001,MP005,S003,49.0,77.0,210.0,133.0,77.0,36.36363636363637,1.5789473684210529,1.0,49,49,0.0,1,False,2026-09-30,19,Wednesday,Weekday
2026-09-30 19:30:00-06:00,COR001,MP006,S003,49.0,77.0,210.0,133.0,77.0,36.36363636363637,1.5789473684210529,1.0,49,49,0.0,1,False,2026-09-30,19,Wednesday,Weekday
2026-09-30 20:00:00-06:00,COR001,MP001,S001,34.0,71.0,389.0,186.0,203.0,52.11267605633802,2.091397849462365,0.997629,34,34,0.0,1,False,2026-09-30,20,Wednesday,Weekday
2026-09-30 20:00:00-06:00,COR001,MP002,S001,34.0,71.0,389.0,186.0,203.0,52.11267605633802,2.091397849462365,0.997629,34,34,0.0,1,False,2026-09-30,20,Wednesday,Weekday
2026-09-30 20:00:00-06:00,COR001,MP003,S002,29.0,69.0,62.0,26.0,36.0,57.971014492753625,2.3846153846153846,1.0,29,29,0.0,1,False,2026-09-30,20,Wednesday,Weekday
2026-09-30 20:00:00-06:00,COR001,MP004,S002,18.0,63.0,417.0,119.0,298.0,71.42857142857143,3.504201680672269,1.0,18,18,0.0,1,False,2026-09-30,20,Wednesday,Weekday
2026-09-30 20:00:00-06:00,COR001,MP005,S003,52.0,77.0,198.0,133.0,65.0,32.467532467532465,1.4887218045112782,1.0,52,52,0.0,1,False,2026-09-30,20,Wednesday,Weekday
2026-09-30 20:00:00-06:00,COR001,MP006,S003,52.0,77.0,198.0,133.0,65.0,32.467532467532465,1.4887218045112782,1.0,52,52,0.0,1,False,2026-09-30,20,Wednesday,Weekday
2026-09-30 20:30:00-06:00,COR001,MP001,S001,50.0,70.0,265.0,189.0,76.0,28.57142857142857,1.402116402116402,1.0,50,50,0.0,1,False,2026-09-30,20,Wednesday,Weekday
2026-09-30 20:30:00-06:00,COR001,MP002,S001,50.0,70.0,265.0,189.0,76.0,28.57142857142857,1.402116402116402,1.0,50,50,0.0,1,False,2026-09-30,20,Wednesday,Weekday
2026-09-30 20:30:00-06:00,COR001,MP003,S002,48.0,69.0,37.0,26.0,11.0,30.434782608695656,1.4230769230769231,1.0,48,48,0.0,1,False,2026-09-30,20,Wednesday,Weekday
2026-09-30 20:30:00-06:00,COR001,MP004,S002,42.0,63.0,179.0,119.0,60.0,33.33333333333333,1.504201680672269,1.0,42,42,0.0,1,False,2026-09-30,20,Wednesday,Weekday
2026-09-30 20:30:00-06:00,COR001,MP005,S003,45.0,77.0,229.0,133.0,96.0,41.55844155844156,1.7218045112781954,1.0,45,45,0.0,1,False,2026-09-30,20,Wednesday,Weekday
2026-09-30 20:30:00-06:00,COR001,MP006,S003,45.0,77.0,229.0,133.0,96.0,41.55844155844156,1.7218045112781954,1.0,45,45,0.0,1,False,2026-09-30,20,Wednesday,Weekday
2026-09-30 21:00:00-06:00,COR001,MP001,S001,51.0,70.0,259.0,189.0,70.0,27.142857142857142,1.3703703703703705,1.0,51,51,0.0,1,False,2026-09-30,21,Wednesday,Weekday
2026-09-30 21:00:00-06:00,COR001,MP002,S001,51.0,70.0,259.0,189.0,70.0,27.142857142857142,1.3703703703703705,1.0,51,51,0.0,1,False,2026-09-30,21,Wednesday,Weekday
2026-09-30 21:00:00-06:00,COR001,MP003,S002,33.0,68.0,55.0,26.0,29.0,51.47058823529412,2.1153846153846154,1.0,33,33,0.0,1,False,2026-09-30,21,Wednesday,Weekday
2026-09-30 21:00:00-06:00,COR001,MP004,S002,64.0,64.0,117.0,117.0,0.0,0.0,1.0,1.0,64,64,0.0,1,False,2026-09-30,21,Wednesday,Weekday
2026-09-30 21:00:00-06:00,COR001,MP005,S003,63.0,78.0,163.0,132.0,31.0,19.23076923076924,1.2348484848484849,1.0,63,63,0.0,1,False,2026-09-30,21,Wednesday,Weekday
2026-09-30 21:00:00-06:00,COR001,MP006,S003,63.0,78.0,163.0,132.0,31.0,19.23076923076924,1.2348484848484849,1.0,63,63,0.0,1,False,2026-09-30,21,Wednesday,Weekday
2026-09-30 21:30:00-06:00,COR001,MP001,S001,71.0,71.0,186.0,186.0,0.0,0.0,1.0,1.0,71,71,0.0,1,False,2026-09-30,21,Wednesday,Weekday
2026-09-30 21:30:00-06:00,COR001,MP002,S001,71.0,71.0,186.0,186.0,0.0,0.0,1.0,1.0,71,71,0.0,1,False,2026-09-30,21,Wednesday,Weekday
2026-09-30 21:30:00-06:00,COR001,MP003,S002,57.0,69.0,31.0,26.0,5.0,17.391304347826086,1.1923076923076923,1.0,57,57,0.0,1,False,2026-09-30,21,Wednesday,Weekday
2026-09-30 21:30:00-06:00,COR001,MP004,S002,54.0,64.0,139.0,117.0,22.0,15.625,1.188034188034188,1.0,54,54,0.0,1,False,2026-09-30,21,Wednesday,Weekday
2026-09-30 21:30:00-06:00,COR001,MP005,S003,78.0,78.0,132.0,132.0,0.0,0.0,1.0,1.0,78,78,0.0,1,False,2026-09-30,21,Wednesday,Weekday
2026-09-30 21:30:00-06:00,COR001,MP006,S003,78.0,78.0,132.0,132.0,0.0,0.0,1.0,1.0,78,78,0.0,1,False,2026-09-30,21,Wednesday,Weekday
2026-09-30 22:00:00-06:00,COR001,MP001,S001,71.0,71.0,186.0,186.0,0.0,0.0,1.0,1.0,71,71,0.0,1,False,2026-09-30,22,Wednesday,Weekday
2026-09-30 22:00:00-06:00,COR001,MP002,S001,71.0,71.0,186.0,186.0,0.0,0.0,1.0,1.0,71,71,0.0,1,False,2026-09-30,22,Wednesday,Weekday
2026-09-30 22:00:00-06:00,COR001,MP003,S002,55.0,69.0,33.0,26.0,7.0,20.28985507246377,1.2692307692307692,0.99,55,55,0.0,1,False,2026-09-30,22,Wednesday,Weekday
2026-09-30 22:00:00-06:00,COR001,MP004,S002,64.0,64.0,117.0,117.0,0.0,0.0,1.0,1.0,64,64,0.0,1,False,2026-09-30,22,Wednesday,Weekday
2026-09-30 22:00:00-06:00,COR001,MP005,S003,78.0,78.0,132.0,132.0,0.0,0.0,1.0,1.0,78,78,0.0,1,False,2026-09-30,22,Wednesday,Weekday
2026-09-30 22:00:00-06:00,COR001,MP006,S003,78.0,78.0,132.0,132.0,0.0,0.0,1.0,1.0,78,78,0.0,1,False,2026-09-30,22,Wednesday,Weekday
2026-09-30 22:30:00-06:00,COR001,MP001,S001,71.0,71.0,186.0,186.0,0.0,0.0,1.0,1.0,71,71,0.0,1,False,2026-09-30,22,Wednesday,Weekday
2026-09-30 22:30:00-06:00,COR001,MP002,S001,71.0,71.0,186.0,186.0,0.0,0.0,1.0,1.0,71,71,0.0,1,False,2026-09-30,22,Wednesday,Weekday
2026-09-30 22:30:00-06:00,COR001,MP003,S002,69.0,69.0,26.0,26.0,0.0,0.0,1.0,1.0,69,69,0.0,1,False,2026-09-30,22,Wednesday,Weekday
2026-09-30 22:30:00-06:00,COR001,MP004,S002,64.0,64.0,117.0,117.0,0.0,0.0,1.0,1.0,64,64,0.0,1,False,2026-09-30,22,Wednesday,Weekday
2026-09-30 22:30:00-06:00,COR001,MP005,S003,78.0,78.0,132.0,132.0,0.0,0.0,1.0,1.0,78,78,0.0,1,False,2026-09-30,22,Wednesday,Weekday
2026-09-30 22:30:00-06:00,COR001,MP006,S003,78.0,78.0,132.0,132.0,0.0,0.0,1.0,1.0,78,78,0.0,1,False,2026-09-30,22,Wednesday,Weekday
2026-09-30 23:00:00-06:00,COR001,MP001,S001,71.0,71.0,186.0,186.0,0.0,0.0,1.0,1.0,71,71,0.0,1,False,2026-09-30,23,Wednesday,Weekday
2026-09-30 23:00:00-06:00,COR001,MP002,S001,71.0,71.0,186.0,186.0,0.0,0.0,1.0,1.0,71,71,0.0,1,False,2026-09-30,23,Wednesday,Weekday
2026-09-30 23:00:00-06:00,COR001,MP003,S002,69.0,69.0,26.0,26.0,0.0,0.0,1.0,1.0,69,69,0.0,1,False,2026-09-30,23,Wednesday,Weekday
2026-09-30 23:00:00-06:00,COR001,MP004,S002,64.0,64.0,117.0,117.0,0.0,0.0,1.0,1.0,64,64,0.0,1,False,2026-09-30,23,Wednesday,Weekday
2026-09-30 23:00:00-06:00,COR001,MP005,S003,78.0,78.0,132.0,132.0,0.0,0.0,1.0,1.0,78,78,0.0,1,False,2026-09-30,23,Wednesday,Weekday
2026-09-30 23:00:00-06:00,COR001,MP006,S003,78.0,78.0,132.0,132.0,0.0,0.0,1.0,1.0,78,78,0.0,1,False,2026-09-30,23,Wednesday,Weekday
2026-09-30 23:30:00-06:00,COR001,MP001,S001,71.0,71.0,186.0,186.0,0.0,0.0,1.0,1.0,71,71,0.0,1,False,2026-09-30,23,Wednesday,Weekday
2026-09-30 23:30:00-06:00,COR001,MP002,S001,71.0,71.0,186.0,186.0,0.0,0.0,1.0,1.0,71,71,0.0,1,False,2026-09-30,23,Wednesday,Weekday
2026-09-30 23:30:00-06:00,COR001,MP003,S002,69.0,69.0,26.0,26.0,0.0,0.0,1.0,1.0,69,69,0.0,1,False,2026-09-30,23,Wednesday,Weekday
2026-09-30 23:30:00-06:00,COR001,MP004,S002,64.0,64.0,117.0,117.0,0.0,0.0,1.0,1.0,64,64,0.0,1,False,2026-09-30,23,Wednesday,Weekday
2026-09-30 23:30:00-06:00,COR001,MP005,S003,78.0,78.0,132.0,132.0,0.0,0.0,1.0,1.0,78,78,0.0,1,False,2026-09-30,23,Wednesday,Weekday
2026-09-30 23:30:00-06:00,COR001,MP006,S003,78.0,78.0,132.0,132.0,0.0,0.0,1.0,1.0,78,78,0.0,1,False,2026-09-30,23,Wednesday,Weekday
2026-10-01 00:00:00-06:00,COR001,MP001,S001,71.0,71.0,186.0,186.0,0.0,0.0,1.0,1.0,71,71,0.0,1,False,2026-10-01,0,Thursday,Weekday
2026-10-01 00:00:00-06:00,COR001,MP002,S001,71.0,71.0,186.0,186.0,0.0,0.0,1.0,1.0,71,71,0.0,1,False,2026-10-01,0,Thursday,Weekday
2026-10-01 00:00:00-06:00,COR001,MP003,S002,69.0,69.0,26.0,26.0,0.0,0.0,1.0,1.0,69,69,0.0,1,False,2026-10-01,0,Thursday,Weekday
2026-10-01 00:00:00-06:00,COR001,MP004,S002,64.0,64.0,117.0,117.0,0.0,0.0,1.0,1.0,64,64,0.0,1,False,2026-10-01,0,Thursday,Weekday
2026-10-01 00:00:00-06:00,COR001,MP005,S003,78.0,78.0,132.0,132.0,0.0,0.0,1.0,1.0,78,78,0.0,1,False,2026-10-01,0,Thursday,Weekday
2026-10-01 00:00:00-06:00,COR001,MP006,S003,78.0,78.0,132.0,132.0,0.0,0.0,1.0,1.0,78,78,0.0,1,False,2026-10-01,0,Thursday,Weekday
2026-10-01 00:30:00-06:00,COR001,MP001,S001,71.0,71.0,186.0,186.0,0.0,0.0,1.0,1.0,71,71,0.0,1,False,2026-10-01,0,Thursday,Weekday
2026-10-01 00:30:00-06:00,COR001,MP002,S001,71.0,71.0,186.0,186.0,0.0,0.0,1.0,1.0,71,71,0.0,1,False,2026-10-01,0,Thursday,Weekday
2026-10-01 00:30:00-06:00,COR001,MP003,S002,69.0,69.0,26.0,26.0,0.0,0.0,1.0,1.0,69,69,0.0,1,False,2026-10-01,0,Thursday,Weekday
2026-10-01 00:30:00-06:00,COR001,MP004,S002,64.0,64.0,117.0,117.0,0.0,0.0,1.0,1.0,64,64,0.0,1,False,2026-10-01,0,Thursday,Weekday
2026-10-01 00:30:00-06:00,COR001,MP005,S003,78.0,78.0,132.0,132.0,0.0,0.0,1.0,1.0,78,78,0.0,1,False,2026-10-01,0,Thursday,Weekday
2026-10-01 00:30:00-06:00,COR001,MP006,S003,78.0,78.0,132.0,132.0,0.0,0.0,1.0,1.0,78,78,0.0,1,False,2026-10-01,0,Thursday,Weekday
2026-10-01 01:00:00-06:00,COR001,MP001,S001,71.0,71.0,186.0,186.0,0.0,0.0,1.0,1.0,71,71,0.0,1,False,2026-10-01,1,Thursday,Weekday
2026-10-01 01:00:00-06:00,COR001,MP002,S001,71.0,71.0,186.0,186.0,0.0,0.0,1.0,1.0,71,71,0.0,1,False,2026-10-01,1,Thursday,Weekday
2026-10-01 01:00:00-06:00,COR001,MP003,S002,69.0,69.0,26.0,26.0,0.0,0.0,1.0,1.0,69,69,0.0,1,False,2026-10-01,1,Thursday,Weekday
2026-10-01 01:00:00-06:00,COR001,MP004,S002,64.0,64.0,117.0,117.0,0.0,0.0,1.0,1.0,64,64,0.0,1,False,2026-10-01,1,Thursday,Weekday
2026-10-01 01:00:00-06:00,COR001,MP005,S003,78.0,78.0,132.0,132.0,0.0,0.0,1.0,1.0,78,78,0.0,1,False,2026-10-01,1,Thursday,Weekday
2026-10-01 01:00:00-06:00,COR001,MP006,S003,78.0,78.0,132.0,132.0,0.0,0.0,1.0,1.0,78,78,0.0,1,False,2026-10-01,1,Thursday,Weekday
2026-10-01 01:30:00-06:00,COR001,MP001,S001,71.0,71.0,186.0,186.0,0.0,0.0,1.0,1.0,71,71,0.0,1,False,2026-10-01,1,Thursday,Weekday
2026-10-01 01:30:00-06:00,COR001,MP002,S001,71.0,71.0,186.0,186.0,0.0,0.0,1.0,1.0,71,71,0.0,1,False,2026-10-01,1,Thursday,Weekday
2026-10-01 01:30:00-06:00,COR001,MP003,S002,69.0,69.0,26.0,26.0,0.0,0.0,1.0,1.0,69,69,0.0,1,False,2026-10-01,1,Thursday,Weekday
2026-10-01 01:30:00-06:00,COR001,MP004,S002,64.0,64.0,117.0,117.0,0.0,0.0,1.0,1.0,64,64,0.0,1,False,2026-10-01,1,Thursday,Weekday
2026-10-01 01:30:00-06:00,COR001,MP005,S003,78.0,78.0,132.0,132.0,0.0,0.0,1.0,1.0,78,78,0.0,1,False,2026-10-01,1,Thursday,Weekday
2026-10-01 01:30:00-06:00,COR001,MP006,S003,78.0,78.0,132.0,132.0,0.0,0.0,1.0,1.0,78,78,0.0,1,False,2026-10-01,1,Thursday,Weekday
2026-10-01 02:00:00-06:00,COR001,MP001,S001,71.0,71.0,186.0,186.0,0.0,0.0,1.0,1.0,71,71,0.0,1,False,2026-10-01,2,Thursday,Weekday
2026-10-01 02:00:00-06:00,COR001,MP002,S001,71.0,71.0,186.0,186.0,0.0,0.0,1.0,1.0,71,71,0.0,1,False,2026-10-01,2,Thursday,Weekday
2026-10-01 02:00:00-06:00,COR001,MP003,S002,69.0,69.0,26.0,26.0,0.0,0.0,1.0,1.0,69,69,0.0,1,False,2026-10-01,2,Thursday,Weekday
2026-10-01 02:00:00-06:00,COR001,MP004,S002,64.0,64.0,117.0,117.0,0.0,0.0,1.0,1.0,64,64,0.0,1,False,2026-10-01,2,Thursday,Weekday
2026-10-01 02:00:00-06:00,COR001,MP005,S003,78.0,78.0,132.0,132.0,0.0,0.0,1.0,1.0,78,78,0.0,1,False,2026-10-01,2,Thursday,Weekday
2026-10-01 02:00:00-06:00,COR001,MP006,S003,78.0,78.0,132.0,132.0,0.0,0.0,1.0,1.0,78,78,0.0,1,False,2026-10-01,2,Thursday,Weekday
2026-10-01 02:30:00-06:00,COR001,MP001,S001,71.0,71.0,186.0,186.0,0.0,0.0,1.0,1.0,71,71,0.0,1,False,2026-10-01,2,Thursday,Weekday
2026-10-01 02:30:00-06:00,COR001,MP002,S001,71.0,71.0,186.0,186.0,0.0,0.0,1.0,1.0,71,71,0.0,1,False,2026-10-01,2,Thursday,Weekday
2026-10-01 02:30:00-06:00,COR001,MP003,S002,69.0,69.0,26.0,26.0,0.0,0.0,1.0,1.0,69,69,0.0,1,False,2026-10-01,2,Thursday,Weekday
2026-10-01 02:30:00-06:00,COR001,MP004,S002,64.0,64.0,117.0,117.0,0.0,0.0,1.0,1.0,64,64,0.0,1,False,2026-10-01,2,Thursday,Weekday
2026-10-01 02:30:00-06:00,COR001,MP005,S003,78.0,78.0,132.0,132.0,0.0,0.0,1.0,1.0,78,78,0.0,1,False,2026-10-01,2,Thursday,Weekday
2026-10-01 02:30:00-06:00,COR001,MP006,S003,78.0,78.0,132.0,132.0,0.0,0.0,1.0,1.0,78,78,0.0,1,False,2026-10-01,2,Thursday,Weekday
2026-10-01 03:00:00-06:00,COR001,MP001,S001,71.0,71.0,186.0,186.0,0.0,0.0,1.0,1.0,71,71,0.0,1,False,2026-10-01,3,Thursday,Weekday
2026-10-01 03:00:00-06:00,COR001,MP002,S001,71.0,71.0,186.0,186.0,0.0,0.0,1.0,1.0,71,71,0.0,1,False,2026-10-01,3,Thursday,Weekday
2026-10-01 03:00:00-06:00,COR001,MP003,S002,69.0,69.0,26.0,26.0,0.0,0.0,1.0,1.0,69,69,0.0,1,False,2026-10-01,3,Thursday,Weekday
2026-10-01 03:00:00-06:00,COR001,MP004,S002,64.0,64.0,117.0,117.0,0.0,0.0,1.0,1.0,64,64,0.0,1,False,2026-10-01,3,Thursday,Weekday
2026-10-01 03:00:00-06:00,COR001,MP005,S003,78.0,78.0,132.0,132.0,0.0,0.0,1.0,1.0,78,78,0.0,1,False,2026-10-01,3,Thursday,Weekday
2026-10-01 03:00:00-06:00,COR001,MP006,S003,78.0,78.0,132.0,132.0,0.0,0.0,1.0,1.0,78,78,0.0,1,False,2026-10-01,3,Thursday,Weekday
2026-10-01 03:30:00-06:00,COR001,MP001,S001,71.0,71.0,186.0,186.0,0.0,0.0,1.0,1.0,71,71,0.0,1,False,2026-10-01,3,Thursday,Weekday
2026-10-01 03:30:00-06:00,COR001,MP002,S001,71.0,71.0,186.0,186.0,0.0,0.0,1.0,1.0,71,71,0.0,1,False,2026-10-01,3,Thursday,Weekday
2026-10-01 03:30:00-06:00,COR001,MP003,S002,69.0,69.0,26.0,26.0,0.0,0.0,1.0,1.0,69,69,0.0,1,False,2026-10-01,3,Thursday,Weekday
2026-10-01 03:30:00-06:00,COR001,MP004,S002,64.0,64.0,117.0,117.0,0.0,0.0,1.0,1.0,64,64,0.0,1,False,2026-10-01,3,Thursday,Weekday
2026-10-01 03:30:00-06:00,COR001,MP005,S003,78.0,78.0,132.0,132.0,0.0,0.0,1.0,1.0,78,78,0.0,1,False,2026-10-01,3,Thursday,Weekday
2026-10-01 03:30:00-06:00,COR001,MP006,S003,78.0,78.0,132.0,132.0,0.0,0.0,1.0,1.0,78,78,0.0,1,False,2026-10-01,3,Thursday,Weekday
2026-10-01 04:00:00-06:00,COR001,MP001,S001,71.0,71.0,186.0,186.0,0.0,0.0,1.0,1.0,71,71,0.0,1,False,2026-10-01,4,Thursday,Weekday
2026-10-01 04:00:00-06:00,COR001,MP002,S001,71.0,71.0,186.0,186.0,0.0,0.0,1.0,1.0,71,71,0.0,1,False,2026-10-01,4,Thursday,Weekday
2026-10-01 04:00:00-06:00,COR001,MP003,S002,69.0,69.0,26.0,26.0,0.0,0.0,1.0,1.0,69,69,0.0,1,False,2026-10-01,4,Thursday,Weekday
2026-10-01 04:00:00-06:00,COR001,MP004,S002,64.0,64.0,117.0,117.0,0.0,0.0,1.0,1.0,64,64,0.0,1,False,2026-10-01,4,Thursday,Weekday
2026-10-01 04:00:00-06:00,COR001,MP005,S003,78.0,78.0,132.0,132.0,0.0,0.0,1.0,1.0,78,78,0.0,1,False,2026-10-01,4,Thursday,Weekday
2026-10-01 04:00:00-06:00,COR001,MP006,S003,78.0,78.0,132.0,132.0,0.0,0.0,1.0,1.0,78,78,0.0,1,False,2026-10-01,4,Thursday,Weekday
2026-10-01 04:30:00-06:00,COR001,MP001,S001,71.0,71.0,186.0,186.0,0.0,0.0,1.0,1.0,71,71,0.0,1,False,2026-10-01,4,Thursday,Weekday
2026-10-01 04:30:00-06:00,COR001,MP002,S001,71.0,71.0,186.0,186.0,0.0,0.0,1.0,1.0,71,71,0.0,1,False,2026-10-01,4,Thursday,Weekday
2026-10-01 04:30:00-06:00,COR001,MP003,S002,69.0,69.0,26.0,26.0,0.0,0.0,1.0,1.0,69,69,0.0,1,False,2026-10-01,4,Thursday,Weekday
2026-10-01 04:30:00-06:00,COR001,MP004,S002,64.0,64.0,117.0,117.0,0.0,0.0,1.0,1.0,64,64,0.0,1,False,2026-10-01,4,Thursday,Weekday
2026-10-01 04:30:00-06:00,COR001,MP005,S003,78.0,78.0,132.0,132.0,0.0,0.0,1.0,1.0,78,78,0.0,1,False,2026-10-01,4,Thursday,Weekday
2026-10-01 04:30:00-06:00,COR001,MP006,S003,78.0,78.0,132.0,132.0,0.0,0.0,1.0,1.0,78,78,0.0,1,False,2026-10-01,4,Thursday,Weekday
2026-10-01 05:00:00-06:00,COR001,MP001,S001,71.0,71.0,186.0,186.0,0.0,0.0,1.0,1.0,71,71,0.0,1,False,2026-10-01,5,Thursday,Weekday
2026-10-01 05:00:00-06:00,COR001,MP002,S001,71.0,71.0,186.0,186.0,0.0,0.0,1.0,1.0,71,71,0.0,1,False,2026-10-01,5,Thursday,Weekday
2026-10-01 05:00:00-06:00,COR001,MP003,S002,69.0,69.0,26.0,26.0,0.0,0.0,1.0,1.0,69,69,0.0,1,False,2026-10-01,5,Thursday,Weekday
2026-10-01 05:00:00-06:00,COR001,MP004,S002,64.0,64.0,117.0,117.0,0.0,0.0,1.0,1.0,64,64,0.0,1,False,2026-10-01,5,Thursday,Weekday
2026-10-01 05:00:00-06:00,COR001,MP005,S003,78.0,78.0,132.0,132.0,0.0,0.0,1.0,1.0,78,78,0.0,1,False,2026-10-01,5,Thursday,Weekday
2026-10-01 05:00:00-06:00,COR001,MP006,S003,78.0,78.0,132.0,132.0,0.0,0.0,1.0,1.0,78,78,0.0,1,False,2026-10-01,5,Thursday,Weekday
2026-10-01 05:30:00-06:00,COR001,MP001,S001,71.0,71.0,186.0,186.0,0.0,0.0,1.0,1.0,71,71,0.0,1,False,2026-10-01,5,Thursday,Weekday
2026-10-01 05:30:00-06:00,COR001,MP002,S001,71.0,71.0,186.0,186.0,0.0,0.0,1.0,1.0,71,71,0.0,1,False,2026-10-01,5,Thursday,Weekday
2026-10-01 05:30:00-06:00,COR001,MP003,S002,69.0,69.0,26.0,26.0,0.0,0.0,1.0,1.0,69,69,0.0,1,False,2026-10-01,5,Thursday,Weekday
2026-10-01 05:30:00-06:00,COR001,MP004,S002,64.0,64.0,117.0,117.0,0.0,0.0,1.0,1.0,64,64,0.0,1,False,2026-10-01,5,Thursday,Weekday
2026-10-01 05:30:00-06:00,COR001,MP005,S003,78.0,78.0,132.0,132.0,0.0,0.0,1.0,1.0,78,78,0.0,1,False,2026-10-01,5,Thursday,Weekday
2026-10-01 05:30:00-06:00,COR001,MP006,S003,78.0,78.0,132.0,132.0,0.0,0.0,1.0,1.0,78,78,0.0,1,False,2026-10-01,5,Thursday,Weekday
2026-10-01 06:00:00-06:00,COR001,MP001,S001,71.0,71.0,186.0,186.0,0.0,0.0,1.0,1.0,71,71,0.0,1,False,2026-10-01,6,Thursday,Weekday
2026-10-01 06:00:00-06:00,COR001,MP002,S001,71.0,71.0,186.0,186.0,0.0,0.0,1.0,1.0,71,71,0.0,1,False,2026-10-01,6,Thursday,Weekday
2026-10-01 06:00:00-06:00,COR001,MP003,S002,69.0,69.0,26.0,26.0,0.0,0.0,1.0,1.0,69,69,0.0,1,False,2026-10-01,6,Thursday,Weekday
2026-10-01 06:00:00-06:00,COR001,MP004,S002,64.0,64.0,117.0,117.0,0.0,0.0,1.0,1.0,64,64,0.0,1,False,2026-10-01,6,Thursday,Weekday
2026-10-01 06:00:00-06:00,COR001,MP005,S003,78.0,78.0,132.0,132.0,0.0,0.0,1.0,1.0,78,78,0.0,1,False,2026-10-01,6,Thursday,Weekday
2026-10-01 06:00:00-06:00,COR001,MP006,S003,78.0,78.0,132.0,132.0,0.0,0.0,1.0,1.0,78,78,0.0,1,False,2026-10-01,6,Thursday,Weekday
2026-10-01 06:30:00-06:00,COR001,MP001,S001,71.0,71.0,186.0,186.0,0.0,0.0,1.0,1.0,71,71,0.0,1,False,2026-10-01,6,Thursday,Weekday
2026-10-01 06:30:00-06:00,COR001,MP002,S001,71.0,71.0,186.0,186.0,0.0,0.0,1.0,1.0,71,71,0.0,1,False,2026-10-01,6,Thursday,Weekday
2026-10-01 06:30:00-06:00,COR001,MP003,S002,69.0,69.0,26.0,26.0,0.0,0.0,1.0,1.0,69,69,0.0,1,False,2026-10-01,6,Thursday,Weekday
2026-10-01 06:30:00-06:00,COR001,MP004,S002,55.0,64.0,136.0,117.0,19.0,14.0625,1.1623931623931625,0.99684,55,55,0.0,1,False,2026-10-01,6,Thursday,Weekday
2026-10-01 06:30:00-06:00,COR001,MP005,S003,78.0,78.0,132.0,132.0,0.0,0.0,1.0,1.0,78,78,0.0,1,False,2026-10-01,6,Thursday,Weekday
2026-10-01 06:30:00-06:00,COR001,MP006,S003,78.0,78.0,132.0,132.0,0.0,0.0,1.0,1.0,78,78,0.0,1,False,2026-10-01,6,Thursday,Weekday
2026-10-01 07:00:00-06:00,COR001,MP001,S001,71.0,71.0,186.0,186.0,0.0,0.0,1.0,1.0,71,71,0.0,1,False,2026-10-01,7,Thursday,Weekday
2026-10-01 07:00:00-06:00,COR001,MP002,S001,71.0,71.0,186.0,186.0,0.0,0.0,1.0,1.0,71,71,0.0,1,False,2026-10-01,7,Thursday,Weekday
2026-10-01 07:00:00-06:00,COR001,MP003,S002,69.0,69.0,26.0,26.0,0.0,0.0,1.0,1.0,69,69,0.0,1,False,2026-10-01,7,Thursday,Weekday
2026-10-01 07:00:00-06:00,COR001,MP004,S002,55.0,64.0,136.0,117.0,19.0,14.0625,1.1623931623931625,0.99684,55,55,0.0,1,False,2026-10-01,7,Thursday,Weekday
2026-10-01 07:00:00-06:00,COR001,MP005,S003,66.0,78.0,156.0,132.0,24.0,15.384615384615383,1.181818181818182,1.0,66,66,0.0,1,False,2026-10-01,7,Thursday,Weekday
2026-10-01 07:00:00-06:00,COR001,MP006,S003,66.0,78.0,156.0,132.0,24.0,15.384615384615383,1.181818181818182,1.0,66,66,0.0,1,False,2026-10-01,7,Thursday,Weekday
2026-10-01 07:30:00-06:00,COR001,MP001,S001,71.0,71.0,186.0,186.0,0.0,0.0,1.0,1.0,71,71,0.0,1,False,2026-10-01,7,Thursday,Weekday
2026-10-01 07:30:00-06:00,COR001,MP002,S001,71.0,71.0,186.0,186.0,0.0,0.0,1.0,1.0,71,71,0.0,1,False,2026-10-01,7,Thursday,Weekday
2026-10-01 07:30:00-06:00,COR001,MP003,S002,47.0,69.0,38.0,26.0,12.0,31.88405797101449,1.4615384615384617,1.0,47,47,0.0,1,False,2026-10-01,7,Thursday,Weekday
2026-10-01 07:30:00-06:00,COR001,MP004,S002,18.0,64.0,417.0,117.0,300.0,71.875,3.5641025641025643,0.99853,18,18,0.0,1,False,2026-10-01,7,Thursday,Weekday
2026-10-01 07:30:00-06:00,COR001,MP005,S003,54.0,77.0,190.0,133.0,57.0,29.87012987012987,1.4285714285714286,1.0,54,54,0.0,1,False,2026-10-01,7,Thursday,Weekday
2026-10-01 07:30:00-06:00,COR001,MP006,S003,54.0,77.0,190.0,133.0,57.0,29.87012987012987,1.4285714285714286,1.0,54,54,0.0,1,False,2026-10-01,7,Thursday,Weekday
2026-10-01 08:00:00-06:00,COR001,MP001,S001,71.0,71.0,186.0,186.0,0.0,0.0,1.0,1.0,71,71,0.0,1,False,2026-10-01,8,Thursday,Weekday
2026-10-01 08:00:00-06:00,COR001,MP002,S001,71.0,71.0,186.0,186.0,0.0,0.0,1.0,1.0,71,71,0.0,1,False,2026-10-01,8,Thursday,Weekday
2026-10-01 08:00:00-06:00,COR001,MP003,S002,43.0,68.0,42.0,26.0,16.0,36.76470588235294,1.6153846153846154,0.99,43,43,0.0,1,False,2026-10-01,8,Thursday,Weekday
2026-10-01 08:00:00-06:00,COR001,MP004,S002,18.0,64.0,417.0,117.0,300.0,71.875,3.5641025641025643,0.996553,18,18,0.0,1,False,2026-10-01,8,Thursday,Weekday
2026-10-01 08:00:00-06:00,COR001,MP005,S003,57.0,77.0,180.0,133.0,47.0,25.97402597402597,1.3533834586466165,1.0,57,57,0.0,1,False,2026-10-01,8,Thursday,Weekday
2026-10-01 08:00:00-06:00,COR001,MP006,S003,57.0,77.0,180.0,133.0,47.0,25.97402597402597,1.3533834586466165,1.0,57,57,0.0,1,False,2026-10-01,8,Thursday,Weekday
2026-10-01 08:30:00-06:00,COR001,MP001,S001,55.0,70.0,240.0,189.0,51.0,21.428571428571427,1.2698412698412698,1.0,55,55,0.0,1,False,2026-10-01,8,Thursday,Weekday
2026-10-01 08:30:00-06:00,COR001,MP002,S001,55.0,70.0,240.0,189.0,51.0,21.428571428571427,1.2698412698412698,1.0,55,55,0.0,1,False,2026-10-01,8,Thursday,Weekday
2026-10-01 08:30:00-06:00,COR001,MP003,S002,50.0,69.0,36.0,26.0,10.0,27.536231884057973,1.3846153846153846,1.0,50,50,0.0,1,False,2026-10-01,8,Thursday,Weekday
2026-10-01 08:30:00-06:00,COR001,MP004,S002,29.0,64.0,259.0,117.0,142.0,54.6875,2.213675213675214,0.998276,29,29,0.0,1,False,2026-10-01,8,Thursday,Weekday
2026-10-01 08:30:00-06:00,COR001,MP005,S003,53.0,78.0,194.0,132.0,62.0,32.05128205128205,1.4696969696969695,1.0,53,53,0.0,1,False,2026-10-01,8,Thursday,Weekday
2026-10-01 08:30:00-06:00,COR001,MP006,S003,53.0,78.0,194.0,132.0,62.0,32.05128205128205,1.4696969696969695,1.0,53,53,0.0,1,False,2026-10-01,8,Thursday,Weekday
2026-10-01 09:00:00-06:00,COR001,MP001,S001,60.0,70.0,220.0,189.0,31.0,14.285714285714285,1.164021164021164,1.0,60,60,0.0,1,False,2026-10-01,9,Thursday,Weekday
2026-10-01 09:00:00-06:00,COR001,MP002,S001,60.0,70.0,220.0,189.0,31.0,14.285714285714285,1.164021164021164,1.0,60,60,0.0,1,False,2026-10-01,9,Thursday,Weekday
2026-10-01 09:00:00-06:00,COR001,MP003,S002,69.0,69.0,26.0,26.0,0.0,0.0,1.0,1.0,69,69,0.0,1,False,2026-10-01,9,Thursday,Weekday
2026-10-01 09:00:00-06:00,COR001,MP004,S002,43.0,63.0,174.0,119.0,55.0,31.746031746031743,1.4621848739495795,0.998276,43,43,0.0,1,False,2026-10-01,9,Thursday,Weekday
2026-10-01 09:00:00-06:00,COR001,MP005,S003,49.0,78.0,210.0,132.0,78.0,37.17948717948718,1.5909090909090908,1.0,49,49,0.0,1,False,2026-10-01,9,Thursday,Weekday
2026-10-01 09:00:00-06:00,COR001,MP006,S003,49.0,78.0,210.0,132.0,78.0,37.17948717948718,1.5909090909090908,1.0,49,49,0.0,1,False,2026-10-01,9,Thursday,Weekday
2026-10-01 09:30:00-06:00,COR001,MP001,S001,71.0,71.0,186.0,186.0,0.0,0.0,1.0,1.0,71,71,0.0,1,False,2026-10-01,9,Thursday,Weekday
2026-10-01 09:30:00-06:00,COR001,MP002,S001,71.0,71.0,186.0,186.0,0.0,0.0,1.0,1.0,71,71,0.0,1,False,2026-10-01,9,Thursday,Weekday
2026-10-01 09:30:00-06:00,COR001,MP003,S002,69.0,69.0,26.0,26.0,0.0,0.0,1.0,1.0,69,69,0.0,1,False,2026-10-01,9,Thursday,Weekday
2026-10-01 09:30:00-06:00,COR001,MP004,S002,64.0,64.0,117.0,117.0,0.0,0.0,1.0,1.0,64,64,0.0,1,False,2026-10-01,9,Thursday,Weekday
2026-10-01 09:30:00-06:00,COR001,MP005,S003,78.0,78.0,132.0,132.0,0.0,0.0,1.0,1.0,78,78,0.0,1,False,2026-10-01,9,Thursday,Weekday
2026-10-01 09:30:00-06:00,COR001,MP006,S003,78.0,78.0,132.0,132.0,0.0,0.0,1.0,1.0,78,78,0.0,1,False,2026-10-01,9,Thursday,Weekday
2026-10-01 10:00:00-06:00,COR001,MP001,S001,71.0,71.0,186.0,186.0,0.0,0.0,1.0,1.0,71,71,0.0,1,False,2026-10-01,10,Thursday,Weekday
2026-10-01 10:00:00-06:00,COR001,MP002,S001,71.0,71.0,186.0,186.0,0.0,0.0,1.0,1.0,71,71,0.0,1,False,2026-10-01,10,Thursday,Weekday
2026-10-01 10:00:00-06:00,COR001,MP003,S002,69.0,69.0,26.0,26.0,0.0,0.0,1.0,1.0,69,69,0.0,1,False,2026-10-01,10,Thursday,Weekday
2026-10-01 10:00:00-06:00,COR001,MP004,S002,64.0,64.0,117.0,117.0,0.0,0.0,1.0,1.0,64,64,0.0,1,False,2026-10-01,10,Thursday,Weekday
2026-10-01 10:00:00-06:00,COR001,MP005,S003,78.0,78.0,132.0,132.0,0.0,0.0,1.0,1.0,78,78,0.0,1,False,2026-10-01,10,Thursday,Weekday
2026-10-01 10:00:00-06:00,COR001,MP006,S003,78.0,78.0,132.0,132.0,0.0,0.0,1.0,1.0,78,78,0.0,1,False,2026-10-01,10,Thursday,Weekday
2026-10-01 10:30:00-06:00,COR001,MP001,S001,71.0,71.0,186.0,186.0,0.0,0.0,1.0,1.0,71,71,0.0,1,False,2026-10-01,10,Thursday,Weekday
2026-10-01 10:30:00-06:00,COR001,MP002,S001,71.0,71.0,186.0,186.0,0.0,0.0,1.0,1.0,71,71,0.0,1,False,2026-10-01,10,Thursday,Weekday
2026-10-01 10:30:00-06:00,COR001,MP003,S002,69.0,69.0,26.0,26.0,0.0,0.0,1.0,1.0,69,69,0.0,1,False,2026-10-01,10,Thursday,Weekday
2026-10-01 10:30:00-06:00,COR001,MP004,S002,53.0,63.0,141.0,119.0,22.0,15.873015873015872,1.184873949579832,1.0,53,53,0.0,1,False,2026-10-01,10,Thursday,Weekday
2026-10-01 10:30:00-06:00,COR001,MP005,S003,60.0,77.0,171.0,133.0,38.0,22.07792207792208,1.2857142857142858,1.0,60,60,0.0,1,False,2026-10-01,10,Thursday,Weekday
2026-10-01 10:30:00-06:00,COR001,MP006,S003,60.0,77.0,171.0,133.0,38.0,22.07792207792208,1.2857142857142858,1.0,60,60,0.0,1,False,2026-10-01,10,Thursday,Weekday
