observation_id,timestamp,corridor_id,monitor_point_id,segment_id,openlr,current_speed,free_flow_speed,current_travel_time,free_flow_travel_time,delay_seconds,speed_loss_pct,travel_time_ratio,confidence,road_closure
2026-09-25T01:11:56.652010+00:00_MP001,2026-09-25T01:11:56.652010+00:00,COR001,MP001,S001,C7nDMQ5I3QswPvpW9EAKAg==,50,70,265,189,76,28.57142857142857,1.402116402116402,1.0,False
2026-09-25T01:11:56.652010+00:00_MP002,2026-09-25T01:11:56.652010+00:00,COR001,MP002,S001,C7nDMQ5I3QswPvpW9EAKAg==,50,70,265,189,76,28.57142857142857,1.402116402116402,1.0,False
2026-09-25T01:11:56.652010+00:00_MP003,2026-09-25T01:11:56.652010+00:00,COR001,MP003,S002,C7nAjg5DYwoyCP8v/mUKAg==,31,69,58,26,32,55.072463768115945,2.230769230769231,1.0,False
2026-09-25T01:11:56.652010+00:00_MP004,2026-09-25T01:11:56.652010+00:00,COR001,MP004,S002,C7nAaA5DLwsyI/x5+XsKAg==,20,64,375,117,258,68.75,3.2051282051282053,1.0,False
2026-09-25T01:11:56.652010+00:00_MP005,2026-09-25T01:11:56.652010+00:00,COR001,MP005,S003,C7m+ww5AJQoyMPkA+HEKBA==,55,78,187,132,55,29.48717948717949,1.4166666666666667,1.0,False
2026-09-25T01:11:56.652010+00:00_MP006,2026-09-25T01:11:56.652010+00:00,COR001,MP006,S003,C7m+ww5AJQoyMPkA+HEKBA==,55,78,187,132,55,29.48717948717949,1.4166666666666667,1.0,False
2026-09-25T05:57:40.262537+00:00_MP001,2026-09-25T05:57:40.262537+00:00,COR001,MP001,S001,C7nDMQ5I3QswPvpW9EAKAg==,71,71,186,186,0,0.0,1.0,1.0,False
2026-09-25T05:57:40.262537+00:00_MP002,2026-09-25T05:57:40.262537+00:00,COR001,MP002,S001,C7nDMQ5I3QswPvpW9EAKAg==,71,71,186,186,0,0.0,1.0,1.0,False
2026-09-25T05:57:40.262537+00:00_MP003,2026-09-25T05:57:40.262537+00:00,COR001,MP003,S002,C7nAjg5DYwoyCP8v/mUKAg==,69,69,26,26,0,0.0,1.0,1.0,False
2026-09-25T05:57:40.262537+00:00_MP004,2026-09-25T05:57:40.262537+00:00,COR001,MP004,S002,C7nAaA5DLwsyI/x5+XsKAg==,64,64,117,117,0,0.0,1.0,1.0,False
2026-09-25T05:57:40.262537+00:00_MP005,2026-09-25T05:57:40.262537+00:00,COR001,MP005,S003,C7m+ww5AJQoyMPkA+HEKBA==,78,78,132,132,0,0.0,1.0,1.0,False
2026-09-25T05:57:40.262537+00:00_MP006,2026-09-25T05:57:40.262537+00:00,COR001,MP006,S003,C7m+ww5AJQoyMPkA+HEKBA==,78,78,132,132,0,0.0,1.0,1.0,False
2026-09-25T11:39:50.521732+00:00_MP001,2026-09-25T11:39:50.521732+00:00,COR001,MP001,S001,C7nDMQ5I3QswPvpW9EAKAg==,71,71,186,186,0,0.0,1.0,1.0,False
2026-09-25T11:39:50.521732+00:00_MP002,2026-09-25T11:39:50.521732+00:00,COR001,MP002,S001,C7nDMQ5I3QswPvpW9EAKAg==,71,71,186,186,0,0.0,1.0,1.0,False
2026-09-25T11:39:50.521732+00:00_MP003,2026-09-25T11:39:50.521732+00:00,COR001,MP003,S002,C7nAjg5DYwoyCP8v/mUKAg==,69,69,26,26,0,0.0,1.0,1.0,False
2026-09-25T11:39:50.521732+00:00_MP004,2026-09-25T11:39:50.521732+00:00,COR001,MP004,S002,C7nAaA5DLwsyI/x5+XsKAg==,64,64,117,117,0,0.0,1.0,1.0,False
2026-09-25T11:39:50.521732+00:00_MP005,2026-09-25T11:39:50.521732+00:00,COR001,MP005,S003,C7m+ww5AJQoyMPkA+HEKBA==,78,78,132,132,0,0.0,1.0,1.0,False
2026-09-25T11:39:50.521732+00:00_MP006,2026-09-25T11:39:50.521732+00:00,COR001,MP006,S003,C7m+ww5AJQoyMPkA+HEKBA==,78,78,132,132,0,0.0,1.0,1.0,False
2026-09-25T15:24:24.922146+00:00_MP001,2026-09-25T15:24:24.922146+00:00,COR001,MP001,S001,C7nDMQ5I3QswPvpW9EAKAg==,71,71,186,186,0,0.0,1.0,1.0,False
2026-09-25T15:24:24.922146+00:00_MP002,2026-09-25T15:24:24.922146+00:00,COR001,MP002,S001,C7nDMQ5I3QswPvpW9EAKAg==,71,71,186,186,0,0.0,1.0,1.0,False
2026-09-25T15:24:24.922146+00:00_MP003,2026-09-25T15:24:24.922146+00:00,COR001,MP003,S002,C7nAjg5DYwoyCP8v/mUKAg==,69,69,26,26,0,0.0,1.0,1.0,False
2026-09-25T15:24:24.922146+00:00_MP004,2026-09-25T15:24:24.922146+00:00,COR001,MP004,S002,C7nAaA5DLwsyI/x5+XsKAg==,52,63,144,119,25,17.46031746031746,1.2100840336134453,0.99684,False
2026-09-25T15:24:24.922146+00:00_MP005,2026-09-25T15:24:24.922146+00:00,COR001,MP005,S003,C7m+ww5AJQoyMPkA+HEKBA==,55,77,187,133,54,28.57142857142857,1.406015037593985,1.0,False
2026-09-25T15:24:24.922146+00:00_MP006,2026-09-25T15:24:24.922146+00:00,COR001,MP006,S003,C7m+ww5AJQoyMPkA+HEKBA==,55,77,187,133,54,28.57142857142857,1.406015037593985,1.0,False
2026-09-25T16:11:10.835944+00:00_MP001,2026-09-25T16:11:10.835944+00:00,COR001,MP001,S001,C7nDMQ5I3QswPvpW9EAKAg==,71,71,186,186,0,0.0,1.0,1.0,False
2026-09-25T16:11:10.835944+00:00_MP002,2026-09-25T16:11:10.835944+00:00,COR001,MP002,S001,C7nDMQ5I3QswPvpW9EAKAg==,71,71,186,186,0,0.0,1.0,1.0,False
2026-09-25T16:11:10.835944+00:00_MP003,2026-09-25T16:11:10.835944+00:00,COR001,MP003,S002,C7nAjg5DYwoyCP8v/mUKAg==,69,69,26,26,0,0.0,1.0,1.0,False
2026-09-25T16:11:10.835944+00:00_MP004,2026-09-25T16:11:10.835944+00:00,COR001,MP004,S002,C7nAaA5DLwsyI/x5+XsKAg==,64,64,117,117,0,0.0,1.0,1.0,False
2026-09-25T16:11:10.835944+00:00_MP005,2026-09-25T16:11:10.835944+00:00,COR001,MP005,S003,C7m+ww5AJQoyMPkA+HEKBA==,78,78,132,132,0,0.0,1.0,1.0,False
2026-09-25T16:11:10.835944+00:00_MP006,2026-09-25T16:11:10.835944+00:00,COR001,MP006,S003,C7m+ww5AJQoyMPkA+HEKBA==,78,78,132,132,0,0.0,1.0,1.0,False
2026-09-25T16:45:15.025892+00:00_MP001,2026-09-25T16:45:15.025892+00:00,COR001,MP001,S001,C7nDMQ5I3QswPvpW9EAKAg==,71,71,186,186,0,0.0,1.0,1.0,False
2026-09-25T16:45:15.025892+00:00_MP002,2026-09-25T16:45:15.025892+00:00,COR001,MP002,S001,C7nDMQ5I3QswPvpW9EAKAg==,71,71,186,186,0,0.0,1.0,1.0,False
2026-09-25T16:45:15.025892+00:00_MP003,2026-09-25T16:45:15.025892+00:00,COR001,MP003,S002,C7nAjg5DYwoyCP8v/mUKAg==,69,69,26,26,0,0.0,1.0,1.0,False
2026-09-25T16:45:15.025892+00:00_MP004,2026-09-25T16:45:15.025892+00:00,COR001,MP004,S002,C7nAaA5DLwsyI/x5+XsKAg==,64,64,117,117,0,0.0,1.0,1.0,False
2026-09-25T16:45:15.025892+00:00_MP005,2026-09-25T16:45:15.025892+00:00,COR001,MP005,S003,C7m+ww5AJQoyMPkA+HEKBA==,78,78,132,132,0,0.0,1.0,1.0,False
2026-09-25T16:45:15.025892+00:00_MP006,2026-09-25T16:45:15.025892+00:00,COR001,MP006,S003,C7m+ww5AJQoyMPkA+HEKBA==,78,78,132,132,0,0.0,1.0,1.0,False
2026-09-25T17:46:48.419599+00:00_MP001,2026-09-25T17:46:48.419599+00:00,COR001,MP001,S001,C7nDMQ5I3QswPvpW9EAKAg==,71,71,186,186,0,0.0,1.0,1.0,False
2026-09-25T17:46:48.419599+00:00_MP002,2026-09-25T17:46:48.419599+00:00,COR001,MP002,S001,C7nDMQ5I3QswPvpW9EAKAg==,71,71,186,186,0,0.0,1.0,1.0,False
2026-09-25T17:46:48.419599+00:00_MP003,2026-09-25T17:46:48.419599+00:00,COR001,MP003,S002,C7nAjg5DYwoyCP8v/mUKAg==,69,69,26,26,0,0.0,1.0,1.0,False
2026-09-25T17:46:48.419599+00:00_MP004,2026-09-25T17:46:48.419599+00:00,COR001,MP004,S002,C7nAaA5DLwsyI/x5+XsKAg==,64,64,117,117,0,0.0,1.0,1.0,False
2026-09-25T17:46:48.419599+00:00_MP005,2026-09-25T17:46:48.419599+00:00,COR001,MP005,S003,C7m+ww5AJQoyMPkA+HEKBA==,78,78,132,132,0,0.0,1.0,1.0,False
2026-09-25T17:46:48.419599+00:00_MP006,2026-09-25T17:46:48.419599+00:00,COR001,MP006,S003,C7m+ww5AJQoyMPkA+HEKBA==,78,78,132,132,0,0.0,1.0,1.0,False
2026-09-25T18:24:34.950069+00:00_MP001,2026-09-25T18:24:34.950069+00:00,COR001,MP001,S001,C7nDMQ5I3QswPvpW9EAKAg==,71,71,186,186,0,0.0,1.0,1.0,False
2026-09-25T18:24:34.950069+00:00_MP002,2026-09-25T18:24:34.950069+00:00,COR001,MP002,S001,C7nDMQ5I3QswPvpW9EAKAg==,71,71,186,186,0,0.0,1.0,1.0,False
2026-09-25T18:24:34.950069+00:00_MP003,2026-09-25T18:24:34.950069+00:00,COR001,MP003,S002,C7nAjg5DYwoyCP8v/mUKAg==,58,69,31,26,5,15.942028985507244,1.1923076923076923,1.0,False
2026-09-25T18:24:34.950069+00:00_MP004,2026-09-25T18:24:34.950069+00:00,COR001,MP004,S002,C7nAaA5DLwsyI/x5+XsKAg==,64,64,117,117,0,0.0,1.0,1.0,False
2026-09-25T18:24:34.950069+00:00_MP005,2026-09-25T18:24:34.950069+00:00,COR001,MP005,S003,C7m+ww5AJQoyMPkA+HEKBA==,78,78,132,132,0,0.0,1.0,1.0,False
2026-09-25T18:24:34.950069+00:00_MP006,2026-09-25T18:24:34.950069+00:00,COR001,MP006,S003,C7m+ww5AJQoyMPkA+HEKBA==,78,78,132,132,0,0.0,1.0,1.0,False
2026-09-25T18:47:41.949189+00:00_MP001,2026-09-25T18:47:41.949189+00:00,COR001,MP001,S001,C7nDMQ5I3QswPvpW9EAKAg==,58,70,228,189,39,17.142857142857142,1.2063492063492065,1.0,False
2026-09-25T18:47:41.949189+00:00_MP002,2026-09-25T18:47:41.949189+00:00,COR001,MP002,S001,C7nDMQ5I3QswPvpW9EAKAg==,58,70,228,189,39,17.142857142857142,1.2063492063492065,1.0,False
2026-09-25T18:47:41.949189+00:00_MP003,2026-09-25T18:47:41.949189+00:00,COR001,MP003,S002,C7nAjg5DYwoyCP8v/mUKAg==,69,69,26,26,0,0.0,1.0,1.0,False
2026-09-25T18:47:41.949189+00:00_MP004,2026-09-25T18:47:41.949189+00:00,COR001,MP004,S002,C7nAaA5DLwsyI/x5+XsKAg==,64,64,117,117,0,0.0,1.0,1.0,False
2026-09-25T18:47:41.949189+00:00_MP005,2026-09-25T18:47:41.949189+00:00,COR001,MP005,S003,C7m+ww5AJQoyMPkA+HEKBA==,78,78,132,132,0,0.0,1.0,1.0,False
2026-09-25T18:47:41.949189+00:00_MP006,2026-09-25T18:47:41.949189+00:00,COR001,MP006,S003,C7m+ww5AJQoyMPkA+HEKBA==,78,78,132,132,0,0.0,1.0,1.0,False
2026-09-25T19:18:14.531213+00:00_MP001,2026-09-25T19:18:14.531213+00:00,COR001,MP001,S001,C7nDMQ5I3QswPvpW9EAKAg==,43,70,308,189,119,38.57142857142858,1.6296296296296295,1.0,False
2026-09-25T19:18:14.531213+00:00_MP002,2026-09-25T19:18:14.531213+00:00,COR001,MP002,S001,C7nDMQ5I3QswPvpW9EAKAg==,43,70,308,189,119,38.57142857142858,1.6296296296296295,1.0,False
2026-09-25T19:18:14.531213+00:00_MP003,2026-09-25T19:18:14.531213+00:00,COR001,MP003,S002,C7nAjg5DYwoyCP8v/mUKAg==,55,69,33,26,7,20.28985507246377,1.2692307692307692,1.0,False
2026-09-25T19:18:14.531213+00:00_MP004,2026-09-25T19:18:14.531213+00:00,COR001,MP004,S002,C7nAaA5DLwsyI/x5+XsKAg==,33,64,227,117,110,48.4375,1.94017094017094,1.0,False
2026-09-25T19:18:14.531213+00:00_MP005,2026-09-25T19:18:14.531213+00:00,COR001,MP005,S003,C7m+ww5AJQoyMPkA+HEKBA==,59,77,174,133,41,23.37662337662337,1.3082706766917294,1.0,False
2026-09-25T19:18:14.531213+00:00_MP006,2026-09-25T19:18:14.531213+00:00,COR001,MP006,S003,C7m+ww5AJQoyMPkA+HEKBA==,59,77,174,133,41,23.37662337662337,1.3082706766917294,1.0,False
2026-09-25T19:30:22.345392+00:00_MP001,2026-09-25T19:30:22.345392+00:00,COR001,MP001,S001,C7nDMQ5I3QswPvpW9EAKAg==,44,70,301,189,112,37.142857142857146,1.5925925925925926,1.0,False
2026-09-25T19:30:22.345392+00:00_MP002,2026-09-25T19:30:22.345392+00:00,COR001,MP002,S001,C7nDMQ5I3QswPvpW9EAKAg==,44,70,301,189,112,37.142857142857146,1.5925925925925926,1.0,False
2026-09-25T19:30:22.345392+00:00_MP003,2026-09-25T19:30:22.345392+00:00,COR001,MP003,S002,C7nAjg5DYwoyCP8v/mUKAg==,44,68,41,26,15,35.294117647058826,1.5769230769230769,1.0,False
2026-09-25T19:30:22.345392+00:00_MP004,2026-09-25T19:30:22.345392+00:00,COR001,MP004,S002,C7nAaA5DLwsyI/x5+XsKAg==,25,63,300,119,181,60.31746031746032,2.5210084033613445,1.0,False
2026-09-25T19:30:22.345392+00:00_MP005,2026-09-25T19:30:22.345392+00:00,COR001,MP005,S003,C7m+ww5AJQoyMPkA+HEKBA==,57,77,180,133,47,25.97402597402597,1.3533834586466165,1.0,False
2026-09-25T19:30:22.345392+00:00_MP006,2026-09-25T19:30:22.345392+00:00,COR001,MP006,S003,C7m+ww5AJQoyMPkA+HEKBA==,57,77,180,133,47,25.97402597402597,1.3533834586466165,1.0,False
2026-09-25T19:45:23.361670+00:00_MP001,2026-09-25T19:45:23.361670+00:00,COR001,MP001,S001,C7nDMQ5I3QswPvpW9EAKAg==,61,70,217,189,28,12.857142857142856,1.148148148148148,1.0,False
2026-09-25T19:45:23.361670+00:00_MP002,2026-09-25T19:45:23.361670+00:00,COR001,MP002,S001,C7nDMQ5I3QswPvpW9EAKAg==,61,70,217,189,28,12.857142857142856,1.148148148148148,1.0,False
2026-09-25T19:45:23.361670+00:00_MP003,2026-09-25T19:45:23.361670+00:00,COR001,MP003,S002,C7nAjg5DYwoyCP8v/mUKAg==,69,69,26,26,0,0.0,1.0,1.0,False
2026-09-25T19:45:23.361670+00:00_MP004,2026-09-25T19:45:23.361670+00:00,COR001,MP004,S002,C7nAaA5DLwsyI/x5+XsKAg==,43,64,174,117,57,32.8125,1.4871794871794872,1.0,False
2026-09-25T19:45:23.361670+00:00_MP005,2026-09-25T19:45:23.361670+00:00,COR001,MP005,S003,C7m+ww5AJQoyMPkA+HEKBA==,48,77,214,133,81,37.66233766233766,1.6090225563909777,1.0,False
2026-09-25T19:45:23.361670+00:00_MP006,2026-09-25T19:45:23.361670+00:00,COR001,MP006,S003,C7m+ww5AJQoyMPkA+HEKBA==,48,77,214,133,81,37.66233766233766,1.6090225563909777,1.0,False
2026-09-25T20:00:28.601540+00:00_MP001,2026-09-25T20:00:28.601540+00:00,COR001,MP001,S001,C7nDMQ5I3QswPvpW9EAKAg==,61,69,217,192,25,11.594202898550725,1.1302083333333333,1.0,False
2026-09-25T20:00:28.601540+00:00_MP002,2026-09-25T20:00:28.601540+00:00,COR001,MP002,S001,C7nDMQ5I3QswPvpW9EAKAg==,61,69,217,192,25,11.594202898550725,1.1302083333333333,1.0,False
2026-09-25T20:00:28.601540+00:00_MP003,2026-09-25T20:00:28.601540+00:00,COR001,MP003,S002,C7nAjg5DYwoyCP8v/mUKAg==,44,69,41,26,15,36.231884057971016,1.5769230769230769,1.0,False
2026-09-25T20:00:28.601540+00:00_MP004,2026-09-25T20:00:28.601540+00:00,COR001,MP004,S002,C7nAaA5DLwsyI/x5+XsKAg==,34,65,221,115,106,47.69230769230769,1.9217391304347824,1.0,False
2026-09-25T20:00:28.601540+00:00_MP005,2026-09-25T20:00:28.601540+00:00,COR001,MP005,S003,C7m+ww5AJQoyMPkA+HEKBA==,51,78,202,132,70,34.61538461538461,1.5303030303030305,1.0,False
2026-09-25T20:00:28.601540+00:00_MP006,2026-09-25T20:00:28.601540+00:00,COR001,MP006,S003,C7m+ww5AJQoyMPkA+HEKBA==,51,78,202,132,70,34.61538461538461,1.5303030303030305,1.0,False
2026-09-25T20:31:01.331995+00:00_MP001,2026-09-25T20:31:01.331995+00:00,COR001,MP001,S001,C7nDMQ5I3QswPvpW9EAKAg==,51,69,259,192,67,26.08695652173913,1.3489583333333333,1.0,False
2026-09-25T20:31:01.331995+00:00_MP002,2026-09-25T20:31:01.331995+00:00,COR001,MP002,S001,C7nDMQ5I3QswPvpW9EAKAg==,51,69,259,192,67,26.08695652173913,1.3489583333333333,1.0,False
2026-09-25T20:31:01.331995+00:00_MP003,2026-09-25T20:31:01.331995+00:00,COR001,MP003,S002,C7nAjg5DYwoyCP8v/mUKAg==,69,69,26,26,0,0.0,1.0,1.0,False
2026-09-25T20:31:01.331995+00:00_MP004,2026-09-25T20:31:01.331995+00:00,COR001,MP004,S002,C7nAaA5DLwsyI/x5+XsKAg==,47,63,159,119,40,25.396825396825395,1.3361344537815123,1.0,False
2026-09-25T20:31:01.331995+00:00_MP005,2026-09-25T20:31:01.331995+00:00,COR001,MP005,S003,C7m+ww5AJQoyMPkA+HEKBA==,54,78,190,132,58,30.76923076923077,1.4393939393939394,1.0,False
2026-09-25T20:31:01.331995+00:00_MP006,2026-09-25T20:31:01.331995+00:00,COR001,MP006,S003,C7m+ww5AJQoyMPkA+HEKBA==,54,78,190,132,58,30.76923076923077,1.4393939393939394,1.0,False
2026-09-25T21:00:25.091961+00:00_MP001,2026-09-25T21:00:25.091961+00:00,COR001,MP001,S001,C7nDMQ5I3QswPvpW9EAKAg==,58,71,228,186,42,18.30985915492958,1.2258064516129032,1.0,False
2026-09-25T21:00:25.091961+00:00_MP002,2026-09-25T21:00:25.091961+00:00,COR001,MP002,S001,C7nDMQ5I3QswPvpW9EAKAg==,58,71,228,186,42,18.30985915492958,1.2258064516129032,1.0,False
2026-09-25T21:00:25.091961+00:00_MP003,2026-09-25T21:00:25.091961+00:00,COR001,MP003,S002,C7nAjg5DYwoyCP8v/mUKAg==,69,69,26,26,0,0.0,1.0,1.0,False
2026-09-25T21:00:25.091961+00:00_MP004,2026-09-25T21:00:25.091961+00:00,COR001,MP004,S002,C7nAaA5DLwsyI/x5+XsKAg==,45,64,167,117,50,29.6875,1.4273504273504274,1.0,False
2026-09-25T21:00:25.091961+00:00_MP005,2026-09-25T21:00:25.091961+00:00,COR001,MP005,S003,C7m+ww5AJQoyMPkA+HEKBA==,57,77,180,133,47,25.97402597402597,1.3533834586466165,1.0,False
2026-09-25T21:00:25.091961+00:00_MP006,2026-09-25T21:00:25.091961+00:00,COR001,MP006,S003,C7m+ww5AJQoyMPkA+HEKBA==,57,77,180,133,47,25.97402597402597,1.3533834586466165,1.0,False
2026-09-25T21:30:26.471323+00:00_MP001,2026-09-25T21:30:26.471323+00:00,COR001,MP001,S001,C7nDMQ5I3QswPvpW9EAKAg==,44,70,301,189,112,37.142857142857146,1.5925925925925926,1.0,False
2026-09-25T21:30:26.471323+00:00_MP002,2026-09-25T21:30:26.471323+00:00,COR001,MP002,S001,C7nDMQ5I3QswPvpW9EAKAg==,44,70,301,189,112,37.142857142857146,1.5925925925925926,1.0,False
2026-09-25T21:30:26.471323+00:00_MP003,2026-09-25T21:30:26.471323+00:00,COR001,MP003,S002,C7nAjg5DYwoyCP8v/mUKAg==,69,69,26,26,0,0.0,1.0,1.0,False
2026-09-25T21:30:26.471323+00:00_MP004,2026-09-25T21:30:26.471323+00:00,COR001,MP004,S002,C7nAaA5DLwsyI/x5+XsKAg==,30,65,250,115,135,53.84615384615385,2.1739130434782608,1.0,False
2026-09-25T21:30:26.471323+00:00_MP005,2026-09-25T21:30:26.471323+00:00,COR001,MP005,S003,C7m+ww5AJQoyMPkA+HEKBA==,57,78,180,132,48,26.923076923076923,1.3636363636363635,1.0,False
2026-09-25T21:30:26.471323+00:00_MP006,2026-09-25T21:30:26.471323+00:00,COR001,MP006,S003,C7m+ww5AJQoyMPkA+HEKBA==,57,78,180,132,48,26.923076923076923,1.3636363636363635,1.0,False
2026-09-25T22:00:26.273884+00:00_MP001,2026-09-25T22:00:26.273884+00:00,COR001,MP001,S001,C7nDMQ5I3QswPvpW9EAKAg==,40,70,331,189,142,42.85714285714285,1.7513227513227514,0.999432,False
2026-09-25T22:00:26.273884+00:00_MP002,2026-09-25T22:00:26.273884+00:00,COR001,MP002,S001,C7nDMQ5I3QswPvpW9EAKAg==,40,70,331,189,142,42.85714285714285,1.7513227513227514,0.999432,False
2026-09-25T22:00:26.273884+00:00_MP003,2026-09-25T22:00:26.273884+00:00,COR001,MP003,S002,C7nAjg5DYwoyCP8v/mUKAg==,69,69,26,26,0,0.0,1.0,1.0,False
2026-09-25T22:00:26.273884+00:00_MP004,2026-09-25T22:00:26.273884+00:00,COR001,MP004,S002,C7nAaA5DLwsyI/x5+XsKAg==,26,64,289,117,172,59.375,2.47008547008547,1.0,False
2026-09-25T22:00:26.273884+00:00_MP005,2026-09-25T22:00:26.273884+00:00,COR001,MP005,S003,C7m+ww5AJQoyMPkA+HEKBA==,53,78,194,132,62,32.05128205128205,1.4696969696969695,1.0,False
2026-09-25T22:00:26.273884+00:00_MP006,2026-09-25T22:00:26.273884+00:00,COR001,MP006,S003,C7m+ww5AJQoyMPkA+HEKBA==,53,78,194,132,62,32.05128205128205,1.4696969696969695,1.0,False
2026-09-25T22:30:25.113983+00:00_MP001,2026-09-25T22:30:25.113983+00:00,COR001,MP001,S001,C7nDMQ5I3QswPvpW9EAKAg==,48,70,276,189,87,31.428571428571427,1.4603174603174602,0.999345,False
2026-09-25T22:30:25.113983+00:00_MP002,2026-09-25T22:30:25.113983+00:00,COR001,MP002,S001,C7nDMQ5I3QswPvpW9EAKAg==,48,70,276,189,87,31.428571428571427,1.4603174603174602,0.999345,False
2026-09-25T22:30:25.113983+00:00_MP003,2026-09-25T22:30:25.113983+00:00,COR001,MP003,S002,C7nAjg5DYwoyCP8v/mUKAg==,45,68,40,26,14,33.82352941176471,1.5384615384615383,1.0,False
2026-09-25T22:30:25.113983+00:00_MP004,2026-09-25T22:30:25.113983+00:00,COR001,MP004,S002,C7nAaA5DLwsyI/x5+XsKAg==,23,63,326,119,207,63.49206349206349,2.739495798319328,1.0,False
2026-09-25T22:30:25.113983+00:00_MP005,2026-09-25T22:30:25.113983+00:00,COR001,MP005,S003,C7m+ww5AJQoyMPkA+HEKBA==,53,77,194,133,61,31.16883116883117,1.4586466165413534,1.0,False
2026-09-25T22:30:25.113983+00:00_MP006,2026-09-25T22:30:25.113983+00:00,COR001,MP006,S003,C7m+ww5AJQoyMPkA+HEKBA==,53,77,194,133,61,31.16883116883117,1.4586466165413534,1.0,False
2026-09-25T23:00:29.864170+00:00_MP001,2026-09-25T23:00:29.864170+00:00,COR001,MP001,S001,C7nDMQ5I3QswPvpW9EAKAg==,47,70,282,189,93,32.857142857142854,1.492063492063492,1.0,False
2026-09-25T23:00:29.864170+00:00_MP002,2026-09-25T23:00:29.864170+00:00,COR001,MP002,S001,C7nDMQ5I3QswPvpW9EAKAg==,47,70,282,189,93,32.857142857142854,1.492063492063492,1.0,False
2026-09-25T23:00:29.864170+00:00_MP003,2026-09-25T23:00:29.864170+00:00,COR001,MP003,S002,C7nAjg5DYwoyCP8v/mUKAg==,69,69,26,26,0,0.0,1.0,1.0,False
2026-09-25T23:00:29.864170+00:00_MP004,2026-09-25T23:00:29.864170+00:00,COR001,MP004,S002,C7nAaA5DLwsyI/x5+XsKAg==,23,64,326,117,209,64.0625,2.786324786324786,1.0,False
2026-09-25T23:00:29.864170+00:00_MP005,2026-09-25T23:00:29.864170+00:00,COR001,MP005,S003,C7m+ww5AJQoyMPkA+HEKBA==,55,77,187,133,54,28.57142857142857,1.406015037593985,1.0,False
2026-09-25T23:00:29.864170+00:00_MP006,2026-09-25T23:00:29.864170+00:00,COR001,MP006,S003,C7m+ww5AJQoyMPkA+HEKBA==,55,77,187,133,54,28.57142857142857,1.406015037593985,1.0,False
2026-09-25T23:30:32.014265+00:00_MP001,2026-09-25T23:30:32.014265+00:00,COR001,MP001,S001,C7nDMQ5I3QswPvpW9EAKAg==,54,71,245,186,59,23.943661971830984,1.3172043010752688,1.0,False
2026-09-25T23:30:32.014265+00:00_MP002,2026-09-25T23:30:32.014265+00:00,COR001,MP002,S001,C7nDMQ5I3QswPvpW9EAKAg==,54,71,245,186,59,23.943661971830984,1.3172043010752688,1.0,False
2026-09-25T23:30:32.014265+00:00_MP003,2026-09-25T23:30:32.014265+00:00,COR001,MP003,S002,C7nAjg5DYwoyCP8v/mUKAg==,43,69,42,26,16,37.68115942028986,1.6153846153846154,1.0,False
2026-09-25T23:30:32.014265+00:00_MP004,2026-09-25T23:30:32.014265+00:00,COR001,MP004,S002,C7nAaA5DLwsyI/x5+XsKAg==,24,63,313,119,194,61.90476190476191,2.630252100840336,1.0,False
2026-09-25T23:30:32.014265+00:00_MP005,2026-09-25T23:30:32.014265+00:00,COR001,MP005,S003,C7m+ww5AJQoyMPkA+HEKBA==,52,78,198,132,66,33.33333333333333,1.5,1.0,False
2026-09-25T23:30:32.014265+00:00_MP006,2026-09-25T23:30:32.014265+00:00,COR001,MP006,S003,C7m+ww5AJQoyMPkA+HEKBA==,52,78,198,132,66,33.33333333333333,1.5,1.0,False
2026-09-26T00:00:26.425942+00:00_MP001,2026-09-26T00:00:26.425942+00:00,COR001,MP001,S001,C7nDMQ5I3QswPvpW9EAKAg==,50,70,265,189,76,28.57142857142857,1.402116402116402,1.0,False
2026-09-26T00:00:26.425942+00:00_MP002,2026-09-26T00:00:26.425942+00:00,COR001,MP002,S001,C7nDMQ5I3QswPvpW9EAKAg==,50,70,265,189,76,28.57142857142857,1.402116402116402,1.0,False
2026-09-26T00:00:26.425942+00:00_MP003,2026-09-26T00:00:26.425942+00:00,COR001,MP003,S002,C7nAjg5DYwoyCP8v/mUKAg==,47,69,38,26,12,31.88405797101449,1.4615384615384617,1.0,False
2026-09-26T00:00:26.425942+00:00_MP004,2026-09-26T00:00:26.425942+00:00,COR001,MP004,S002,C7nAaA5DLwsyI/x5+XsKAg==,20,64,375,117,258,68.75,3.2051282051282053,1.0,False
2026-09-26T00:00:26.425942+00:00_MP005,2026-09-26T00:00:26.425942+00:00,COR001,MP005,S003,C7m+ww5AJQoyMPkA+HEKBA==,53,78,194,132,62,32.05128205128205,1.4696969696969695,1.0,False
2026-09-26T00:00:26.425942+00:00_MP006,2026-09-26T00:00:26.425942+00:00,COR001,MP006,S003,C7m+ww5AJQoyMPkA+HEKBA==,53,78,194,132,62,32.05128205128205,1.4696969696969695,1.0,False
2026-09-26T00:30:28.693838+00:00_MP001,2026-09-26T00:30:28.693838+00:00,COR001,MP001,S001,C7nDMQ5I3QswPvpW9EAKAg==,45,69,294,192,102,34.78260869565217,1.53125,1.0,False
2026-09-26T00:30:28.693838+00:00_MP002,2026-09-26T00:30:28.693838+00:00,COR001,MP002,S001,C7nDMQ5I3QswPvpW9EAKAg==,45,69,294,192,102,34.78260869565217,1.53125,1.0,False
2026-09-26T00:30:28.693838+00:00_MP003,2026-09-26T00:30:28.693838+00:00,COR001,MP003,S002,C7nAjg5DYwoyCP8v/mUKAg==,21,69,86,26,60,69.56521739130434,3.3076923076923075,1.0,False
2026-09-26T00:30:28.693838+00:00_MP004,2026-09-26T00:30:28.693838+00:00,COR001,MP004,S002,C7nAaA5DLwsyI/x5+XsKAg==,16,64,469,117,352,75.0,4.0085470085470085,1.0,False
2026-09-26T00:30:28.693838+00:00_MP005,2026-09-26T00:30:28.693838+00:00,COR001,MP005,S003,C7m+ww5AJQoyMPkA+HEKBA==,48,77,214,133,81,37.66233766233766,1.6090225563909777,1.0,False
2026-09-26T00:30:28.693838+00:00_MP006,2026-09-26T00:30:28.693838+00:00,COR001,MP006,S003,C7m+ww5AJQoyMPkA+HEKBA==,48,77,214,133,81,37.66233766233766,1.6090225563909777,1.0,False
2026-09-26T01:00:28.106759+00:00_MP001,2026-09-26T01:00:28.106759+00:00,COR001,MP001,S001,C7nDMQ5I3QswPvpW9EAKAg==,40,71,331,186,145,43.66197183098591,1.7795698924731185,0.999036,False
2026-09-26T01:00:28.106759+00:00_MP002,2026-09-26T01:00:28.106759+00:00,COR001,MP002,S001,C7nDMQ5I3QswPvpW9EAKAg==,40,71,331,186,145,43.66197183098591,1.7795698924731185,0.999036,False
2026-09-26T01:00:28.106759+00:00_MP003,2026-09-26T01:00:28.106759+00:00,COR001,MP003,S002,C7nAjg5DYwoyCP8v/mUKAg==,11,71,165,25,140,84.50704225352112,6.6,1.0,False
2026-09-26T01:00:28.106759+00:00_MP004,2026-09-26T01:00:28.106759+00:00,COR001,MP004,S002,C7nAaA5DLwsyI/x5+XsKAg==,16,62,469,121,348,74.19354838709677,3.87603305785124,0.998569,False
2026-09-26T01:00:28.106759+00:00_MP005,2026-09-26T01:00:28.106759+00:00,COR001,MP005,S003,C7m+ww5AJQoyMPkA+HEKBA==,54,78,190,132,58,30.76923076923077,1.4393939393939394,1.0,False
2026-09-26T01:00:28.106759+00:00_MP006,2026-09-26T01:00:28.106759+00:00,COR001,MP006,S003,C7m+ww5AJQoyMPkA+HEKBA==,54,78,190,132,58,30.76923076923077,1.4393939393939394,1.0,False
2026-09-26T01:30:22.236198+00:00_MP001,2026-09-26T01:30:22.236198+00:00,COR001,MP001,S001,C7nDMQ5I3QswPvpW9EAKAg==,36,70,368,189,179,48.57142857142857,1.947089947089947,1.0,False
2026-09-26T01:30:22.236198+00:00_MP002,2026-09-26T01:30:22.236198+00:00,COR001,MP002,S001,C7nDMQ5I3QswPvpW9EAKAg==,36,70,368,189,179,48.57142857142857,1.947089947089947,1.0,False
2026-09-26T01:30:22.236198+00:00_MP003,2026-09-26T01:30:22.236198+00:00,COR001,MP003,S002,C7nAjg5DYwoyCP8v/mUKAg==,18,68,101,26,75,73.52941176470588,3.8846153846153846,1.0,False
2026-09-26T01:30:22.236198+00:00_MP004,2026-09-26T01:30:22.236198+00:00,COR001,MP004,S002,C7nAaA5DLwsyI/x5+XsKAg==,17,62,442,121,321,72.58064516129032,3.652892561983471,1.0,False
2026-09-26T01:30:22.236198+00:00_MP005,2026-09-26T01:30:22.236198+00:00,COR001,MP005,S003,C7m+ww5AJQoyMPkA+HEKBA==,51,78,202,132,70,34.61538461538461,1.5303030303030305,1.0,False
2026-09-26T01:30:22.236198+00:00_MP006,2026-09-26T01:30:22.236198+00:00,COR001,MP006,S003,C7m+ww5AJQoyMPkA+HEKBA==,51,78,202,132,70,34.61538461538461,1.5303030303030305,1.0,False
2026-09-26T02:00:23.816263+00:00_MP001,2026-09-26T02:00:23.816263+00:00,COR001,MP001,S001,C7nDMQ5I3QswPvpW9EAKAg==,45,71,294,186,108,36.61971830985916,1.5806451612903225,1.0,False
2026-09-26T02:00:23.816263+00:00_MP002,2026-09-26T02:00:23.816263+00:00,COR001,MP002,S001,C7nDMQ5I3QswPvpW9EAKAg==,45,71,294,186,108,36.61971830985916,1.5806451612903225,1.0,False
2026-09-26T02:00:23.816263+00:00_MP003,2026-09-26T02:00:23.816263+00:00,COR001,MP003,S002,C7nAjg5DYwoyCP8v/mUKAg==,21,69,86,26,60,69.56521739130434,3.3076923076923075,1.0,False
2026-09-26T02:00:23.816263+00:00_MP004,2026-09-26T02:00:23.816263+00:00,COR001,MP004,S002,C7nAaA5DLwsyI/x5+XsKAg==,19,64,395,117,278,70.3125,3.376068376068376,1.0,False
2026-09-26T02:00:23.816263+00:00_MP005,2026-09-26T02:00:23.816263+00:00,COR001,MP005,S003,C7m+ww5AJQoyMPkA+HEKBA==,53,78,194,132,62,32.05128205128205,1.4696969696969695,1.0,False
2026-09-26T02:00:23.816263+00:00_MP006,2026-09-26T02:00:23.816263+00:00,COR001,MP006,S003,C7m+ww5AJQoyMPkA+HEKBA==,53,78,194,132,62,32.05128205128205,1.4696969696969695,1.0,False
2026-09-26T02:30:23.108494+00:00_MP001,2026-09-26T02:30:23.108494+00:00,COR001,MP001,S001,C7nDMQ5I3QswPvpW9EAKAg==,54,71,245,186,59,23.943661971830984,1.3172043010752688,1.0,False
2026-09-26T02:30:23.108494+00:00_MP002,2026-09-26T02:30:23.108494+00:00,COR001,MP002,S001,C7nDMQ5I3QswPvpW9EAKAg==,54,71,245,186,59,23.943661971830984,1.3172043010752688,1.0,False
2026-09-26T02:30:23.108494+00:00_MP003,2026-09-26T02:30:23.108494+00:00,COR001,MP003,S002,C7nAjg5DYwoyCP8v/mUKAg==,53,68,34,26,8,22.058823529411764,1.3076923076923077,1.0,False
2026-09-26T02:30:23.108494+00:00_MP004,2026-09-26T02:30:23.108494+00:00,COR001,MP004,S002,C7nAaA5DLwsyI/x5+XsKAg==,37,64,203,117,86,42.1875,1.735042735042735,1.0,False
2026-09-26T02:30:23.108494+00:00_MP005,2026-09-26T02:30:23.108494+00:00,COR001,MP005,S003,C7m+ww5AJQoyMPkA+HEKBA==,53,77,194,133,61,31.16883116883117,1.4586466165413534,1.0,False
2026-09-26T02:30:23.108494+00:00_MP006,2026-09-26T02:30:23.108494+00:00,COR001,MP006,S003,C7m+ww5AJQoyMPkA+HEKBA==,53,77,194,133,61,31.16883116883117,1.4586466165413534,1.0,False
2026-09-26T03:00:23.880298+00:00_MP001,2026-09-26T03:00:23.880298+00:00,COR001,MP001,S001,C7nDMQ5I3QswPvpW9EAKAg==,50,70,265,189,76,28.57142857142857,1.402116402116402,1.0,False
2026-09-26T03:00:23.880298+00:00_MP002,2026-09-26T03:00:23.880298+00:00,COR001,MP002,S001,C7nDMQ5I3QswPvpW9EAKAg==,50,70,265,189,76,28.57142857142857,1.402116402116402,1.0,False
2026-09-26T03:00:23.880298+00:00_MP003,2026-09-26T03:00:23.880298+00:00,COR001,MP003,S002,C7nAjg5DYwoyCP8v/mUKAg==,53,69,34,26,8,23.18840579710145,1.3076923076923077,1.0,False
2026-09-26T03:00:23.880298+00:00_MP004,2026-09-26T03:00:23.880298+00:00,COR001,MP004,S002,C7nAaA5DLwsyI/x5+XsKAg==,64,64,117,117,0,0.0,1.0,1.0,False
2026-09-26T03:00:23.880298+00:00_MP005,2026-09-26T03:00:23.880298+00:00,COR001,MP005,S003,C7m+ww5AJQoyMPkA+HEKBA==,66,77,156,133,23,14.285714285714285,1.1729323308270676,1.0,False
2026-09-26T03:00:23.880298+00:00_MP006,2026-09-26T03:00:23.880298+00:00,COR001,MP006,S003,C7m+ww5AJQoyMPkA+HEKBA==,66,77,156,133,23,14.285714285714285,1.1729323308270676,1.0,False
2026-09-26T03:30:26.671129+00:00_MP001,2026-09-26T03:30:26.671129+00:00,COR001,MP001,S001,C7nDMQ5I3QswPvpW9EAKAg==,44,70,301,189,112,37.142857142857146,1.5925925925925926,1.0,False
2026-09-26T03:30:26.671129+00:00_MP002,2026-09-26T03:30:26.671129+00:00,COR001,MP002,S001,C7nDMQ5I3QswPvpW9EAKAg==,44,70,301,189,112,37.142857142857146,1.5925925925925926,1.0,False
2026-09-26T03:30:26.671129+00:00_MP003,2026-09-26T03:30:26.671129+00:00,COR001,MP003,S002,C7nAjg5DYwoyCP8v/mUKAg==,40,69,45,26,19,42.028985507246375,1.7307692307692308,1.0,False
2026-09-26T03:30:26.671129+00:00_MP004,2026-09-26T03:30:26.671129+00:00,COR001,MP004,S002,C7nAaA5DLwsyI/x5+XsKAg==,64,64,117,117,0,0.0,1.0,1.0,False
2026-09-26T03:30:26.671129+00:00_MP005,2026-09-26T03:30:26.671129+00:00,COR001,MP005,S003,C7m+ww5AJQoyMPkA+HEKBA==,78,78,132,132,0,0.0,1.0,1.0,False
2026-09-26T03:30:26.671129+00:00_MP006,2026-09-26T03:30:26.671129+00:00,COR001,MP006,S003,C7m+ww5AJQoyMPkA+HEKBA==,78,78,132,132,0,0.0,1.0,1.0,False
2026-09-26T04:00:23.099984+00:00_MP001,2026-09-26T04:00:23.099984+00:00,COR001,MP001,S001,C7nDMQ5I3QswPvpW9EAKAg==,50,70,265,189,76,28.57142857142857,1.402116402116402,1.0,False
2026-09-26T04:00:23.099984+00:00_MP002,2026-09-26T04:00:23.099984+00:00,COR001,MP002,S001,C7nDMQ5I3QswPvpW9EAKAg==,50,70,265,189,76,28.57142857142857,1.402116402116402,1.0,False
2026-09-26T04:00:23.099984+00:00_MP003,2026-09-26T04:00:23.099984+00:00,COR001,MP003,S002,C7nAjg5DYwoyCP8v/mUKAg==,45,69,40,26,14,34.78260869565217,1.5384615384615383,1.0,False
2026-09-26T04:00:23.099984+00:00_MP004,2026-09-26T04:00:23.099984+00:00,COR001,MP004,S002,C7nAaA5DLwsyI/x5+XsKAg==,49,64,153,117,36,23.4375,1.3076923076923077,0.99684,False
2026-09-26T04:00:23.099984+00:00_MP005,2026-09-26T04:00:23.099984+00:00,COR001,MP005,S003,C7m+ww5AJQoyMPkA+HEKBA==,78,78,132,132,0,0.0,1.0,1.0,False
2026-09-26T04:00:23.099984+00:00_MP006,2026-09-26T04:00:23.099984+00:00,COR001,MP006,S003,C7m+ww5AJQoyMPkA+HEKBA==,78,78,132,132,0,0.0,1.0,1.0,False
2026-09-26T04:30:26.146724+00:00_MP001,2026-09-26T04:30:26.146724+00:00,COR001,MP001,S001,C7nDMQ5I3QswPvpW9EAKAg==,54,70,245,189,56,22.857142857142858,1.2962962962962965,0.990624,False
2026-09-26T04:30:26.146724+00:00_MP002,2026-09-26T04:30:26.146724+00:00,COR001,MP002,S001,C7nDMQ5I3QswPvpW9EAKAg==,54,70,245,189,56,22.857142857142858,1.2962962962962965,0.990624,False
2026-09-26T04:30:26.146724+00:00_MP003,2026-09-26T04:30:26.146724+00:00,COR001,MP003,S002,C7nAjg5DYwoyCP8v/mUKAg==,52,69,35,26,9,24.637681159420293,1.3461538461538465,1.0,False
2026-09-26T04:30:26.146724+00:00_MP004,2026-09-26T04:30:26.146724+00:00,COR001,MP004,S002,C7nAaA5DLwsyI/x5+XsKAg==,64,64,117,117,0,0.0,1.0,1.0,False
2026-09-26T04:30:26.146724+00:00_MP005,2026-09-26T04:30:26.146724+00:00,COR001,MP005,S003,C7m+ww5AJQoyMPkA+HEKBA==,78,78,132,132,0,0.0,1.0,1.0,False
2026-09-26T04:30:26.146724+00:00_MP006,2026-09-26T04:30:26.146724+00:00,COR001,MP006,S003,C7m+ww5AJQoyMPkA+HEKBA==,78,78,132,132,0,0.0,1.0,1.0,False
2026-09-26T05:00:26.185702+00:00_MP001,2026-09-26T05:00:26.185702+00:00,COR001,MP001,S001,C7nDMQ5I3QswPvpW9EAKAg==,55,70,240,189,51,21.428571428571427,1.2698412698412698,0.99,False
2026-09-26T05:00:26.185702+00:00_MP002,2026-09-26T05:00:26.185702+00:00,COR001,MP002,S001,C7nDMQ5I3QswPvpW9EAKAg==,55,70,240,189,51,21.428571428571427,1.2698412698412698,0.99,False
2026-09-26T05:00:26.185702+00:00_MP003,2026-09-26T05:00:26.185702+00:00,COR001,MP003,S002,C7nAjg5DYwoyCP8v/mUKAg==,69,69,26,26,0,0.0,1.0,1.0,False
2026-09-26T05:00:26.185702+00:00_MP004,2026-09-26T05:00:26.185702+00:00,COR001,MP004,S002,C7nAaA5DLwsyI/x5+XsKAg==,64,64,117,117,0,0.0,1.0,1.0,False
2026-09-26T05:00:26.185702+00:00_MP005,2026-09-26T05:00:26.185702+00:00,COR001,MP005,S003,C7m+ww5AJQoyMPkA+HEKBA==,78,78,132,132,0,0.0,1.0,1.0,False
2026-09-26T05:00:26.185702+00:00_MP006,2026-09-26T05:00:26.185702+00:00,COR001,MP006,S003,C7m+ww5AJQoyMPkA+HEKBA==,78,78,132,132,0,0.0,1.0,1.0,False
2026-09-26T05:30:22.577626+00:00_MP001,2026-09-26T05:30:22.577626+00:00,COR001,MP001,S001,C7nDMQ5I3QswPvpW9EAKAg==,71,71,186,186,0,0.0,1.0,1.0,False
2026-09-26T05:30:22.577626+00:00_MP002,2026-09-26T05:30:22.577626+00:00,COR001,MP002,S001,C7nDMQ5I3QswPvpW9EAKAg==,71,71,186,186,0,0.0,1.0,1.0,False
2026-09-26T05:30:22.577626+00:00_MP003,2026-09-26T05:30:22.577626+00:00,COR001,MP003,S002,C7nAjg5DYwoyCP8v/mUKAg==,69,69,26,26,0,0.0,1.0,1.0,False
2026-09-26T05:30:22.577626+00:00_MP004,2026-09-26T05:30:22.577626+00:00,COR001,MP004,S002,C7nAaA5DLwsyI/x5+XsKAg==,64,64,117,117,0,0.0,1.0,1.0,False
2026-09-26T05:30:22.577626+00:00_MP005,2026-09-26T05:30:22.577626+00:00,COR001,MP005,S003,C7m+ww5AJQoyMPkA+HEKBA==,78,78,132,132,0,0.0,1.0,1.0,False
2026-09-26T05:30:22.577626+00:00_MP006,2026-09-26T05:30:22.577626+00:00,COR001,MP006,S003,C7m+ww5AJQoyMPkA+HEKBA==,78,78,132,132,0,0.0,1.0,1.0,False
2026-09-26T06:00:24.589132+00:00_MP001,2026-09-26T06:00:24.589132+00:00,COR001,MP001,S001,C7nDMQ5I3QswPvpW9EAKAg==,71,71,186,186,0,0.0,1.0,1.0,False
2026-09-26T06:00:24.589132+00:00_MP002,2026-09-26T06:00:24.589132+00:00,COR001,MP002,S001,C7nDMQ5I3QswPvpW9EAKAg==,71,71,186,186,0,0.0,1.0,1.0,False
2026-09-26T06:00:24.589132+00:00_MP003,2026-09-26T06:00:24.589132+00:00,COR001,MP003,S002,C7nAjg5DYwoyCP8v/mUKAg==,69,69,26,26,0,0.0,1.0,1.0,False
2026-09-26T06:00:24.589132+00:00_MP004,2026-09-26T06:00:24.589132+00:00,COR001,MP004,S002,C7nAaA5DLwsyI/x5+XsKAg==,64,64,117,117,0,0.0,1.0,1.0,False
2026-09-26T06:00:24.589132+00:00_MP005,2026-09-26T06:00:24.589132+00:00,COR001,MP005,S003,C7m+ww5AJQoyMPkA+HEKBA==,78,78,132,132,0,0.0,1.0,1.0,False
2026-09-26T06:00:24.589132+00:00_MP006,2026-09-26T06:00:24.589132+00:00,COR001,MP006,S003,C7m+ww5AJQoyMPkA+HEKBA==,78,78,132,132,0,0.0,1.0,1.0,False
2026-09-26T06:30:28.059078+00:00_MP001,2026-09-26T06:30:28.059078+00:00,COR001,MP001,S001,C7nDMQ5I3QswPvpW9EAKAg==,71,71,186,186,0,0.0,1.0,1.0,False
2026-09-26T06:30:28.059078+00:00_MP002,2026-09-26T06:30:28.059078+00:00,COR001,MP002,S001,C7nDMQ5I3QswPvpW9EAKAg==,71,71,186,186,0,0.0,1.0,1.0,False
2026-09-26T06:30:28.059078+00:00_MP003,2026-09-26T06:30:28.059078+00:00,COR001,MP003,S002,C7nAjg5DYwoyCP8v/mUKAg==,69,69,26,26,0,0.0,1.0,1.0,False
2026-09-26T06:30:28.059078+00:00_MP004,2026-09-26T06:30:28.059078+00:00,COR001,MP004,S002,C7nAaA5DLwsyI/x5+XsKAg==,64,64,117,117,0,0.0,1.0,1.0,False
2026-09-26T06:30:28.059078+00:00_MP005,2026-09-26T06:30:28.059078+00:00,COR001,MP005,S003,C7m+ww5AJQoyMPkA+HEKBA==,78,78,132,132,0,0.0,1.0,1.0,False
2026-09-26T06:30:28.059078+00:00_MP006,2026-09-26T06:30:28.059078+00:00,COR001,MP006,S003,C7m+ww5AJQoyMPkA+HEKBA==,78,78,132,132,0,0.0,1.0,1.0,False
2026-09-26T07:00:27.623061+00:00_MP001,2026-09-26T07:00:27.623061+00:00,COR001,MP001,S001,C7nDMQ5I3QswPvpW9EAKAg==,71,71,186,186,0,0.0,1.0,1.0,False
2026-09-26T07:00:27.623061+00:00_MP002,2026-09-26T07:00:27.623061+00:00,COR001,MP002,S001,C7nDMQ5I3QswPvpW9EAKAg==,71,71,186,186,0,0.0,1.0,1.0,False
2026-09-26T07:00:27.623061+00:00_MP003,2026-09-26T07:00:27.623061+00:00,COR001,MP003,S002,C7nAjg5DYwoyCP8v/mUKAg==,69,69,26,26,0,0.0,1.0,1.0,False
2026-09-26T07:00:27.623061+00:00_MP004,2026-09-26T07:00:27.623061+00:00,COR001,MP004,S002,C7nAaA5DLwsyI/x5+XsKAg==,64,64,117,117,0,0.0,1.0,1.0,False
2026-09-26T07:00:27.623061+00:00_MP005,2026-09-26T07:00:27.623061+00:00,COR001,MP005,S003,C7m+ww5AJQoyMPkA+HEKBA==,78,78,132,132,0,0.0,1.0,1.0,False
2026-09-26T07:00:27.623061+00:00_MP006,2026-09-26T07:00:27.623061+00:00,COR001,MP006,S003,C7m+ww5AJQoyMPkA+HEKBA==,78,78,132,132,0,0.0,1.0,1.0,False
2026-09-26T07:31:01.126525+00:00_MP001,2026-09-26T07:31:01.126525+00:00,COR001,MP001,S001,C7nDMQ5I3QswPvpW9EAKAg==,71,71,186,186,0,0.0,1.0,1.0,False
2026-09-26T07:31:01.126525+00:00_MP002,2026-09-26T07:31:01.126525+00:00,COR001,MP002,S001,C7nDMQ5I3QswPvpW9EAKAg==,71,71,186,186,0,0.0,1.0,1.0,False
2026-09-26T07:31:01.126525+00:00_MP003,2026-09-26T07:31:01.126525+00:00,COR001,MP003,S002,C7nAjg5DYwoyCP8v/mUKAg==,69,69,26,26,0,0.0,1.0,1.0,False
2026-09-26T07:31:01.126525+00:00_MP004,2026-09-26T07:31:01.126525+00:00,COR001,MP004,S002,C7nAaA5DLwsyI/x5+XsKAg==,64,64,117,117,0,0.0,1.0,1.0,False
2026-09-26T07:31:01.126525+00:00_MP005,2026-09-26T07:31:01.126525+00:00,COR001,MP005,S003,C7m+ww5AJQoyMPkA+HEKBA==,78,78,132,132,0,0.0,1.0,1.0,False
2026-09-26T07:31:01.126525+00:00_MP006,2026-09-26T07:31:01.126525+00:00,COR001,MP006,S003,C7m+ww5AJQoyMPkA+HEKBA==,78,78,132,132,0,0.0,1.0,1.0,False
2026-09-26T08:00:27.216521+00:00_MP001,2026-09-26T08:00:27.216521+00:00,COR001,MP001,S001,C7nDMQ5I3QswPvpW9EAKAg==,71,71,186,186,0,0.0,1.0,1.0,False
2026-09-26T08:00:27.216521+00:00_MP002,2026-09-26T08:00:27.216521+00:00,COR001,MP002,S001,C7nDMQ5I3QswPvpW9EAKAg==,71,71,186,186,0,0.0,1.0,1.0,False
2026-09-26T08:00:27.216521+00:00_MP003,2026-09-26T08:00:27.216521+00:00,COR001,MP003,S002,C7nAjg5DYwoyCP8v/mUKAg==,69,69,26,26,0,0.0,1.0,1.0,False
2026-09-26T08:00:27.216521+00:00_MP004,2026-09-26T08:00:27.216521+00:00,COR001,MP004,S002,C7nAaA5DLwsyI/x5+XsKAg==,64,64,117,117,0,0.0,1.0,1.0,False
2026-09-26T08:00:27.216521+00:00_MP005,2026-09-26T08:00:27.216521+00:00,COR001,MP005,S003,C7m+ww5AJQoyMPkA+HEKBA==,78,78,132,132,0,0.0,1.0,1.0,False
2026-09-26T08:00:27.216521+00:00_MP006,2026-09-26T08:00:27.216521+00:00,COR001,MP006,S003,C7m+ww5AJQoyMPkA+HEKBA==,78,78,132,132,0,0.0,1.0,1.0,False
2026-09-26T08:30:26.375207+00:00_MP001,2026-09-26T08:30:26.375207+00:00,COR001,MP001,S001,C7nDMQ5I3QswPvpW9EAKAg==,71,71,186,186,0,0.0,1.0,1.0,False
2026-09-26T08:30:26.375207+00:00_MP002,2026-09-26T08:30:26.375207+00:00,COR001,MP002,S001,C7nDMQ5I3QswPvpW9EAKAg==,71,71,186,186,0,0.0,1.0,1.0,False
2026-09-26T08:30:26.375207+00:00_MP003,2026-09-26T08:30:26.375207+00:00,COR001,MP003,S002,C7nAjg5DYwoyCP8v/mUKAg==,69,69,26,26,0,0.0,1.0,1.0,False
2026-09-26T08:30:26.375207+00:00_MP004,2026-09-26T08:30:26.375207+00:00,COR001,MP004,S002,C7nAaA5DLwsyI/x5+XsKAg==,64,64,117,117,0,0.0,1.0,1.0,False
2026-09-26T08:30:26.375207+00:00_MP005,2026-09-26T08:30:26.375207+00:00,COR001,MP005,S003,C7m+ww5AJQoyMPkA+HEKBA==,78,78,132,132,0,0.0,1.0,1.0,False
2026-09-26T08:30:26.375207+00:00_MP006,2026-09-26T08:30:26.375207+00:00,COR001,MP006,S003,C7m+ww5AJQoyMPkA+HEKBA==,78,78,132,132,0,0.0,1.0,1.0,False
2026-09-26T09:00:23.143002+00:00_MP001,2026-09-26T09:00:23.143002+00:00,COR001,MP001,S001,C7nDMQ5I3QswPvpW9EAKAg==,71,71,186,186,0,0.0,1.0,1.0,False
2026-09-26T09:00:23.143002+00:00_MP002,2026-09-26T09:00:23.143002+00:00,COR001,MP002,S001,C7nDMQ5I3QswPvpW9EAKAg==,71,71,186,186,0,0.0,1.0,1.0,False
2026-09-26T09:00:23.143002+00:00_MP003,2026-09-26T09:00:23.143002+00:00,COR001,MP003,S002,C7nAjg5DYwoyCP8v/mUKAg==,69,69,26,26,0,0.0,1.0,1.0,False
2026-09-26T09:00:23.143002+00:00_MP004,2026-09-26T09:00:23.143002+00:00,COR001,MP004,S002,C7nAaA5DLwsyI/x5+XsKAg==,52,64,144,117,27,18.75,1.2307692307692308,0.983106,False
2026-09-26T09:00:23.143002+00:00_MP005,2026-09-26T09:00:23.143002+00:00,COR001,MP005,S003,C7m+ww5AJQoyMPkA+HEKBA==,78,78,132,132,0,0.0,1.0,1.0,False
2026-09-26T09:00:23.143002+00:00_MP006,2026-09-26T09:00:23.143002+00:00,COR001,MP006,S003,C7m+ww5AJQoyMPkA+HEKBA==,78,78,132,132,0,0.0,1.0,1.0,False
2026-09-26T09:30:28.790788+00:00_MP001,2026-09-26T09:30:28.790788+00:00,COR001,MP001,S001,C7nDMQ5I3QswPvpW9EAKAg==,71,71,186,186,0,0.0,1.0,1.0,False
2026-09-26T09:30:28.790788+00:00_MP002,2026-09-26T09:30:28.790788+00:00,COR001,MP002,S001,C7nDMQ5I3QswPvpW9EAKAg==,71,71,186,186,0,0.0,1.0,1.0,False
2026-09-26T09:30:28.790788+00:00_MP003,2026-09-26T09:30:28.790788+00:00,COR001,MP003,S002,C7nAjg5DYwoyCP8v/mUKAg==,69,69,26,26,0,0.0,1.0,1.0,False
2026-09-26T09:30:28.790788+00:00_MP004,2026-09-26T09:30:28.790788+00:00,COR001,MP004,S002,C7nAaA5DLwsyI/x5+XsKAg==,64,64,117,117,0,0.0,1.0,1.0,False
2026-09-26T09:30:28.790788+00:00_MP005,2026-09-26T09:30:28.790788+00:00,COR001,MP005,S003,C7m+ww5AJQoyMPkA+HEKBA==,73,77,141,133,8,5.194805194805195,1.0601503759398496,0.935991,False
2026-09-26T09:30:28.790788+00:00_MP006,2026-09-26T09:30:28.790788+00:00,COR001,MP006,S003,C7m+ww5AJQoyMPkA+HEKBA==,73,77,141,133,8,5.194805194805195,1.0601503759398496,0.935991,False
2026-09-26T10:00:28.303196+00:00_MP001,2026-09-26T10:00:28.303196+00:00,COR001,MP001,S001,C7nDMQ5I3QswPvpW9EAKAg==,71,71,186,186,0,0.0,1.0,1.0,False
2026-09-26T10:00:28.303196+00:00_MP002,2026-09-26T10:00:28.303196+00:00,COR001,MP002,S001,C7nDMQ5I3QswPvpW9EAKAg==,71,71,186,186,0,0.0,1.0,1.0,False
2026-09-26T10:00:28.303196+00:00_MP003,2026-09-26T10:00:28.303196+00:00,COR001,MP003,S002,C7nAjg5DYwoyCP8v/mUKAg==,69,69,26,26,0,0.0,1.0,1.0,False
2026-09-26T10:00:28.303196+00:00_MP004,2026-09-26T10:00:28.303196+00:00,COR001,MP004,S002,C7nAaA5DLwsyI/x5+XsKAg==,64,64,117,117,0,0.0,1.0,1.0,False
2026-09-26T10:00:28.303196+00:00_MP005,2026-09-26T10:00:28.303196+00:00,COR001,MP005,S003,C7m+ww5AJQoyMPkA+HEKBA==,78,78,132,132,0,0.0,1.0,1.0,False
2026-09-26T10:00:28.303196+00:00_MP006,2026-09-26T10:00:28.303196+00:00,COR001,MP006,S003,C7m+ww5AJQoyMPkA+HEKBA==,78,78,132,132,0,0.0,1.0,1.0,False
2026-09-26T10:30:23.571334+00:00_MP001,2026-09-26T10:30:23.571334+00:00,COR001,MP001,S001,C7nDMQ5I3QswPvpW9EAKAg==,71,71,186,186,0,0.0,1.0,1.0,False
2026-09-26T10:30:23.571334+00:00_MP002,2026-09-26T10:30:23.571334+00:00,COR001,MP002,S001,C7nDMQ5I3QswPvpW9EAKAg==,71,71,186,186,0,0.0,1.0,1.0,False
2026-09-26T10:30:23.571334+00:00_MP003,2026-09-26T10:30:23.571334+00:00,COR001,MP003,S002,C7nAjg5DYwoyCP8v/mUKAg==,69,69,26,26,0,0.0,1.0,1.0,False
2026-09-26T10:30:23.571334+00:00_MP004,2026-09-26T10:30:23.571334+00:00,COR001,MP004,S002,C7nAaA5DLwsyI/x5+XsKAg==,64,64,117,117,0,0.0,1.0,1.0,False
2026-09-26T10:30:23.571334+00:00_MP005,2026-09-26T10:30:23.571334+00:00,COR001,MP005,S003,C7m+ww5AJQoyMPkA+HEKBA==,78,78,132,132,0,0.0,1.0,1.0,False
2026-09-26T10:30:23.571334+00:00_MP006,2026-09-26T10:30:23.571334+00:00,COR001,MP006,S003,C7m+ww5AJQoyMPkA+HEKBA==,78,78,132,132,0,0.0,1.0,1.0,False
2026-09-26T11:00:26.499427+00:00_MP001,2026-09-26T11:00:26.499427+00:00,COR001,MP001,S001,C7nDMQ5I3QswPvpW9EAKAg==,71,71,186,186,0,0.0,1.0,1.0,False
2026-09-26T11:00:26.499427+00:00_MP002,2026-09-26T11:00:26.499427+00:00,COR001,MP002,S001,C7nDMQ5I3QswPvpW9EAKAg==,71,71,186,186,0,0.0,1.0,1.0,False
2026-09-26T11:00:26.499427+00:00_MP003,2026-09-26T11:00:26.499427+00:00,COR001,MP003,S002,C7nAjg5DYwoyCP8v/mUKAg==,69,69,26,26,0,0.0,1.0,1.0,False
2026-09-26T11:00:26.499427+00:00_MP004,2026-09-26T11:00:26.499427+00:00,COR001,MP004,S002,C7nAaA5DLwsyI/x5+XsKAg==,64,64,117,117,0,0.0,1.0,1.0,False
2026-09-26T11:00:26.499427+00:00_MP005,2026-09-26T11:00:26.499427+00:00,COR001,MP005,S003,C7m+ww5AJQoyMPkA+HEKBA==,78,78,132,132,0,0.0,1.0,1.0,False
2026-09-26T11:00:26.499427+00:00_MP006,2026-09-26T11:00:26.499427+00:00,COR001,MP006,S003,C7m+ww5AJQoyMPkA+HEKBA==,78,78,132,132,0,0.0,1.0,1.0,False
2026-09-26T11:30:23.849205+00:00_MP001,2026-09-26T11:30:23.849205+00:00,COR001,MP001,S001,C7nDMQ5I3QswPvpW9EAKAg==,71,71,186,186,0,0.0,1.0,1.0,False
2026-09-26T11:30:23.849205+00:00_MP002,2026-09-26T11:30:23.849205+00:00,COR001,MP002,S001,C7nDMQ5I3QswPvpW9EAKAg==,71,71,186,186,0,0.0,1.0,1.0,False
2026-09-26T11:30:23.849205+00:00_MP003,2026-09-26T11:30:23.849205+00:00,COR001,MP003,S002,C7nAjg5DYwoyCP8v/mUKAg==,69,69,26,26,0,0.0,1.0,1.0,False
2026-09-26T11:30:23.849205+00:00_MP004,2026-09-26T11:30:23.849205+00:00,COR001,MP004,S002,C7nAaA5DLwsyI/x5+XsKAg==,58,64,129,117,12,9.375,1.1025641025641026,0.992105,False
2026-09-26T11:30:23.849205+00:00_MP005,2026-09-26T11:30:23.849205+00:00,COR001,MP005,S003,C7m+ww5AJQoyMPkA+HEKBA==,78,78,132,132,0,0.0,1.0,1.0,False
2026-09-26T11:30:23.849205+00:00_MP006,2026-09-26T11:30:23.849205+00:00,COR001,MP006,S003,C7m+ww5AJQoyMPkA+HEKBA==,78,78,132,132,0,0.0,1.0,1.0,False
2026-09-26T12:00:25.790332+00:00_MP001,2026-09-26T12:00:25.790332+00:00,COR001,MP001,S001,C7nDMQ5I3QswPvpW9EAKAg==,71,71,186,186,0,0.0,1.0,1.0,False
2026-09-26T12:00:25.790332+00:00_MP002,2026-09-26T12:00:25.790332+00:00,COR001,MP002,S001,C7nDMQ5I3QswPvpW9EAKAg==,71,71,186,186,0,0.0,1.0,1.0,False
2026-09-26T12:00:25.790332+00:00_MP003,2026-09-26T12:00:25.790332+00:00,COR001,MP003,S002,C7nAjg5DYwoyCP8v/mUKAg==,69,69,26,26,0,0.0,1.0,1.0,False
2026-09-26T12:00:25.790332+00:00_MP004,2026-09-26T12:00:25.790332+00:00,COR001,MP004,S002,C7nAaA5DLwsyI/x5+XsKAg==,64,64,117,117,0,0.0,1.0,1.0,False
2026-09-26T12:00:25.790332+00:00_MP005,2026-09-26T12:00:25.790332+00:00,COR001,MP005,S003,C7m+ww5AJQoyMPkA+HEKBA==,78,78,132,132,0,0.0,1.0,1.0,False
2026-09-26T12:00:25.790332+00:00_MP006,2026-09-26T12:00:25.790332+00:00,COR001,MP006,S003,C7m+ww5AJQoyMPkA+HEKBA==,78,78,132,132,0,0.0,1.0,1.0,False
2026-09-26T12:30:23.953351+00:00_MP001,2026-09-26T12:30:23.953351+00:00,COR001,MP001,S001,C7nDMQ5I3QswPvpW9EAKAg==,71,71,186,186,0,0.0,1.0,1.0,False
2026-09-26T12:30:23.953351+00:00_MP002,2026-09-26T12:30:23.953351+00:00,COR001,MP002,S001,C7nDMQ5I3QswPvpW9EAKAg==,71,71,186,186,0,0.0,1.0,1.0,False
2026-09-26T12:30:23.953351+00:00_MP003,2026-09-26T12:30:23.953351+00:00,COR001,MP003,S002,C7nAjg5DYwoyCP8v/mUKAg==,69,69,26,26,0,0.0,1.0,1.0,False
2026-09-26T12:30:23.953351+00:00_MP004,2026-09-26T12:30:23.953351+00:00,COR001,MP004,S002,C7nAaA5DLwsyI/x5+XsKAg==,64,64,117,117,0,0.0,1.0,1.0,False
2026-09-26T12:30:23.953351+00:00_MP005,2026-09-26T12:30:23.953351+00:00,COR001,MP005,S003,C7m+ww5AJQoyMPkA+HEKBA==,78,78,132,132,0,0.0,1.0,1.0,False
2026-09-26T12:30:23.953351+00:00_MP006,2026-09-26T12:30:23.953351+00:00,COR001,MP006,S003,C7m+ww5AJQoyMPkA+HEKBA==,78,78,132,132,0,0.0,1.0,1.0,False
2026-09-26T13:00:26.116590+00:00_MP001,2026-09-26T13:00:26.116590+00:00,COR001,MP001,S001,C7nDMQ5I3QswPvpW9EAKAg==,71,71,186,186,0,0.0,1.0,1.0,False
2026-09-26T13:00:26.116590+00:00_MP002,2026-09-26T13:00:26.116590+00:00,COR001,MP002,S001,C7nDMQ5I3QswPvpW9EAKAg==,71,71,186,186,0,0.0,1.0,1.0,False
2026-09-26T13:00:26.116590+00:00_MP003,2026-09-26T13:00:26.116590+00:00,COR001,MP003,S002,C7nAjg5DYwoyCP8v/mUKAg==,69,69,26,26,0,0.0,1.0,1.0,False
2026-09-26T13:00:26.116590+00:00_MP004,2026-09-26T13:00:26.116590+00:00,COR001,MP004,S002,C7nAaA5DLwsyI/x5+XsKAg==,64,64,117,117,0,0.0,1.0,1.0,False
2026-09-26T13:00:26.116590+00:00_MP005,2026-09-26T13:00:26.116590+00:00,COR001,MP005,S003,C7m+ww5AJQoyMPkA+HEKBA==,78,78,132,132,0,0.0,1.0,1.0,False
2026-09-26T13:00:26.116590+00:00_MP006,2026-09-26T13:00:26.116590+00:00,COR001,MP006,S003,C7m+ww5AJQoyMPkA+HEKBA==,78,78,132,132,0,0.0,1.0,1.0,False
2026-09-26T13:30:22.518375+00:00_MP001,2026-09-26T13:30:22.518375+00:00,COR001,MP001,S001,C7nDMQ5I3QswPvpW9EAKAg==,71,71,186,186,0,0.0,1.0,1.0,False
2026-09-26T13:30:22.518375+00:00_MP002,2026-09-26T13:30:22.518375+00:00,COR001,MP002,S001,C7nDMQ5I3QswPvpW9EAKAg==,71,71,186,186,0,0.0,1.0,1.0,False
2026-09-26T13:30:22.518375+00:00_MP003,2026-09-26T13:30:22.518375+00:00,COR001,MP003,S002,C7nAjg5DYwoyCP8v/mUKAg==,69,69,26,26,0,0.0,1.0,1.0,False
2026-09-26T13:30:22.518375+00:00_MP004,2026-09-26T13:30:22.518375+00:00,COR001,MP004,S002,C7nAaA5DLwsyI/x5+XsKAg==,64,64,117,117,0,0.0,1.0,1.0,False
2026-09-26T13:30:22.518375+00:00_MP005,2026-09-26T13:30:22.518375+00:00,COR001,MP005,S003,C7m+ww5AJQoyMPkA+HEKBA==,78,78,132,132,0,0.0,1.0,1.0,False
2026-09-26T13:30:22.518375+00:00_MP006,2026-09-26T13:30:22.518375+00:00,COR001,MP006,S003,C7m+ww5AJQoyMPkA+HEKBA==,78,78,132,132,0,0.0,1.0,1.0,False
2026-09-26T14:00:25.715825+00:00_MP001,2026-09-26T14:00:25.715825+00:00,COR001,MP001,S001,C7nDMQ5I3QswPvpW9EAKAg==,71,71,186,186,0,0.0,1.0,1.0,False
2026-09-26T14:00:25.715825+00:00_MP002,2026-09-26T14:00:25.715825+00:00,COR001,MP002,S001,C7nDMQ5I3QswPvpW9EAKAg==,71,71,186,186,0,0.0,1.0,1.0,False
2026-09-26T14:00:25.715825+00:00_MP003,2026-09-26T14:00:25.715825+00:00,COR001,MP003,S002,C7nAjg5DYwoyCP8v/mUKAg==,69,69,26,26,0,0.0,1.0,1.0,False
2026-09-26T14:00:25.715825+00:00_MP004,2026-09-26T14:00:25.715825+00:00,COR001,MP004,S002,C7nAaA5DLwsyI/x5+XsKAg==,48,64,156,117,39,25.0,1.3333333333333333,0.998276,False
2026-09-26T14:00:25.715825+00:00_MP005,2026-09-26T14:00:25.715825+00:00,COR001,MP005,S003,C7m+ww5AJQoyMPkA+HEKBA==,60,77,171,133,38,22.07792207792208,1.2857142857142858,1.0,False
2026-09-26T14:00:25.715825+00:00_MP006,2026-09-26T14:00:25.715825+00:00,COR001,MP006,S003,C7m+ww5AJQoyMPkA+HEKBA==,60,77,171,133,38,22.07792207792208,1.2857142857142858,1.0,False
2026-09-26T14:30:24.172453+00:00_MP001,2026-09-26T14:30:24.172453+00:00,COR001,MP001,S001,C7nDMQ5I3QswPvpW9EAKAg==,71,71,186,186,0,0.0,1.0,1.0,False
2026-09-26T14:30:24.172453+00:00_MP002,2026-09-26T14:30:24.172453+00:00,COR001,MP002,S001,C7nDMQ5I3QswPvpW9EAKAg==,71,71,186,186,0,0.0,1.0,1.0,False
2026-09-26T14:30:24.172453+00:00_MP003,2026-09-26T14:30:24.172453+00:00,COR001,MP003,S002,C7nAjg5DYwoyCP8v/mUKAg==,69,69,26,26,0,0.0,1.0,1.0,False
2026-09-26T14:30:24.172453+00:00_MP004,2026-09-26T14:30:24.172453+00:00,COR001,MP004,S002,C7nAaA5DLwsyI/x5+XsKAg==,57,64,131,117,14,10.9375,1.1196581196581197,0.998276,False
2026-09-26T14:30:24.172453+00:00_MP005,2026-09-26T14:30:24.172453+00:00,COR001,MP005,S003,C7m+ww5AJQoyMPkA+HEKBA==,78,78,132,132,0,0.0,1.0,1.0,False
2026-09-26T14:30:24.172453+00:00_MP006,2026-09-26T14:30:24.172453+00:00,COR001,MP006,S003,C7m+ww5AJQoyMPkA+HEKBA==,78,78,132,132,0,0.0,1.0,1.0,False
2026-09-26T15:00:24.653965+00:00_MP001,2026-09-26T15:00:24.653965+00:00,COR001,MP001,S001,C7nDMQ5I3QswPvpW9EAKAg==,71,71,186,186,0,0.0,1.0,1.0,False
2026-09-26T15:00:24.653965+00:00_MP002,2026-09-26T15:00:24.653965+00:00,COR001,MP002,S001,C7nDMQ5I3QswPvpW9EAKAg==,71,71,186,186,0,0.0,1.0,1.0,False
2026-09-26T15:00:24.653965+00:00_MP003,2026-09-26T15:00:24.653965+00:00,COR001,MP003,S002,C7nAjg5DYwoyCP8v/mUKAg==,69,69,26,26,0,0.0,1.0,1.0,False
2026-09-26T15:00:24.653965+00:00_MP004,2026-09-26T15:00:24.653965+00:00,COR001,MP004,S002,C7nAaA5DLwsyI/x5+XsKAg==,64,64,117,117,0,0.0,1.0,1.0,False
2026-09-26T15:00:24.653965+00:00_MP005,2026-09-26T15:00:24.653965+00:00,COR001,MP005,S003,C7m+ww5AJQoyMPkA+HEKBA==,78,78,132,132,0,0.0,1.0,1.0,False
2026-09-26T15:00:24.653965+00:00_MP006,2026-09-26T15:00:24.653965+00:00,COR001,MP006,S003,C7m+ww5AJQoyMPkA+HEKBA==,78,78,132,132,0,0.0,1.0,1.0,False
2026-09-26T15:30:26.441250+00:00_MP001,2026-09-26T15:30:26.441250+00:00,COR001,MP001,S001,C7nDMQ5I3QswPvpW9EAKAg==,71,71,186,186,0,0.0,1.0,1.0,False
2026-09-26T15:30:26.441250+00:00_MP002,2026-09-26T15:30:26.441250+00:00,COR001,MP002,S001,C7nDMQ5I3QswPvpW9EAKAg==,71,71,186,186,0,0.0,1.0,1.0,False
2026-09-26T15:30:26.441250+00:00_MP003,2026-09-26T15:30:26.441250+00:00,COR001,MP003,S002,C7nAjg5DYwoyCP8v/mUKAg==,69,69,26,26,0,0.0,1.0,1.0,False
2026-09-26T15:30:26.441250+00:00_MP004,2026-09-26T15:30:26.441250+00:00,COR001,MP004,S002,C7nAaA5DLwsyI/x5+XsKAg==,64,64,117,117,0,0.0,1.0,1.0,False
2026-09-26T15:30:26.441250+00:00_MP005,2026-09-26T15:30:26.441250+00:00,COR001,MP005,S003,C7m+ww5AJQoyMPkA+HEKBA==,78,78,132,132,0,0.0,1.0,1.0,False
2026-09-26T15:30:26.441250+00:00_MP006,2026-09-26T15:30:26.441250+00:00,COR001,MP006,S003,C7m+ww5AJQoyMPkA+HEKBA==,78,78,132,132,0,0.0,1.0,1.0,False
2026-09-26T16:00:26.241456+00:00_MP001,2026-09-26T16:00:26.241456+00:00,COR001,MP001,S001,C7nDMQ5I3QswPvpW9EAKAg==,71,71,186,186,0,0.0,1.0,1.0,False
2026-09-26T16:00:26.241456+00:00_MP002,2026-09-26T16:00:26.241456+00:00,COR001,MP002,S001,C7nDMQ5I3QswPvpW9EAKAg==,71,71,186,186,0,0.0,1.0,1.0,False
2026-09-26T16:00:26.241456+00:00_MP003,2026-09-26T16:00:26.241456+00:00,COR001,MP003,S002,C7nAjg5DYwoyCP8v/mUKAg==,69,69,26,26,0,0.0,1.0,1.0,False
2026-09-26T16:00:26.241456+00:00_MP004,2026-09-26T16:00:26.241456+00:00,COR001,MP004,S002,C7nAaA5DLwsyI/x5+XsKAg==,51,64,147,117,30,20.3125,1.2564102564102564,1.0,False
2026-09-26T16:00:26.241456+00:00_MP005,2026-09-26T16:00:26.241456+00:00,COR001,MP005,S003,C7m+ww5AJQoyMPkA+HEKBA==,63,77,163,133,30,18.181818181818183,1.2255639097744362,1.0,False
2026-09-26T16:00:26.241456+00:00_MP006,2026-09-26T16:00:26.241456+00:00,COR001,MP006,S003,C7m+ww5AJQoyMPkA+HEKBA==,63,77,163,133,30,18.181818181818183,1.2255639097744362,1.0,False
2026-09-26T16:30:23.525269+00:00_MP001,2026-09-26T16:30:23.525269+00:00,COR001,MP001,S001,C7nDMQ5I3QswPvpW9EAKAg==,71,71,186,186,0,0.0,1.0,1.0,False
2026-09-26T16:30:23.525269+00:00_MP002,2026-09-26T16:30:23.525269+00:00,COR001,MP002,S001,C7nDMQ5I3QswPvpW9EAKAg==,71,71,186,186,0,0.0,1.0,1.0,False
2026-09-26T16:30:23.525269+00:00_MP003,2026-09-26T16:30:23.525269+00:00,COR001,MP003,S002,C7nAjg5DYwoyCP8v/mUKAg==,69,69,26,26,0,0.0,1.0,1.0,False
2026-09-26T16:30:23.525269+00:00_MP004,2026-09-26T16:30:23.525269+00:00,COR001,MP004,S002,C7nAaA5DLwsyI/x5+XsKAg==,59,64,127,117,10,7.8125,1.0854700854700854,0.998276,False
2026-09-26T16:30:23.525269+00:00_MP005,2026-09-26T16:30:23.525269+00:00,COR001,MP005,S003,C7m+ww5AJQoyMPkA+HEKBA==,78,78,132,132,0,0.0,1.0,1.0,False
2026-09-26T16:30:23.525269+00:00_MP006,2026-09-26T16:30:23.525269+00:00,COR001,MP006,S003,C7m+ww5AJQoyMPkA+HEKBA==,78,78,132,132,0,0.0,1.0,1.0,False
2026-09-26T17:00:25.380352+00:00_MP001,2026-09-26T17:00:25.380352+00:00,COR001,MP001,S001,C7nDMQ5I3QswPvpW9EAKAg==,71,71,186,186,0,0.0,1.0,1.0,False
2026-09-26T17:00:25.380352+00:00_MP002,2026-09-26T17:00:25.380352+00:00,COR001,MP002,S001,C7nDMQ5I3QswPvpW9EAKAg==,71,71,186,186,0,0.0,1.0,1.0,False
2026-09-26T17:00:25.380352+00:00_MP003,2026-09-26T17:00:25.380352+00:00,COR001,MP003,S002,C7nAjg5DYwoyCP8v/mUKAg==,69,69,26,26,0,0.0,1.0,1.0,False
2026-09-26T17:00:25.380352+00:00_MP004,2026-09-26T17:00:25.380352+00:00,COR001,MP004,S002,C7nAaA5DLwsyI/x5+XsKAg==,40,64,187,117,70,37.5,1.5982905982905984,1.0,False
2026-09-26T17:00:25.380352+00:00_MP005,2026-09-26T17:00:25.380352+00:00,COR001,MP005,S003,C7m+ww5AJQoyMPkA+HEKBA==,78,78,132,132,0,0.0,1.0,1.0,False
2026-09-26T17:00:25.380352+00:00_MP006,2026-09-26T17:00:25.380352+00:00,COR001,MP006,S003,C7m+ww5AJQoyMPkA+HEKBA==,78,78,132,132,0,0.0,1.0,1.0,False
2026-09-26T17:30:23.748916+00:00_MP001,2026-09-26T17:30:23.748916+00:00,COR001,MP001,S001,C7nDMQ5I3QswPvpW9EAKAg==,71,71,186,186,0,0.0,1.0,1.0,False
2026-09-26T17:30:23.748916+00:00_MP002,2026-09-26T17:30:23.748916+00:00,COR001,MP002,S001,C7nDMQ5I3QswPvpW9EAKAg==,71,71,186,186,0,0.0,1.0,1.0,False
2026-09-26T17:30:23.748916+00:00_MP003,2026-09-26T17:30:23.748916+00:00,COR001,MP003,S002,C7nAjg5DYwoyCP8v/mUKAg==,69,69,26,26,0,0.0,1.0,1.0,False
2026-09-26T17:30:23.748916+00:00_MP004,2026-09-26T17:30:23.748916+00:00,COR001,MP004,S002,C7nAaA5DLwsyI/x5+XsKAg==,54,63,139,119,20,14.285714285714285,1.1680672268907564,1.0,False
2026-09-26T17:30:23.748916+00:00_MP005,2026-09-26T17:30:23.748916+00:00,COR001,MP005,S003,C7m+ww5AJQoyMPkA+HEKBA==,61,77,169,133,36,20.77922077922078,1.2706766917293233,1.0,False
2026-09-26T17:30:23.748916+00:00_MP006,2026-09-26T17:30:23.748916+00:00,COR001,MP006,S003,C7m+ww5AJQoyMPkA+HEKBA==,61,77,169,133,36,20.77922077922078,1.2706766917293233,1.0,False
2026-09-26T18:00:25.095238+00:00_MP001,2026-09-26T18:00:25.095238+00:00,COR001,MP001,S001,C7nDMQ5I3QswPvpW9EAKAg==,71,71,186,186,0,0.0,1.0,1.0,False
2026-09-26T18:00:25.095238+00:00_MP002,2026-09-26T18:00:25.095238+00:00,COR001,MP002,S001,C7nDMQ5I3QswPvpW9EAKAg==,71,71,186,186,0,0.0,1.0,1.0,False
2026-09-26T18:00:25.095238+00:00_MP003,2026-09-26T18:00:25.095238+00:00,COR001,MP003,S002,C7nAjg5DYwoyCP8v/mUKAg==,53,70,34,26,8,24.285714285714285,1.3076923076923077,1.0,False
2026-09-26T18:00:25.095238+00:00_MP004,2026-09-26T18:00:25.095238+00:00,COR001,MP004,S002,C7nAaA5DLwsyI/x5+XsKAg==,64,64,117,117,0,0.0,1.0,1.0,False
2026-09-26T18:00:25.095238+00:00_MP005,2026-09-26T18:00:25.095238+00:00,COR001,MP005,S003,C7m+ww5AJQoyMPkA+HEKBA==,78,78,132,132,0,0.0,1.0,1.0,False
2026-09-26T18:00:25.095238+00:00_MP006,2026-09-26T18:00:25.095238+00:00,COR001,MP006,S003,C7m+ww5AJQoyMPkA+HEKBA==,78,78,132,132,0,0.0,1.0,1.0,False
2026-09-26T18:30:59.960630+00:00_MP001,2026-09-26T18:30:59.960630+00:00,COR001,MP001,S001,C7nDMQ5I3QswPvpW9EAKAg==,57,70,232,189,43,18.571428571428573,1.2275132275132274,1.0,False
2026-09-26T18:30:59.960630+00:00_MP002,2026-09-26T18:30:59.960630+00:00,COR001,MP002,S001,C7nDMQ5I3QswPvpW9EAKAg==,57,70,232,189,43,18.571428571428573,1.2275132275132274,1.0,False
2026-09-26T18:30:59.960630+00:00_MP003,2026-09-26T18:30:59.960630+00:00,COR001,MP003,S002,C7nAjg5DYwoyCP8v/mUKAg==,39,69,46,26,20,43.47826086956522,1.7692307692307692,1.0,False
2026-09-26T18:30:59.960630+00:00_MP004,2026-09-26T18:30:59.960630+00:00,COR001,MP004,S002,C7nAaA5DLwsyI/x5+XsKAg==,47,64,159,117,42,26.5625,1.358974358974359,0.995548,False
2026-09-26T18:30:59.960630+00:00_MP005,2026-09-26T18:30:59.960630+00:00,COR001,MP005,S003,C7m+ww5AJQoyMPkA+HEKBA==,64,78,161,132,29,17.94871794871795,1.2196969696969695,1.0,False
2026-09-26T18:30:59.960630+00:00_MP006,2026-09-26T18:30:59.960630+00:00,COR001,MP006,S003,C7m+ww5AJQoyMPkA+HEKBA==,64,78,161,132,29,17.94871794871795,1.2196969696969695,1.0,False
2026-09-26T19:00:24.301254+00:00_MP001,2026-09-26T19:00:24.301254+00:00,COR001,MP001,S001,C7nDMQ5I3QswPvpW9EAKAg==,71,71,186,186,0,0.0,1.0,1.0,False
2026-09-26T19:00:24.301254+00:00_MP002,2026-09-26T19:00:24.301254+00:00,COR001,MP002,S001,C7nDMQ5I3QswPvpW9EAKAg==,71,71,186,186,0,0.0,1.0,1.0,False
2026-09-26T19:00:24.301254+00:00_MP003,2026-09-26T19:00:24.301254+00:00,COR001,MP003,S002,C7nAjg5DYwoyCP8v/mUKAg==,69,69,26,26,0,0.0,1.0,1.0,False
2026-09-26T19:00:24.301254+00:00_MP004,2026-09-26T19:00:24.301254+00:00,COR001,MP004,S002,C7nAaA5DLwsyI/x5+XsKAg==,49,64,153,117,36,23.4375,1.3076923076923077,1.0,False
2026-09-26T19:00:24.301254+00:00_MP005,2026-09-26T19:00:24.301254+00:00,COR001,MP005,S003,C7m+ww5AJQoyMPkA+HEKBA==,51,77,202,133,69,33.76623376623377,1.518796992481203,1.0,False
2026-09-26T19:00:24.301254+00:00_MP006,2026-09-26T19:00:24.301254+00:00,COR001,MP006,S003,C7m+ww5AJQoyMPkA+HEKBA==,51,77,202,133,69,33.76623376623377,1.518796992481203,1.0,False
2026-09-26T19:30:25.865461+00:00_MP001,2026-09-26T19:30:25.865461+00:00,COR001,MP001,S001,C7nDMQ5I3QswPvpW9EAKAg==,71,71,186,186,0,0.0,1.0,1.0,False
2026-09-26T19:30:25.865461+00:00_MP002,2026-09-26T19:30:25.865461+00:00,COR001,MP002,S001,C7nDMQ5I3QswPvpW9EAKAg==,71,71,186,186,0,0.0,1.0,1.0,False
2026-09-26T19:30:25.865461+00:00_MP003,2026-09-26T19:30:25.865461+00:00,COR001,MP003,S002,C7nAjg5DYwoyCP8v/mUKAg==,47,69,38,26,12,31.88405797101449,1.4615384615384617,1.0,False
2026-09-26T19:30:25.865461+00:00_MP004,2026-09-26T19:30:25.865461+00:00,COR001,MP004,S002,C7nAaA5DLwsyI/x5+XsKAg==,25,63,300,119,181,60.31746031746032,2.5210084033613445,1.0,False
2026-09-26T19:30:25.865461+00:00_MP005,2026-09-26T19:30:25.865461+00:00,COR001,MP005,S003,C7m+ww5AJQoyMPkA+HEKBA==,52,78,198,132,66,33.33333333333333,1.5,1.0,False
2026-09-26T19:30:25.865461+00:00_MP006,2026-09-26T19:30:25.865461+00:00,COR001,MP006,S003,C7m+ww5AJQoyMPkA+HEKBA==,52,78,198,132,66,33.33333333333333,1.5,1.0,False
2026-09-26T20:00:27.643885+00:00_MP001,2026-09-26T20:00:27.643885+00:00,COR001,MP001,S001,C7nDMQ5I3QswPvpW9EAKAg==,55,70,240,189,51,21.428571428571427,1.2698412698412698,1.0,False
2026-09-26T20:00:27.643885+00:00_MP002,2026-09-26T20:00:27.643885+00:00,COR001,MP002,S001,C7nDMQ5I3QswPvpW9EAKAg==,55,70,240,189,51,21.428571428571427,1.2698412698412698,1.0,False
2026-09-26T20:00:27.643885+00:00_MP003,2026-09-26T20:00:27.643885+00:00,COR001,MP003,S002,C7nAjg5DYwoyCP8v/mUKAg==,20,68,91,26,65,70.58823529411765,3.5,1.0,False
2026-09-26T20:00:27.643885+00:00_MP004,2026-09-26T20:00:27.643885+00:00,COR001,MP004,S002,C7nAaA5DLwsyI/x5+XsKAg==,19,64,395,117,278,70.3125,3.376068376068376,1.0,False
2026-09-26T20:00:27.643885+00:00_MP005,2026-09-26T20:00:27.643885+00:00,COR001,MP005,S003,C7m+ww5AJQoyMPkA+HEKBA==,52,78,198,132,66,33.33333333333333,1.5,1.0,False
2026-09-26T20:00:27.643885+00:00_MP006,2026-09-26T20:00:27.643885+00:00,COR001,MP006,S003,C7m+ww5AJQoyMPkA+HEKBA==,52,78,198,132,66,33.33333333333333,1.5,1.0,False
2026-09-26T20:30:59.585853+00:00_MP001,2026-09-26T20:30:59.585853+00:00,COR001,MP001,S001,C7nDMQ5I3QswPvpW9EAKAg==,53,70,250,189,61,24.285714285714285,1.3227513227513228,1.0,False
2026-09-26T20:30:59.585853+00:00_MP002,2026-09-26T20:30:59.585853+00:00,COR001,MP002,S001,C7nDMQ5I3QswPvpW9EAKAg==,53,70,250,189,61,24.285714285714285,1.3227513227513228,1.0,False
2026-09-26T20:30:59.585853+00:00_MP003,2026-09-26T20:30:59.585853+00:00,COR001,MP003,S002,C7nAjg5DYwoyCP8v/mUKAg==,15,69,121,26,95,78.26086956521739,4.653846153846154,0.99,False
2026-09-26T20:30:59.585853+00:00_MP004,2026-09-26T20:30:59.585853+00:00,COR001,MP004,S002,C7nAaA5DLwsyI/x5+XsKAg==,15,62,501,121,380,75.80645161290323,4.140495867768595,1.0,False
2026-09-26T20:30:59.585853+00:00_MP005,2026-09-26T20:30:59.585853+00:00,COR001,MP005,S003,C7m+ww5AJQoyMPkA+HEKBA==,50,78,206,132,74,35.8974358974359,1.5606060606060606,1.0,False
2026-09-26T20:30:59.585853+00:00_MP006,2026-09-26T20:30:59.585853+00:00,COR001,MP006,S003,C7m+ww5AJQoyMPkA+HEKBA==,50,78,206,132,74,35.8974358974359,1.5606060606060606,1.0,False
2026-09-26T21:00:26.458694+00:00_MP001,2026-09-26T21:00:26.458694+00:00,COR001,MP001,S001,C7nDMQ5I3QswPvpW9EAKAg==,41,70,323,189,134,41.42857142857143,1.708994708994709,0.996513,False
2026-09-26T21:00:26.458694+00:00_MP002,2026-09-26T21:00:26.458694+00:00,COR001,MP002,S001,C7nDMQ5I3QswPvpW9EAKAg==,41,70,323,189,134,41.42857142857143,1.708994708994709,0.996513,False
2026-09-26T21:00:26.458694+00:00_MP003,2026-09-26T21:00:26.458694+00:00,COR001,MP003,S002,C7nAjg5DYwoyCP8v/mUKAg==,10,69,182,26,156,85.5072463768116,7.0,1.0,False
2026-09-26T21:00:26.458694+00:00_MP004,2026-09-26T21:00:26.458694+00:00,COR001,MP004,S002,C7nAaA5DLwsyI/x5+XsKAg==,14,63,537,119,418,77.77777777777779,4.512605042016807,1.0,False
2026-09-26T21:00:26.458694+00:00_MP005,2026-09-26T21:00:26.458694+00:00,COR001,MP005,S003,C7m+ww5AJQoyMPkA+HEKBA==,53,77,194,133,61,31.16883116883117,1.4586466165413534,1.0,False
2026-09-26T21:00:26.458694+00:00_MP006,2026-09-26T21:00:26.458694+00:00,COR001,MP006,S003,C7m+ww5AJQoyMPkA+HEKBA==,53,77,194,133,61,31.16883116883117,1.4586466165413534,1.0,False
2026-09-26T21:30:21.233454+00:00_MP001,2026-09-26T21:30:21.233454+00:00,COR001,MP001,S001,C7nDMQ5I3QswPvpW9EAKAg==,50,70,265,189,76,28.57142857142857,1.402116402116402,0.999294,False
2026-09-26T21:30:21.233454+00:00_MP002,2026-09-26T21:30:21.233454+00:00,COR001,MP002,S001,C7nDMQ5I3QswPvpW9EAKAg==,50,70,265,189,76,28.57142857142857,1.402116402116402,0.999294,False
2026-09-26T21:30:21.233454+00:00_MP003,2026-09-26T21:30:21.233454+00:00,COR001,MP003,S002,C7nAjg5DYwoyCP8v/mUKAg==,13,66,140,27,113,80.3030303030303,5.185185185185185,1.0,False
2026-09-26T21:30:21.233454+00:00_MP004,2026-09-26T21:30:21.233454+00:00,COR001,MP004,S002,C7nAaA5DLwsyI/x5+XsKAg==,17,65,442,115,327,73.84615384615385,3.843478260869565,0.998415,False
2026-09-26T21:30:21.233454+00:00_MP005,2026-09-26T21:30:21.233454+00:00,COR001,MP005,S003,C7m+ww5AJQoyMPkA+HEKBA==,57,77,180,133,47,25.97402597402597,1.3533834586466165,1.0,False
2026-09-26T21:30:21.233454+00:00_MP006,2026-09-26T21:30:21.233454+00:00,COR001,MP006,S003,C7m+ww5AJQoyMPkA+HEKBA==,57,77,180,133,47,25.97402597402597,1.3533834586466165,1.0,False
2026-09-26T22:00:24.720693+00:00_MP001,2026-09-26T22:00:24.720693+00:00,COR001,MP001,S001,C7nDMQ5I3QswPvpW9EAKAg==,57,70,232,189,43,18.571428571428573,1.2275132275132274,0.997349,False
2026-09-26T22:00:24.720693+00:00_MP002,2026-09-26T22:00:24.720693+00:00,COR001,MP002,S001,C7nDMQ5I3QswPvpW9EAKAg==,57,70,232,189,43,18.571428571428573,1.2275132275132274,0.997349,False
2026-09-26T22:00:24.720693+00:00_MP003,2026-09-26T22:00:24.720693+00:00,COR001,MP003,S002,C7nAjg5DYwoyCP8v/mUKAg==,19,68,95,26,69,72.05882352941177,3.6538461538461537,1.0,False
2026-09-26T22:00:24.720693+00:00_MP004,2026-09-26T22:00:24.720693+00:00,COR001,MP004,S002,C7nAaA5DLwsyI/x5+XsKAg==,17,63,442,119,323,73.01587301587301,3.7142857142857135,1.0,False
2026-09-26T22:00:24.720693+00:00_MP005,2026-09-26T22:00:24.720693+00:00,COR001,MP005,S003,C7m+ww5AJQoyMPkA+HEKBA==,50,77,206,133,73,35.064935064935064,1.5488721804511278,1.0,False
2026-09-26T22:00:24.720693+00:00_MP006,2026-09-26T22:00:24.720693+00:00,COR001,MP006,S003,C7m+ww5AJQoyMPkA+HEKBA==,50,77,206,133,73,35.064935064935064,1.5488721804511278,1.0,False
2026-09-26T22:30:26.140165+00:00_MP001,2026-09-26T22:30:26.140165+00:00,COR001,MP001,S001,C7nDMQ5I3QswPvpW9EAKAg==,60,71,220,186,34,15.492957746478872,1.1827956989247312,1.0,False
2026-09-26T22:30:26.140165+00:00_MP002,2026-09-26T22:30:26.140165+00:00,COR001,MP002,S001,C7nDMQ5I3QswPvpW9EAKAg==,60,71,220,186,34,15.492957746478872,1.1827956989247312,1.0,False
2026-09-26T22:30:26.140165+00:00_MP003,2026-09-26T22:30:26.140165+00:00,COR001,MP003,S002,C7nAjg5DYwoyCP8v/mUKAg==,30,69,60,26,34,56.52173913043478,2.3076923076923075,1.0,False
2026-09-26T22:30:26.140165+00:00_MP004,2026-09-26T22:30:26.140165+00:00,COR001,MP004,S002,C7nAaA5DLwsyI/x5+XsKAg==,20,64,375,117,258,68.75,3.2051282051282053,1.0,False
2026-09-26T22:30:26.140165+00:00_MP005,2026-09-26T22:30:26.140165+00:00,COR001,MP005,S003,C7m+ww5AJQoyMPkA+HEKBA==,57,77,180,133,47,25.97402597402597,1.3533834586466165,1.0,False
2026-09-26T22:30:26.140165+00:00_MP006,2026-09-26T22:30:26.140165+00:00,COR001,MP006,S003,C7m+ww5AJQoyMPkA+HEKBA==,57,77,180,133,47,25.97402597402597,1.3533834586466165,1.0,False
2026-09-26T23:00:26.925970+00:00_MP001,2026-09-26T23:00:26.925970+00:00,COR001,MP001,S001,C7nDMQ5I3QswPvpW9EAKAg==,71,71,186,186,0,0.0,1.0,1.0,False
2026-09-26T23:00:26.925970+00:00_MP002,2026-09-26T23:00:26.925970+00:00,COR001,MP002,S001,C7nDMQ5I3QswPvpW9EAKAg==,71,71,186,186,0,0.0,1.0,1.0,False
2026-09-26T23:00:26.925970+00:00_MP003,2026-09-26T23:00:26.925970+00:00,COR001,MP003,S002,C7nAjg5DYwoyCP8v/mUKAg==,37,69,49,26,23,46.3768115942029,1.8846153846153848,1.0,False
2026-09-26T23:00:26.925970+00:00_MP004,2026-09-26T23:00:26.925970+00:00,COR001,MP004,S002,C7nAaA5DLwsyI/x5+XsKAg==,24,64,313,117,196,62.5,2.675213675213675,1.0,False
2026-09-26T23:00:26.925970+00:00_MP005,2026-09-26T23:00:26.925970+00:00,COR001,MP005,S003,C7m+ww5AJQoyMPkA+HEKBA==,54,78,190,132,58,30.76923076923077,1.4393939393939394,1.0,False
2026-09-26T23:00:26.925970+00:00_MP006,2026-09-26T23:00:26.925970+00:00,COR001,MP006,S003,C7m+ww5AJQoyMPkA+HEKBA==,54,78,190,132,58,30.76923076923077,1.4393939393939394,1.0,False
2026-09-26T23:30:25.555288+00:00_MP001,2026-09-26T23:30:25.555288+00:00,COR001,MP001,S001,C7nDMQ5I3QswPvpW9EAKAg==,71,71,186,186,0,0.0,1.0,1.0,False
2026-09-26T23:30:25.555288+00:00_MP002,2026-09-26T23:30:25.555288+00:00,COR001,MP002,S001,C7nDMQ5I3QswPvpW9EAKAg==,71,71,186,186,0,0.0,1.0,1.0,False
2026-09-26T23:30:25.555288+00:00_MP003,2026-09-26T23:30:25.555288+00:00,COR001,MP003,S002,C7nAjg5DYwoyCP8v/mUKAg==,57,69,31,26,5,17.391304347826086,1.1923076923076923,1.0,False
2026-09-26T23:30:25.555288+00:00_MP004,2026-09-26T23:30:25.555288+00:00,COR001,MP004,S002,C7nAaA5DLwsyI/x5+XsKAg==,40,63,187,119,68,36.507936507936506,1.5714285714285714,1.0,False
2026-09-26T23:30:25.555288+00:00_MP005,2026-09-26T23:30:25.555288+00:00,COR001,MP005,S003,C7m+ww5AJQoyMPkA+HEKBA==,53,78,194,132,62,32.05128205128205,1.4696969696969695,1.0,False
2026-09-26T23:30:25.555288+00:00_MP006,2026-09-26T23:30:25.555288+00:00,COR001,MP006,S003,C7m+ww5AJQoyMPkA+HEKBA==,53,78,194,132,62,32.05128205128205,1.4696969696969695,1.0,False
2026-09-27T00:00:24.829360+00:00_MP001,2026-09-27T00:00:24.829360+00:00,COR001,MP001,S001,C7nDMQ5I3QswPvpW9EAKAg==,71,71,186,186,0,0.0,1.0,1.0,False
2026-09-27T00:00:24.829360+00:00_MP002,2026-09-27T00:00:24.829360+00:00,COR001,MP002,S001,C7nDMQ5I3QswPvpW9EAKAg==,71,71,186,186,0,0.0,1.0,1.0,False
2026-09-27T00:00:24.829360+00:00_MP003,2026-09-27T00:00:24.829360+00:00,COR001,MP003,S002,C7nAjg5DYwoyCP8v/mUKAg==,69,69,26,26,0,0.0,1.0,1.0,False
2026-09-27T00:00:24.829360+00:00_MP004,2026-09-27T00:00:24.829360+00:00,COR001,MP004,S002,C7nAaA5DLwsyI/x5+XsKAg==,64,64,117,117,0,0.0,1.0,1.0,False
2026-09-27T00:00:24.829360+00:00_MP005,2026-09-27T00:00:24.829360+00:00,COR001,MP005,S003,C7m+ww5AJQoyMPkA+HEKBA==,78,78,132,132,0,0.0,1.0,1.0,False
2026-09-27T00:00:24.829360+00:00_MP006,2026-09-27T00:00:24.829360+00:00,COR001,MP006,S003,C7m+ww5AJQoyMPkA+HEKBA==,78,78,132,132,0,0.0,1.0,1.0,False
2026-09-27T00:30:22.929799+00:00_MP001,2026-09-27T00:30:22.929799+00:00,COR001,MP001,S001,C7nDMQ5I3QswPvpW9EAKAg==,71,71,186,186,0,0.0,1.0,1.0,False
2026-09-27T00:30:22.929799+00:00_MP002,2026-09-27T00:30:22.929799+00:00,COR001,MP002,S001,C7nDMQ5I3QswPvpW9EAKAg==,71,71,186,186,0,0.0,1.0,1.0,False
2026-09-27T00:30:22.929799+00:00_MP003,2026-09-27T00:30:22.929799+00:00,COR001,MP003,S002,C7nAjg5DYwoyCP8v/mUKAg==,69,69,26,26,0,0.0,1.0,1.0,False
2026-09-27T00:30:22.929799+00:00_MP004,2026-09-27T00:30:22.929799+00:00,COR001,MP004,S002,C7nAaA5DLwsyI/x5+XsKAg==,64,64,117,117,0,0.0,1.0,1.0,False
2026-09-27T00:30:22.929799+00:00_MP005,2026-09-27T00:30:22.929799+00:00,COR001,MP005,S003,C7m+ww5AJQoyMPkA+HEKBA==,60,78,171,132,39,23.07692307692308,1.2954545454545454,1.0,False
2026-09-27T00:30:22.929799+00:00_MP006,2026-09-27T00:30:22.929799+00:00,COR001,MP006,S003,C7m+ww5AJQoyMPkA+HEKBA==,60,78,171,132,39,23.07692307692308,1.2954545454545454,1.0,False
2026-09-27T01:00:23.391425+00:00_MP001,2026-09-27T01:00:23.391425+00:00,COR001,MP001,S001,C7nDMQ5I3QswPvpW9EAKAg==,71,71,186,186,0,0.0,1.0,1.0,False
2026-09-27T01:00:23.391425+00:00_MP002,2026-09-27T01:00:23.391425+00:00,COR001,MP002,S001,C7nDMQ5I3QswPvpW9EAKAg==,71,71,186,186,0,0.0,1.0,1.0,False
2026-09-27T01:00:23.391425+00:00_MP003,2026-09-27T01:00:23.391425+00:00,COR001,MP003,S002,C7nAjg5DYwoyCP8v/mUKAg==,69,69,26,26,0,0.0,1.0,1.0,False
2026-09-27T01:00:23.391425+00:00_MP004,2026-09-27T01:00:23.391425+00:00,COR001,MP004,S002,C7nAaA5DLwsyI/x5+XsKAg==,64,64,117,117,0,0.0,1.0,1.0,False
2026-09-27T01:00:23.391425+00:00_MP005,2026-09-27T01:00:23.391425+00:00,COR001,MP005,S003,C7m+ww5AJQoyMPkA+HEKBA==,56,77,184,133,51,27.27272727272727,1.3834586466165413,1.0,False
2026-09-27T01:00:23.391425+00:00_MP006,2026-09-27T01:00:23.391425+00:00,COR001,MP006,S003,C7m+ww5AJQoyMPkA+HEKBA==,56,77,184,133,51,27.27272727272727,1.3834586466165413,1.0,False
2026-09-27T01:30:24.816374+00:00_MP001,2026-09-27T01:30:24.816374+00:00,COR001,MP001,S001,C7nDMQ5I3QswPvpW9EAKAg==,71,71,186,186,0,0.0,1.0,1.0,False
2026-09-27T01:30:24.816374+00:00_MP002,2026-09-27T01:30:24.816374+00:00,COR001,MP002,S001,C7nDMQ5I3QswPvpW9EAKAg==,71,71,186,186,0,0.0,1.0,1.0,False
2026-09-27T01:30:24.816374+00:00_MP003,2026-09-27T01:30:24.816374+00:00,COR001,MP003,S002,C7nAjg5DYwoyCP8v/mUKAg==,51,68,35,26,9,25.0,1.3461538461538465,1.0,False
2026-09-27T01:30:24.816374+00:00_MP004,2026-09-27T01:30:24.816374+00:00,COR001,MP004,S002,C7nAaA5DLwsyI/x5+XsKAg==,64,64,117,117,0,0.0,1.0,1.0,False
2026-09-27T01:30:24.816374+00:00_MP005,2026-09-27T01:30:24.816374+00:00,COR001,MP005,S003,C7m+ww5AJQoyMPkA+HEKBA==,57,77,180,133,47,25.97402597402597,1.3533834586466165,1.0,False
2026-09-27T01:30:24.816374+00:00_MP006,2026-09-27T01:30:24.816374+00:00,COR001,MP006,S003,C7m+ww5AJQoyMPkA+HEKBA==,57,77,180,133,47,25.97402597402597,1.3533834586466165,1.0,False
2026-09-27T02:00:20.990358+00:00_MP001,2026-09-27T02:00:20.990358+00:00,COR001,MP001,S001,C7nDMQ5I3QswPvpW9EAKAg==,71,71,186,186,0,0.0,1.0,1.0,False
2026-09-27T02:00:20.990358+00:00_MP002,2026-09-27T02:00:20.990358+00:00,COR001,MP002,S001,C7nDMQ5I3QswPvpW9EAKAg==,71,71,186,186,0,0.0,1.0,1.0,False
2026-09-27T02:00:20.990358+00:00_MP003,2026-09-27T02:00:20.990358+00:00,COR001,MP003,S002,C7nAjg5DYwoyCP8v/mUKAg==,53,68,34,26,8,22.058823529411764,1.3076923076923077,1.0,False
2026-09-27T02:00:20.990358+00:00_MP004,2026-09-27T02:00:20.990358+00:00,COR001,MP004,S002,C7nAaA5DLwsyI/x5+XsKAg==,64,64,117,117,0,0.0,1.0,1.0,False
2026-09-27T02:00:20.990358+00:00_MP005,2026-09-27T02:00:20.990358+00:00,COR001,MP005,S003,C7m+ww5AJQoyMPkA+HEKBA==,54,77,190,133,57,29.87012987012987,1.4285714285714286,1.0,False
2026-09-27T02:00:20.990358+00:00_MP006,2026-09-27T02:00:20.990358+00:00,COR001,MP006,S003,C7m+ww5AJQoyMPkA+HEKBA==,54,77,190,133,57,29.87012987012987,1.4285714285714286,1.0,False
2026-09-27T02:30:24.873883+00:00_MP001,2026-09-27T02:30:24.873883+00:00,COR001,MP001,S001,C7nDMQ5I3QswPvpW9EAKAg==,71,71,186,186,0,0.0,1.0,1.0,False
2026-09-27T02:30:24.873883+00:00_MP002,2026-09-27T02:30:24.873883+00:00,COR001,MP002,S001,C7nDMQ5I3QswPvpW9EAKAg==,71,71,186,186,0,0.0,1.0,1.0,False
2026-09-27T02:30:24.873883+00:00_MP003,2026-09-27T02:30:24.873883+00:00,COR001,MP003,S002,C7nAjg5DYwoyCP8v/mUKAg==,69,69,26,26,0,0.0,1.0,1.0,False
2026-09-27T02:30:24.873883+00:00_MP004,2026-09-27T02:30:24.873883+00:00,COR001,MP004,S002,C7nAaA5DLwsyI/x5+XsKAg==,47,64,159,117,42,26.5625,1.358974358974359,1.0,False
2026-09-27T02:30:24.873883+00:00_MP005,2026-09-27T02:30:24.873883+00:00,COR001,MP005,S003,C7m+ww5AJQoyMPkA+HEKBA==,59,78,174,132,42,24.35897435897436,1.318181818181818,1.0,False
2026-09-27T02:30:24.873883+00:00_MP006,2026-09-27T02:30:24.873883+00:00,COR001,MP006,S003,C7m+ww5AJQoyMPkA+HEKBA==,59,78,174,132,42,24.35897435897436,1.318181818181818,1.0,False
2026-09-27T03:00:30.082369+00:00_MP001,2026-09-27T03:00:30.082369+00:00,COR001,MP001,S001,C7nDMQ5I3QswPvpW9EAKAg==,51,71,259,186,73,28.169014084507044,1.39247311827957,1.0,False
2026-09-27T03:00:30.082369+00:00_MP002,2026-09-27T03:00:30.082369+00:00,COR001,MP002,S001,C7nDMQ5I3QswPvpW9EAKAg==,51,71,259,186,73,28.169014084507044,1.39247311827957,1.0,False
2026-09-27T03:00:30.082369+00:00_MP003,2026-09-27T03:00:30.082369+00:00,COR001,MP003,S002,C7nAjg5DYwoyCP8v/mUKAg==,58,69,31,26,5,15.942028985507244,1.1923076923076923,1.0,False
2026-09-27T03:00:30.082369+00:00_MP004,2026-09-27T03:00:30.082369+00:00,COR001,MP004,S002,C7nAaA5DLwsyI/x5+XsKAg==,64,64,117,117,0,0.0,1.0,1.0,False
2026-09-27T03:00:30.082369+00:00_MP005,2026-09-27T03:00:30.082369+00:00,COR001,MP005,S003,C7m+ww5AJQoyMPkA+HEKBA==,78,78,132,132,0,0.0,1.0,1.0,False
2026-09-27T03:00:30.082369+00:00_MP006,2026-09-27T03:00:30.082369+00:00,COR001,MP006,S003,C7m+ww5AJQoyMPkA+HEKBA==,78,78,132,132,0,0.0,1.0,1.0,False
2026-09-27T03:30:25.241275+00:00_MP001,2026-09-27T03:30:25.241275+00:00,COR001,MP001,S001,C7nDMQ5I3QswPvpW9EAKAg==,71,71,186,186,0,0.0,1.0,1.0,False
2026-09-27T03:30:25.241275+00:00_MP002,2026-09-27T03:30:25.241275+00:00,COR001,MP002,S001,C7nDMQ5I3QswPvpW9EAKAg==,71,71,186,186,0,0.0,1.0,1.0,False
2026-09-27T03:30:25.241275+00:00_MP003,2026-09-27T03:30:25.241275+00:00,COR001,MP003,S002,C7nAjg5DYwoyCP8v/mUKAg==,69,69,26,26,0,0.0,1.0,1.0,False
2026-09-27T03:30:25.241275+00:00_MP004,2026-09-27T03:30:25.241275+00:00,COR001,MP004,S002,C7nAaA5DLwsyI/x5+XsKAg==,43,63,174,119,55,31.746031746031743,1.4621848739495795,0.995548,False
2026-09-27T03:30:25.241275+00:00_MP005,2026-09-27T03:30:25.241275+00:00,COR001,MP005,S003,C7m+ww5AJQoyMPkA+HEKBA==,63,78,163,132,31,19.23076923076924,1.2348484848484849,1.0,False
2026-09-27T03:30:25.241275+00:00_MP006,2026-09-27T03:30:25.241275+00:00,COR001,MP006,S003,C7m+ww5AJQoyMPkA+HEKBA==,63,78,163,132,31,19.23076923076924,1.2348484848484849,1.0,False
2026-09-27T04:00:27.622475+00:00_MP001,2026-09-27T04:00:27.622475+00:00,COR001,MP001,S001,C7nDMQ5I3QswPvpW9EAKAg==,71,71,186,186,0,0.0,1.0,1.0,False
2026-09-27T04:00:27.622475+00:00_MP002,2026-09-27T04:00:27.622475+00:00,COR001,MP002,S001,C7nDMQ5I3QswPvpW9EAKAg==,71,71,186,186,0,0.0,1.0,1.0,False
2026-09-27T04:00:27.622475+00:00_MP003,2026-09-27T04:00:27.622475+00:00,COR001,MP003,S002,C7nAjg5DYwoyCP8v/mUKAg==,69,69,26,26,0,0.0,1.0,1.0,False
2026-09-27T04:00:27.622475+00:00_MP004,2026-09-27T04:00:27.622475+00:00,COR001,MP004,S002,C7nAaA5DLwsyI/x5+XsKAg==,34,63,221,119,102,46.03174603174603,1.8571428571428568,1.0,False
2026-09-27T04:00:27.622475+00:00_MP005,2026-09-27T04:00:27.622475+00:00,COR001,MP005,S003,C7m+ww5AJQoyMPkA+HEKBA==,78,78,132,132,0,0.0,1.0,1.0,False
2026-09-27T04:00:27.622475+00:00_MP006,2026-09-27T04:00:27.622475+00:00,COR001,MP006,S003,C7m+ww5AJQoyMPkA+HEKBA==,78,78,132,132,0,0.0,1.0,1.0,False
2026-09-27T04:30:25.237247+00:00_MP001,2026-09-27T04:30:25.237247+00:00,COR001,MP001,S001,C7nDMQ5I3QswPvpW9EAKAg==,71,71,186,186,0,0.0,1.0,1.0,False
2026-09-27T04:30:25.237247+00:00_MP002,2026-09-27T04:30:25.237247+00:00,COR001,MP002,S001,C7nDMQ5I3QswPvpW9EAKAg==,71,71,186,186,0,0.0,1.0,1.0,False
2026-09-27T04:30:25.237247+00:00_MP003,2026-09-27T04:30:25.237247+00:00,COR001,MP003,S002,C7nAjg5DYwoyCP8v/mUKAg==,69,69,26,26,0,0.0,1.0,1.0,False
2026-09-27T04:30:25.237247+00:00_MP004,2026-09-27T04:30:25.237247+00:00,COR001,MP004,S002,C7nAaA5DLwsyI/x5+XsKAg==,64,64,117,117,0,0.0,1.0,1.0,False
2026-09-27T04:30:25.237247+00:00_MP005,2026-09-27T04:30:25.237247+00:00,COR001,MP005,S003,C7m+ww5AJQoyMPkA+HEKBA==,78,78,132,132,0,0.0,1.0,1.0,False
2026-09-27T04:30:25.237247+00:00_MP006,2026-09-27T04:30:25.237247+00:00,COR001,MP006,S003,C7m+ww5AJQoyMPkA+HEKBA==,78,78,132,132,0,0.0,1.0,1.0,False
2026-09-27T05:01:01.215038+00:00_MP001,2026-09-27T05:01:01.215038+00:00,COR001,MP001,S001,C7nDMQ5I3QswPvpW9EAKAg==,71,71,186,186,0,0.0,1.0,1.0,False
2026-09-27T05:01:01.215038+00:00_MP002,2026-09-27T05:01:01.215038+00:00,COR001,MP002,S001,C7nDMQ5I3QswPvpW9EAKAg==,71,71,186,186,0,0.0,1.0,1.0,False
2026-09-27T05:01:01.215038+00:00_MP003,2026-09-27T05:01:01.215038+00:00,COR001,MP003,S002,C7nAjg5DYwoyCP8v/mUKAg==,69,69,26,26,0,0.0,1.0,1.0,False
2026-09-27T05:01:01.215038+00:00_MP004,2026-09-27T05:01:01.215038+00:00,COR001,MP004,S002,C7nAaA5DLwsyI/x5+XsKAg==,64,64,117,117,0,0.0,1.0,1.0,False
2026-09-27T05:01:01.215038+00:00_MP005,2026-09-27T05:01:01.215038+00:00,COR001,MP005,S003,C7m+ww5AJQoyMPkA+HEKBA==,78,78,132,132,0,0.0,1.0,1.0,False
2026-09-27T05:01:01.215038+00:00_MP006,2026-09-27T05:01:01.215038+00:00,COR001,MP006,S003,C7m+ww5AJQoyMPkA+HEKBA==,78,78,132,132,0,0.0,1.0,1.0,False
2026-09-27T05:30:24.297023+00:00_MP001,2026-09-27T05:30:24.297023+00:00,COR001,MP001,S001,C7nDMQ5I3QswPvpW9EAKAg==,71,71,186,186,0,0.0,1.0,1.0,False
2026-09-27T05:30:24.297023+00:00_MP002,2026-09-27T05:30:24.297023+00:00,COR001,MP002,S001,C7nDMQ5I3QswPvpW9EAKAg==,71,71,186,186,0,0.0,1.0,1.0,False
2026-09-27T05:30:24.297023+00:00_MP003,2026-09-27T05:30:24.297023+00:00,COR001,MP003,S002,C7nAjg5DYwoyCP8v/mUKAg==,69,69,26,26,0,0.0,1.0,1.0,False
2026-09-27T05:30:24.297023+00:00_MP004,2026-09-27T05:30:24.297023+00:00,COR001,MP004,S002,C7nAaA5DLwsyI/x5+XsKAg==,64,64,117,117,0,0.0,1.0,1.0,False
2026-09-27T05:30:24.297023+00:00_MP005,2026-09-27T05:30:24.297023+00:00,COR001,MP005,S003,C7m+ww5AJQoyMPkA+HEKBA==,78,78,132,132,0,0.0,1.0,1.0,False
2026-09-27T05:30:24.297023+00:00_MP006,2026-09-27T05:30:24.297023+00:00,COR001,MP006,S003,C7m+ww5AJQoyMPkA+HEKBA==,78,78,132,132,0,0.0,1.0,1.0,False
2026-09-27T06:00:27.496902+00:00_MP001,2026-09-27T06:00:27.496902+00:00,COR001,MP001,S001,C7nDMQ5I3QswPvpW9EAKAg==,71,71,186,186,0,0.0,1.0,1.0,False
2026-09-27T06:00:27.496902+00:00_MP002,2026-09-27T06:00:27.496902+00:00,COR001,MP002,S001,C7nDMQ5I3QswPvpW9EAKAg==,71,71,186,186,0,0.0,1.0,1.0,False
2026-09-27T06:00:27.496902+00:00_MP003,2026-09-27T06:00:27.496902+00:00,COR001,MP003,S002,C7nAjg5DYwoyCP8v/mUKAg==,69,69,26,26,0,0.0,1.0,1.0,False
2026-09-27T06:00:27.496902+00:00_MP004,2026-09-27T06:00:27.496902+00:00,COR001,MP004,S002,C7nAaA5DLwsyI/x5+XsKAg==,64,64,117,117,0,0.0,1.0,1.0,False
2026-09-27T06:00:27.496902+00:00_MP005,2026-09-27T06:00:27.496902+00:00,COR001,MP005,S003,C7m+ww5AJQoyMPkA+HEKBA==,78,78,132,132,0,0.0,1.0,1.0,False
2026-09-27T06:00:27.496902+00:00_MP006,2026-09-27T06:00:27.496902+00:00,COR001,MP006,S003,C7m+ww5AJQoyMPkA+HEKBA==,78,78,132,132,0,0.0,1.0,1.0,False
2026-09-27T06:30:29.410296+00:00_MP001,2026-09-27T06:30:29.410296+00:00,COR001,MP001,S001,C7nDMQ5I3QswPvpW9EAKAg==,71,71,186,186,0,0.0,1.0,1.0,False
2026-09-27T06:30:29.410296+00:00_MP002,2026-09-27T06:30:29.410296+00:00,COR001,MP002,S001,C7nDMQ5I3QswPvpW9EAKAg==,71,71,186,186,0,0.0,1.0,1.0,False
2026-09-27T06:30:29.410296+00:00_MP003,2026-09-27T06:30:29.410296+00:00,COR001,MP003,S002,C7nAjg5DYwoyCP8v/mUKAg==,69,69,26,26,0,0.0,1.0,1.0,False
2026-09-27T06:30:29.410296+00:00_MP004,2026-09-27T06:30:29.410296+00:00,COR001,MP004,S002,C7nAaA5DLwsyI/x5+XsKAg==,64,64,117,117,0,0.0,1.0,1.0,False
2026-09-27T06:30:29.410296+00:00_MP005,2026-09-27T06:30:29.410296+00:00,COR001,MP005,S003,C7m+ww5AJQoyMPkA+HEKBA==,78,78,132,132,0,0.0,1.0,1.0,False
2026-09-27T06:30:29.410296+00:00_MP006,2026-09-27T06:30:29.410296+00:00,COR001,MP006,S003,C7m+ww5AJQoyMPkA+HEKBA==,78,78,132,132,0,0.0,1.0,1.0,False
2026-09-27T07:00:25.066935+00:00_MP001,2026-09-27T07:00:25.066935+00:00,COR001,MP001,S001,C7nDMQ5I3QswPvpW9EAKAg==,71,71,186,186,0,0.0,1.0,1.0,False
2026-09-27T07:00:25.066935+00:00_MP002,2026-09-27T07:00:25.066935+00:00,COR001,MP002,S001,C7nDMQ5I3QswPvpW9EAKAg==,71,71,186,186,0,0.0,1.0,1.0,False
2026-09-27T07:00:25.066935+00:00_MP003,2026-09-27T07:00:25.066935+00:00,COR001,MP003,S002,C7nAjg5DYwoyCP8v/mUKAg==,69,69,26,26,0,0.0,1.0,1.0,False
2026-09-27T07:00:25.066935+00:00_MP004,2026-09-27T07:00:25.066935+00:00,COR001,MP004,S002,C7nAaA5DLwsyI/x5+XsKAg==,64,64,117,117,0,0.0,1.0,1.0,False
2026-09-27T07:00:25.066935+00:00_MP005,2026-09-27T07:00:25.066935+00:00,COR001,MP005,S003,C7m+ww5AJQoyMPkA+HEKBA==,78,78,132,132,0,0.0,1.0,1.0,False
2026-09-27T07:00:25.066935+00:00_MP006,2026-09-27T07:00:25.066935+00:00,COR001,MP006,S003,C7m+ww5AJQoyMPkA+HEKBA==,78,78,132,132,0,0.0,1.0,1.0,False
2026-09-27T07:30:30.119630+00:00_MP001,2026-09-27T07:30:30.119630+00:00,COR001,MP001,S001,C7nDMQ5I3QswPvpW9EAKAg==,71,71,186,186,0,0.0,1.0,1.0,False
2026-09-27T07:30:30.119630+00:00_MP002,2026-09-27T07:30:30.119630+00:00,COR001,MP002,S001,C7nDMQ5I3QswPvpW9EAKAg==,71,71,186,186,0,0.0,1.0,1.0,False
2026-09-27T07:30:30.119630+00:00_MP003,2026-09-27T07:30:30.119630+00:00,COR001,MP003,S002,C7nAjg5DYwoyCP8v/mUKAg==,69,69,26,26,0,0.0,1.0,1.0,False
2026-09-27T07:30:30.119630+00:00_MP004,2026-09-27T07:30:30.119630+00:00,COR001,MP004,S002,C7nAaA5DLwsyI/x5+XsKAg==,64,64,117,117,0,0.0,1.0,1.0,False
2026-09-27T07:30:30.119630+00:00_MP005,2026-09-27T07:30:30.119630+00:00,COR001,MP005,S003,C7m+ww5AJQoyMPkA+HEKBA==,78,78,132,132,0,0.0,1.0,1.0,False
2026-09-27T07:30:30.119630+00:00_MP006,2026-09-27T07:30:30.119630+00:00,COR001,MP006,S003,C7m+ww5AJQoyMPkA+HEKBA==,78,78,132,132,0,0.0,1.0,1.0,False
2026-09-27T08:00:23.795545+00:00_MP001,2026-09-27T08:00:23.795545+00:00,COR001,MP001,S001,C7nDMQ5I3QswPvpW9EAKAg==,71,71,186,186,0,0.0,1.0,1.0,False
2026-09-27T08:00:23.795545+00:00_MP002,2026-09-27T08:00:23.795545+00:00,COR001,MP002,S001,C7nDMQ5I3QswPvpW9EAKAg==,71,71,186,186,0,0.0,1.0,1.0,False
2026-09-27T08:00:23.795545+00:00_MP003,2026-09-27T08:00:23.795545+00:00,COR001,MP003,S002,C7nAjg5DYwoyCP8v/mUKAg==,69,69,26,26,0,0.0,1.0,1.0,False
2026-09-27T08:00:23.795545+00:00_MP004,2026-09-27T08:00:23.795545+00:00,COR001,MP004,S002,C7nAaA5DLwsyI/x5+XsKAg==,64,64,117,117,0,0.0,1.0,1.0,False
2026-09-27T08:00:23.795545+00:00_MP005,2026-09-27T08:00:23.795545+00:00,COR001,MP005,S003,C7m+ww5AJQoyMPkA+HEKBA==,78,78,132,132,0,0.0,1.0,1.0,False
2026-09-27T08:00:23.795545+00:00_MP006,2026-09-27T08:00:23.795545+00:00,COR001,MP006,S003,C7m+ww5AJQoyMPkA+HEKBA==,78,78,132,132,0,0.0,1.0,1.0,False
2026-09-27T08:30:26.847082+00:00_MP001,2026-09-27T08:30:26.847082+00:00,COR001,MP001,S001,C7nDMQ5I3QswPvpW9EAKAg==,71,71,186,186,0,0.0,1.0,1.0,False
2026-09-27T08:30:26.847082+00:00_MP002,2026-09-27T08:30:26.847082+00:00,COR001,MP002,S001,C7nDMQ5I3QswPvpW9EAKAg==,71,71,186,186,0,0.0,1.0,1.0,False
2026-09-27T08:30:26.847082+00:00_MP003,2026-09-27T08:30:26.847082+00:00,COR001,MP003,S002,C7nAjg5DYwoyCP8v/mUKAg==,69,69,26,26,0,0.0,1.0,1.0,False
2026-09-27T08:30:26.847082+00:00_MP004,2026-09-27T08:30:26.847082+00:00,COR001,MP004,S002,C7nAaA5DLwsyI/x5+XsKAg==,64,64,117,117,0,0.0,1.0,1.0,False
2026-09-27T08:30:26.847082+00:00_MP005,2026-09-27T08:30:26.847082+00:00,COR001,MP005,S003,C7m+ww5AJQoyMPkA+HEKBA==,78,78,132,132,0,0.0,1.0,1.0,False
2026-09-27T08:30:26.847082+00:00_MP006,2026-09-27T08:30:26.847082+00:00,COR001,MP006,S003,C7m+ww5AJQoyMPkA+HEKBA==,78,78,132,132,0,0.0,1.0,1.0,False
2026-09-27T09:00:24.068119+00:00_MP001,2026-09-27T09:00:24.068119+00:00,COR001,MP001,S001,C7nDMQ5I3QswPvpW9EAKAg==,71,71,186,186,0,0.0,1.0,1.0,False
2026-09-27T09:00:24.068119+00:00_MP002,2026-09-27T09:00:24.068119+00:00,COR001,MP002,S001,C7nDMQ5I3QswPvpW9EAKAg==,71,71,186,186,0,0.0,1.0,1.0,False
2026-09-27T09:00:24.068119+00:00_MP003,2026-09-27T09:00:24.068119+00:00,COR001,MP003,S002,C7nAjg5DYwoyCP8v/mUKAg==,69,69,26,26,0,0.0,1.0,1.0,False
2026-09-27T09:00:24.068119+00:00_MP004,2026-09-27T09:00:24.068119+00:00,COR001,MP004,S002,C7nAaA5DLwsyI/x5+XsKAg==,64,64,117,117,0,0.0,1.0,1.0,False
2026-09-27T09:00:24.068119+00:00_MP005,2026-09-27T09:00:24.068119+00:00,COR001,MP005,S003,C7m+ww5AJQoyMPkA+HEKBA==,78,78,132,132,0,0.0,1.0,1.0,False
2026-09-27T09:00:24.068119+00:00_MP006,2026-09-27T09:00:24.068119+00:00,COR001,MP006,S003,C7m+ww5AJQoyMPkA+HEKBA==,78,78,132,132,0,0.0,1.0,1.0,False
2026-09-27T09:30:28.944601+00:00_MP001,2026-09-27T09:30:28.944601+00:00,COR001,MP001,S001,C7nDMQ5I3QswPvpW9EAKAg==,71,71,186,186,0,0.0,1.0,1.0,False
2026-09-27T09:30:28.944601+00:00_MP002,2026-09-27T09:30:28.944601+00:00,COR001,MP002,S001,C7nDMQ5I3QswPvpW9EAKAg==,71,71,186,186,0,0.0,1.0,1.0,False
2026-09-27T09:30:28.944601+00:00_MP003,2026-09-27T09:30:28.944601+00:00,COR001,MP003,S002,C7nAjg5DYwoyCP8v/mUKAg==,69,69,26,26,0,0.0,1.0,1.0,False
2026-09-27T09:30:28.944601+00:00_MP004,2026-09-27T09:30:28.944601+00:00,COR001,MP004,S002,C7nAaA5DLwsyI/x5+XsKAg==,64,64,117,117,0,0.0,1.0,1.0,False
2026-09-27T09:30:28.944601+00:00_MP005,2026-09-27T09:30:28.944601+00:00,COR001,MP005,S003,C7m+ww5AJQoyMPkA+HEKBA==,78,78,132,132,0,0.0,1.0,1.0,False
2026-09-27T09:30:28.944601+00:00_MP006,2026-09-27T09:30:28.944601+00:00,COR001,MP006,S003,C7m+ww5AJQoyMPkA+HEKBA==,78,78,132,132,0,0.0,1.0,1.0,False
2026-09-27T10:00:26.883438+00:00_MP001,2026-09-27T10:00:26.883438+00:00,COR001,MP001,S001,C7nDMQ5I3QswPvpW9EAKAg==,71,71,186,186,0,0.0,1.0,1.0,False
2026-09-27T10:00:26.883438+00:00_MP002,2026-09-27T10:00:26.883438+00:00,COR001,MP002,S001,C7nDMQ5I3QswPvpW9EAKAg==,71,71,186,186,0,0.0,1.0,1.0,False
2026-09-27T10:00:26.883438+00:00_MP003,2026-09-27T10:00:26.883438+00:00,COR001,MP003,S002,C7nAjg5DYwoyCP8v/mUKAg==,69,69,26,26,0,0.0,1.0,1.0,False
2026-09-27T10:00:26.883438+00:00_MP004,2026-09-27T10:00:26.883438+00:00,COR001,MP004,S002,C7nAaA5DLwsyI/x5+XsKAg==,64,64,117,117,0,0.0,1.0,1.0,False
2026-09-27T10:00:26.883438+00:00_MP005,2026-09-27T10:00:26.883438+00:00,COR001,MP005,S003,C7m+ww5AJQoyMPkA+HEKBA==,78,78,132,132,0,0.0,1.0,1.0,False
2026-09-27T10:00:26.883438+00:00_MP006,2026-09-27T10:00:26.883438+00:00,COR001,MP006,S003,C7m+ww5AJQoyMPkA+HEKBA==,78,78,132,132,0,0.0,1.0,1.0,False
2026-09-27T10:30:27.399564+00:00_MP001,2026-09-27T10:30:27.399564+00:00,COR001,MP001,S001,C7nDMQ5I3QswPvpW9EAKAg==,71,71,186,186,0,0.0,1.0,1.0,False
2026-09-27T10:30:27.399564+00:00_MP002,2026-09-27T10:30:27.399564+00:00,COR001,MP002,S001,C7nDMQ5I3QswPvpW9EAKAg==,71,71,186,186,0,0.0,1.0,1.0,False
2026-09-27T10:30:27.399564+00:00_MP003,2026-09-27T10:30:27.399564+00:00,COR001,MP003,S002,C7nAjg5DYwoyCP8v/mUKAg==,69,69,26,26,0,0.0,1.0,1.0,False
2026-09-27T10:30:27.399564+00:00_MP004,2026-09-27T10:30:27.399564+00:00,COR001,MP004,S002,C7nAaA5DLwsyI/x5+XsKAg==,64,64,117,117,0,0.0,1.0,1.0,False
2026-09-27T10:30:27.399564+00:00_MP005,2026-09-27T10:30:27.399564+00:00,COR001,MP005,S003,C7m+ww5AJQoyMPkA+HEKBA==,78,78,132,132,0,0.0,1.0,1.0,False
2026-09-27T10:30:27.399564+00:00_MP006,2026-09-27T10:30:27.399564+00:00,COR001,MP006,S003,C7m+ww5AJQoyMPkA+HEKBA==,78,78,132,132,0,0.0,1.0,1.0,False
2026-09-27T11:00:24.084136+00:00_MP001,2026-09-27T11:00:24.084136+00:00,COR001,MP001,S001,C7nDMQ5I3QswPvpW9EAKAg==,71,71,186,186,0,0.0,1.0,1.0,False
2026-09-27T11:00:24.084136+00:00_MP002,2026-09-27T11:00:24.084136+00:00,COR001,MP002,S001,C7nDMQ5I3QswPvpW9EAKAg==,71,71,186,186,0,0.0,1.0,1.0,False
2026-09-27T11:00:24.084136+00:00_MP003,2026-09-27T11:00:24.084136+00:00,COR001,MP003,S002,C7nAjg5DYwoyCP8v/mUKAg==,69,69,26,26,0,0.0,1.0,1.0,False
2026-09-27T11:00:24.084136+00:00_MP004,2026-09-27T11:00:24.084136+00:00,COR001,MP004,S002,C7nAaA5DLwsyI/x5+XsKAg==,64,64,117,117,0,0.0,1.0,1.0,False
2026-09-27T11:00:24.084136+00:00_MP005,2026-09-27T11:00:24.084136+00:00,COR001,MP005,S003,C7m+ww5AJQoyMPkA+HEKBA==,78,78,132,132,0,0.0,1.0,1.0,False
2026-09-27T11:00:24.084136+00:00_MP006,2026-09-27T11:00:24.084136+00:00,COR001,MP006,S003,C7m+ww5AJQoyMPkA+HEKBA==,78,78,132,132,0,0.0,1.0,1.0,False
2026-09-27T11:30:26.352467+00:00_MP001,2026-09-27T11:30:26.352467+00:00,COR001,MP001,S001,C7nDMQ5I3QswPvpW9EAKAg==,71,71,186,186,0,0.0,1.0,1.0,False
2026-09-27T11:30:26.352467+00:00_MP002,2026-09-27T11:30:26.352467+00:00,COR001,MP002,S001,C7nDMQ5I3QswPvpW9EAKAg==,71,71,186,186,0,0.0,1.0,1.0,False
2026-09-27T11:30:26.352467+00:00_MP003,2026-09-27T11:30:26.352467+00:00,COR001,MP003,S002,C7nAjg5DYwoyCP8v/mUKAg==,69,69,26,26,0,0.0,1.0,1.0,False
2026-09-27T11:30:26.352467+00:00_MP004,2026-09-27T11:30:26.352467+00:00,COR001,MP004,S002,C7nAaA5DLwsyI/x5+XsKAg==,64,64,117,117,0,0.0,1.0,1.0,False
2026-09-27T11:30:26.352467+00:00_MP005,2026-09-27T11:30:26.352467+00:00,COR001,MP005,S003,C7m+ww5AJQoyMPkA+HEKBA==,78,78,132,132,0,0.0,1.0,1.0,False
2026-09-27T11:30:26.352467+00:00_MP006,2026-09-27T11:30:26.352467+00:00,COR001,MP006,S003,C7m+ww5AJQoyMPkA+HEKBA==,78,78,132,132,0,0.0,1.0,1.0,False
2026-09-27T12:00:23.700874+00:00_MP001,2026-09-27T12:00:23.700874+00:00,COR001,MP001,S001,C7nDMQ5I3QswPvpW9EAKAg==,71,71,186,186,0,0.0,1.0,1.0,False
2026-09-27T12:00:23.700874+00:00_MP002,2026-09-27T12:00:23.700874+00:00,COR001,MP002,S001,C7nDMQ5I3QswPvpW9EAKAg==,71,71,186,186,0,0.0,1.0,1.0,False
2026-09-27T12:00:23.700874+00:00_MP003,2026-09-27T12:00:23.700874+00:00,COR001,MP003,S002,C7nAjg5DYwoyCP8v/mUKAg==,69,69,26,26,0,0.0,1.0,1.0,False
2026-09-27T12:00:23.700874+00:00_MP004,2026-09-27T12:00:23.700874+00:00,COR001,MP004,S002,C7nAaA5DLwsyI/x5+XsKAg==,64,64,117,117,0,0.0,1.0,1.0,False
2026-09-27T12:00:23.700874+00:00_MP005,2026-09-27T12:00:23.700874+00:00,COR001,MP005,S003,C7m+ww5AJQoyMPkA+HEKBA==,78,78,132,132,0,0.0,1.0,1.0,False
2026-09-27T12:00:23.700874+00:00_MP006,2026-09-27T12:00:23.700874+00:00,COR001,MP006,S003,C7m+ww5AJQoyMPkA+HEKBA==,78,78,132,132,0,0.0,1.0,1.0,False
2026-09-27T12:30:22.408796+00:00_MP001,2026-09-27T12:30:22.408796+00:00,COR001,MP001,S001,C7nDMQ5I3QswPvpW9EAKAg==,71,71,186,186,0,0.0,1.0,1.0,False
2026-09-27T12:30:22.408796+00:00_MP002,2026-09-27T12:30:22.408796+00:00,COR001,MP002,S001,C7nDMQ5I3QswPvpW9EAKAg==,71,71,186,186,0,0.0,1.0,1.0,False
2026-09-27T12:30:22.408796+00:00_MP003,2026-09-27T12:30:22.408796+00:00,COR001,MP003,S002,C7nAjg5DYwoyCP8v/mUKAg==,69,69,26,26,0,0.0,1.0,1.0,False
2026-09-27T12:30:22.408796+00:00_MP004,2026-09-27T12:30:22.408796+00:00,COR001,MP004,S002,C7nAaA5DLwsyI/x5+XsKAg==,64,64,117,117,0,0.0,1.0,1.0,False
2026-09-27T12:30:22.408796+00:00_MP005,2026-09-27T12:30:22.408796+00:00,COR001,MP005,S003,C7m+ww5AJQoyMPkA+HEKBA==,78,78,132,132,0,0.0,1.0,1.0,False
2026-09-27T12:30:22.408796+00:00_MP006,2026-09-27T12:30:22.408796+00:00,COR001,MP006,S003,C7m+ww5AJQoyMPkA+HEKBA==,78,78,132,132,0,0.0,1.0,1.0,False
2026-09-27T13:00:24.554672+00:00_MP001,2026-09-27T13:00:24.554672+00:00,COR001,MP001,S001,C7nDMQ5I3QswPvpW9EAKAg==,71,71,186,186,0,0.0,1.0,1.0,False
2026-09-27T13:00:24.554672+00:00_MP002,2026-09-27T13:00:24.554672+00:00,COR001,MP002,S001,C7nDMQ5I3QswPvpW9EAKAg==,71,71,186,186,0,0.0,1.0,1.0,False
2026-09-27T13:00:24.554672+00:00_MP003,2026-09-27T13:00:24.554672+00:00,COR001,MP003,S002,C7nAjg5DYwoyCP8v/mUKAg==,69,69,26,26,0,0.0,1.0,1.0,False
2026-09-27T13:00:24.554672+00:00_MP004,2026-09-27T13:00:24.554672+00:00,COR001,MP004,S002,C7nAaA5DLwsyI/x5+XsKAg==,64,64,117,117,0,0.0,1.0,1.0,False
2026-09-27T13:00:24.554672+00:00_MP005,2026-09-27T13:00:24.554672+00:00,COR001,MP005,S003,C7m+ww5AJQoyMPkA+HEKBA==,78,78,132,132,0,0.0,1.0,1.0,False
2026-09-27T13:00:24.554672+00:00_MP006,2026-09-27T13:00:24.554672+00:00,COR001,MP006,S003,C7m+ww5AJQoyMPkA+HEKBA==,78,78,132,132,0,0.0,1.0,1.0,False
2026-09-27T13:30:22.568883+00:00_MP001,2026-09-27T13:30:22.568883+00:00,COR001,MP001,S001,C7nDMQ5I3QswPvpW9EAKAg==,71,71,186,186,0,0.0,1.0,1.0,False
2026-09-27T13:30:22.568883+00:00_MP002,2026-09-27T13:30:22.568883+00:00,COR001,MP002,S001,C7nDMQ5I3QswPvpW9EAKAg==,71,71,186,186,0,0.0,1.0,1.0,False
2026-09-27T13:30:22.568883+00:00_MP003,2026-09-27T13:30:22.568883+00:00,COR001,MP003,S002,C7nAjg5DYwoyCP8v/mUKAg==,69,69,26,26,0,0.0,1.0,1.0,False
2026-09-27T13:30:22.568883+00:00_MP004,2026-09-27T13:30:22.568883+00:00,COR001,MP004,S002,C7nAaA5DLwsyI/x5+XsKAg==,64,64,117,117,0,0.0,1.0,1.0,False
2026-09-27T13:30:22.568883+00:00_MP005,2026-09-27T13:30:22.568883+00:00,COR001,MP005,S003,C7m+ww5AJQoyMPkA+HEKBA==,78,78,132,132,0,0.0,1.0,1.0,False
2026-09-27T13:30:22.568883+00:00_MP006,2026-09-27T13:30:22.568883+00:00,COR001,MP006,S003,C7m+ww5AJQoyMPkA+HEKBA==,78,78,132,132,0,0.0,1.0,1.0,False
2026-09-27T14:00:22.454288+00:00_MP001,2026-09-27T14:00:22.454288+00:00,COR001,MP001,S001,C7nDMQ5I3QswPvpW9EAKAg==,71,71,186,186,0,0.0,1.0,1.0,False
2026-09-27T14:00:22.454288+00:00_MP002,2026-09-27T14:00:22.454288+00:00,COR001,MP002,S001,C7nDMQ5I3QswPvpW9EAKAg==,71,71,186,186,0,0.0,1.0,1.0,False
2026-09-27T14:00:22.454288+00:00_MP003,2026-09-27T14:00:22.454288+00:00,COR001,MP003,S002,C7nAjg5DYwoyCP8v/mUKAg==,69,69,26,26,0,0.0,1.0,1.0,False
2026-09-27T14:00:22.454288+00:00_MP004,2026-09-27T14:00:22.454288+00:00,COR001,MP004,S002,C7nAaA5DLwsyI/x5+XsKAg==,64,64,117,117,0,0.0,1.0,1.0,False
2026-09-27T14:00:22.454288+00:00_MP005,2026-09-27T14:00:22.454288+00:00,COR001,MP005,S003,C7m+ww5AJQoyMPkA+HEKBA==,78,78,132,132,0,0.0,1.0,1.0,False
2026-09-27T14:00:22.454288+00:00_MP006,2026-09-27T14:00:22.454288+00:00,COR001,MP006,S003,C7m+ww5AJQoyMPkA+HEKBA==,78,78,132,132,0,0.0,1.0,1.0,False
2026-09-27T14:30:25.366962+00:00_MP001,2026-09-27T14:30:25.366962+00:00,COR001,MP001,S001,C7nDMQ5I3QswPvpW9EAKAg==,71,71,186,186,0,0.0,1.0,1.0,False
2026-09-27T14:30:25.366962+00:00_MP002,2026-09-27T14:30:25.366962+00:00,COR001,MP002,S001,C7nDMQ5I3QswPvpW9EAKAg==,71,71,186,186,0,0.0,1.0,1.0,False
2026-09-27T14:30:25.366962+00:00_MP003,2026-09-27T14:30:25.366962+00:00,COR001,MP003,S002,C7nAjg5DYwoyCP8v/mUKAg==,69,69,26,26,0,0.0,1.0,1.0,False
2026-09-27T14:30:25.366962+00:00_MP004,2026-09-27T14:30:25.366962+00:00,COR001,MP004,S002,C7nAaA5DLwsyI/x5+XsKAg==,64,64,117,117,0,0.0,1.0,1.0,False
2026-09-27T14:30:25.366962+00:00_MP005,2026-09-27T14:30:25.366962+00:00,COR001,MP005,S003,C7m+ww5AJQoyMPkA+HEKBA==,78,78,132,132,0,0.0,1.0,1.0,False
2026-09-27T14:30:25.366962+00:00_MP006,2026-09-27T14:30:25.366962+00:00,COR001,MP006,S003,C7m+ww5AJQoyMPkA+HEKBA==,78,78,132,132,0,0.0,1.0,1.0,False
2026-09-27T15:00:24.813904+00:00_MP001,2026-09-27T15:00:24.813904+00:00,COR001,MP001,S001,C7nDMQ5I3QswPvpW9EAKAg==,71,71,186,186,0,0.0,1.0,1.0,False
2026-09-27T15:00:24.813904+00:00_MP002,2026-09-27T15:00:24.813904+00:00,COR001,MP002,S001,C7nDMQ5I3QswPvpW9EAKAg==,71,71,186,186,0,0.0,1.0,1.0,False
2026-09-27T15:00:24.813904+00:00_MP003,2026-09-27T15:00:24.813904+00:00,COR001,MP003,S002,C7nAjg5DYwoyCP8v/mUKAg==,69,69,26,26,0,0.0,1.0,1.0,False
2026-09-27T15:00:24.813904+00:00_MP004,2026-09-27T15:00:24.813904+00:00,COR001,MP004,S002,C7nAaA5DLwsyI/x5+XsKAg==,58,64,129,117,12,9.375,1.1025641025641026,0.998276,False
2026-09-27T15:00:24.813904+00:00_MP005,2026-09-27T15:00:24.813904+00:00,COR001,MP005,S003,C7m+ww5AJQoyMPkA+HEKBA==,78,78,132,132,0,0.0,1.0,1.0,False
2026-09-27T15:00:24.813904+00:00_MP006,2026-09-27T15:00:24.813904+00:00,COR001,MP006,S003,C7m+ww5AJQoyMPkA+HEKBA==,78,78,132,132,0,0.0,1.0,1.0,False
2026-09-27T15:30:26.581266+00:00_MP001,2026-09-27T15:30:26.581266+00:00,COR001,MP001,S001,C7nDMQ5I3QswPvpW9EAKAg==,71,71,186,186,0,0.0,1.0,1.0,False
2026-09-27T15:30:26.581266+00:00_MP002,2026-09-27T15:30:26.581266+00:00,COR001,MP002,S001,C7nDMQ5I3QswPvpW9EAKAg==,71,71,186,186,0,0.0,1.0,1.0,False
2026-09-27T15:30:26.581266+00:00_MP003,2026-09-27T15:30:26.581266+00:00,COR001,MP003,S002,C7nAjg5DYwoyCP8v/mUKAg==,69,69,26,26,0,0.0,1.0,1.0,False
2026-09-27T15:30:26.581266+00:00_MP004,2026-09-27T15:30:26.581266+00:00,COR001,MP004,S002,C7nAaA5DLwsyI/x5+XsKAg==,64,64,117,117,0,0.0,1.0,1.0,False
2026-09-27T15:30:26.581266+00:00_MP005,2026-09-27T15:30:26.581266+00:00,COR001,MP005,S003,C7m+ww5AJQoyMPkA+HEKBA==,78,78,132,132,0,0.0,1.0,1.0,False
2026-09-27T15:30:26.581266+00:00_MP006,2026-09-27T15:30:26.581266+00:00,COR001,MP006,S003,C7m+ww5AJQoyMPkA+HEKBA==,78,78,132,132,0,0.0,1.0,1.0,False
2026-09-27T16:00:26.659052+00:00_MP001,2026-09-27T16:00:26.659052+00:00,COR001,MP001,S001,C7nDMQ5I3QswPvpW9EAKAg==,71,71,186,186,0,0.0,1.0,1.0,False
2026-09-27T16:00:26.659052+00:00_MP002,2026-09-27T16:00:26.659052+00:00,COR001,MP002,S001,C7nDMQ5I3QswPvpW9EAKAg==,71,71,186,186,0,0.0,1.0,1.0,False
2026-09-27T16:00:26.659052+00:00_MP003,2026-09-27T16:00:26.659052+00:00,COR001,MP003,S002,C7nAjg5DYwoyCP8v/mUKAg==,69,69,26,26,0,0.0,1.0,1.0,False
2026-09-27T16:00:26.659052+00:00_MP004,2026-09-27T16:00:26.659052+00:00,COR001,MP004,S002,C7nAaA5DLwsyI/x5+XsKAg==,64,64,117,117,0,0.0,1.0,1.0,False
2026-09-27T16:00:26.659052+00:00_MP005,2026-09-27T16:00:26.659052+00:00,COR001,MP005,S003,C7m+ww5AJQoyMPkA+HEKBA==,78,78,132,132,0,0.0,1.0,1.0,False
2026-09-27T16:00:26.659052+00:00_MP006,2026-09-27T16:00:26.659052+00:00,COR001,MP006,S003,C7m+ww5AJQoyMPkA+HEKBA==,78,78,132,132,0,0.0,1.0,1.0,False
2026-09-27T16:30:22.439325+00:00_MP001,2026-09-27T16:30:22.439325+00:00,COR001,MP001,S001,C7nDMQ5I3QswPvpW9EAKAg==,71,71,186,186,0,0.0,1.0,1.0,False
2026-09-27T16:30:22.439325+00:00_MP002,2026-09-27T16:30:22.439325+00:00,COR001,MP002,S001,C7nDMQ5I3QswPvpW9EAKAg==,71,71,186,186,0,0.0,1.0,1.0,False
2026-09-27T16:30:22.439325+00:00_MP003,2026-09-27T16:30:22.439325+00:00,COR001,MP003,S002,C7nAjg5DYwoyCP8v/mUKAg==,69,69,26,26,0,0.0,1.0,1.0,False
2026-09-27T16:30:22.439325+00:00_MP004,2026-09-27T16:30:22.439325+00:00,COR001,MP004,S002,C7nAaA5DLwsyI/x5+XsKAg==,64,64,117,117,0,0.0,1.0,1.0,False
2026-09-27T16:30:22.439325+00:00_MP005,2026-09-27T16:30:22.439325+00:00,COR001,MP005,S003,C7m+ww5AJQoyMPkA+HEKBA==,78,78,132,132,0,0.0,1.0,1.0,False
2026-09-27T16:30:22.439325+00:00_MP006,2026-09-27T16:30:22.439325+00:00,COR001,MP006,S003,C7m+ww5AJQoyMPkA+HEKBA==,78,78,132,132,0,0.0,1.0,1.0,False
2026-09-27T17:00:25.543344+00:00_MP001,2026-09-27T17:00:25.543344+00:00,COR001,MP001,S001,C7nDMQ5I3QswPvpW9EAKAg==,71,71,186,186,0,0.0,1.0,1.0,False
2026-09-27T17:00:25.543344+00:00_MP002,2026-09-27T17:00:25.543344+00:00,COR001,MP002,S001,C7nDMQ5I3QswPvpW9EAKAg==,71,71,186,186,0,0.0,1.0,1.0,False
2026-09-27T17:00:25.543344+00:00_MP003,2026-09-27T17:00:25.543344+00:00,COR001,MP003,S002,C7nAjg5DYwoyCP8v/mUKAg==,69,69,26,26,0,0.0,1.0,1.0,False
2026-09-27T17:00:25.543344+00:00_MP004,2026-09-27T17:00:25.543344+00:00,COR001,MP004,S002,C7nAaA5DLwsyI/x5+XsKAg==,64,64,117,117,0,0.0,1.0,1.0,False
2026-09-27T17:00:25.543344+00:00_MP005,2026-09-27T17:00:25.543344+00:00,COR001,MP005,S003,C7m+ww5AJQoyMPkA+HEKBA==,78,78,132,132,0,0.0,1.0,1.0,False
2026-09-27T17:00:25.543344+00:00_MP006,2026-09-27T17:00:25.543344+00:00,COR001,MP006,S003,C7m+ww5AJQoyMPkA+HEKBA==,78,78,132,132,0,0.0,1.0,1.0,False
2026-09-27T17:30:23.605239+00:00_MP001,2026-09-27T17:30:23.605239+00:00,COR001,MP001,S001,C7nDMQ5I3QswPvpW9EAKAg==,71,71,186,186,0,0.0,1.0,1.0,False
2026-09-27T17:30:23.605239+00:00_MP002,2026-09-27T17:30:23.605239+00:00,COR001,MP002,S001,C7nDMQ5I3QswPvpW9EAKAg==,71,71,186,186,0,0.0,1.0,1.0,False
2026-09-27T17:30:23.605239+00:00_MP003,2026-09-27T17:30:23.605239+00:00,COR001,MP003,S002,C7nAjg5DYwoyCP8v/mUKAg==,69,69,26,26,0,0.0,1.0,1.0,False
2026-09-27T17:30:23.605239+00:00_MP004,2026-09-27T17:30:23.605239+00:00,COR001,MP004,S002,C7nAaA5DLwsyI/x5+XsKAg==,64,64,117,117,0,0.0,1.0,1.0,False
2026-09-27T17:30:23.605239+00:00_MP005,2026-09-27T17:30:23.605239+00:00,COR001,MP005,S003,C7m+ww5AJQoyMPkA+HEKBA==,78,78,132,132,0,0.0,1.0,1.0,False
2026-09-27T17:30:23.605239+00:00_MP006,2026-09-27T17:30:23.605239+00:00,COR001,MP006,S003,C7m+ww5AJQoyMPkA+HEKBA==,78,78,132,132,0,0.0,1.0,1.0,False
2026-09-27T18:00:24.149459+00:00_MP001,2026-09-27T18:00:24.149459+00:00,COR001,MP001,S001,C7nDMQ5I3QswPvpW9EAKAg==,71,71,186,186,0,0.0,1.0,1.0,False
2026-09-27T18:00:24.149459+00:00_MP002,2026-09-27T18:00:24.149459+00:00,COR001,MP002,S001,C7nDMQ5I3QswPvpW9EAKAg==,71,71,186,186,0,0.0,1.0,1.0,False
2026-09-27T18:00:24.149459+00:00_MP003,2026-09-27T18:00:24.149459+00:00,COR001,MP003,S002,C7nAjg5DYwoyCP8v/mUKAg==,69,69,26,26,0,0.0,1.0,1.0,False
2026-09-27T18:00:24.149459+00:00_MP004,2026-09-27T18:00:24.149459+00:00,COR001,MP004,S002,C7nAaA5DLwsyI/x5+XsKAg==,64,64,117,117,0,0.0,1.0,1.0,False
2026-09-27T18:00:24.149459+00:00_MP005,2026-09-27T18:00:24.149459+00:00,COR001,MP005,S003,C7m+ww5AJQoyMPkA+HEKBA==,78,78,132,132,0,0.0,1.0,1.0,False
2026-09-27T18:00:24.149459+00:00_MP006,2026-09-27T18:00:24.149459+00:00,COR001,MP006,S003,C7m+ww5AJQoyMPkA+HEKBA==,78,78,132,132,0,0.0,1.0,1.0,False
2026-09-27T18:30:22.666776+00:00_MP001,2026-09-27T18:30:22.666776+00:00,COR001,MP001,S001,C7nDMQ5I3QswPvpW9EAKAg==,71,71,186,186,0,0.0,1.0,1.0,False
2026-09-27T18:30:22.666776+00:00_MP002,2026-09-27T18:30:22.666776+00:00,COR001,MP002,S001,C7nDMQ5I3QswPvpW9EAKAg==,71,71,186,186,0,0.0,1.0,1.0,False
2026-09-27T18:30:22.666776+00:00_MP003,2026-09-27T18:30:22.666776+00:00,COR001,MP003,S002,C7nAjg5DYwoyCP8v/mUKAg==,69,69,26,26,0,0.0,1.0,1.0,False
2026-09-27T18:30:22.666776+00:00_MP004,2026-09-27T18:30:22.666776+00:00,COR001,MP004,S002,C7nAaA5DLwsyI/x5+XsKAg==,51,64,147,117,30,20.3125,1.2564102564102564,1.0,False
2026-09-27T18:30:22.666776+00:00_MP005,2026-09-27T18:30:22.666776+00:00,COR001,MP005,S003,C7m+ww5AJQoyMPkA+HEKBA==,78,78,132,132,0,0.0,1.0,1.0,False
2026-09-27T18:30:22.666776+00:00_MP006,2026-09-27T18:30:22.666776+00:00,COR001,MP006,S003,C7m+ww5AJQoyMPkA+HEKBA==,78,78,132,132,0,0.0,1.0,1.0,False
2026-09-27T19:00:26.291549+00:00_MP001,2026-09-27T19:00:26.291549+00:00,COR001,MP001,S001,C7nDMQ5I3QswPvpW9EAKAg==,71,71,186,186,0,0.0,1.0,1.0,False
2026-09-27T19:00:26.291549+00:00_MP002,2026-09-27T19:00:26.291549+00:00,COR001,MP002,S001,C7nDMQ5I3QswPvpW9EAKAg==,71,71,186,186,0,0.0,1.0,1.0,False
2026-09-27T19:00:26.291549+00:00_MP003,2026-09-27T19:00:26.291549+00:00,COR001,MP003,S002,C7nAjg5DYwoyCP8v/mUKAg==,46,69,39,26,13,33.33333333333333,1.5,1.0,False
2026-09-27T19:00:26.291549+00:00_MP004,2026-09-27T19:00:26.291549+00:00,COR001,MP004,S002,C7nAaA5DLwsyI/x5+XsKAg==,56,64,134,117,17,12.5,1.1452991452991452,1.0,False
2026-09-27T19:00:26.291549+00:00_MP005,2026-09-27T19:00:26.291549+00:00,COR001,MP005,S003,C7m+ww5AJQoyMPkA+HEKBA==,78,78,132,132,0,0.0,1.0,1.0,False
2026-09-27T19:00:26.291549+00:00_MP006,2026-09-27T19:00:26.291549+00:00,COR001,MP006,S003,C7m+ww5AJQoyMPkA+HEKBA==,78,78,132,132,0,0.0,1.0,1.0,False
2026-09-27T19:30:25.624417+00:00_MP001,2026-09-27T19:30:25.624417+00:00,COR001,MP001,S001,C7nDMQ5I3QswPvpW9EAKAg==,71,71,186,186,0,0.0,1.0,1.0,False
2026-09-27T19:30:25.624417+00:00_MP002,2026-09-27T19:30:25.624417+00:00,COR001,MP002,S001,C7nDMQ5I3QswPvpW9EAKAg==,71,71,186,186,0,0.0,1.0,1.0,False
2026-09-27T19:30:25.624417+00:00_MP003,2026-09-27T19:30:25.624417+00:00,COR001,MP003,S002,C7nAjg5DYwoyCP8v/mUKAg==,69,69,26,26,0,0.0,1.0,1.0,False
2026-09-27T19:30:25.624417+00:00_MP004,2026-09-27T19:30:25.624417+00:00,COR001,MP004,S002,C7nAaA5DLwsyI/x5+XsKAg==,64,64,117,117,0,0.0,1.0,1.0,False
2026-09-27T19:30:25.624417+00:00_MP005,2026-09-27T19:30:25.624417+00:00,COR001,MP005,S003,C7m+ww5AJQoyMPkA+HEKBA==,78,78,132,132,0,0.0,1.0,1.0,False
2026-09-27T19:30:25.624417+00:00_MP006,2026-09-27T19:30:25.624417+00:00,COR001,MP006,S003,C7m+ww5AJQoyMPkA+HEKBA==,78,78,132,132,0,0.0,1.0,1.0,False
2026-09-27T20:00:23.711152+00:00_MP001,2026-09-27T20:00:23.711152+00:00,COR001,MP001,S001,C7nDMQ5I3QswPvpW9EAKAg==,71,71,186,186,0,0.0,1.0,1.0,False
2026-09-27T20:00:23.711152+00:00_MP002,2026-09-27T20:00:23.711152+00:00,COR001,MP002,S001,C7nDMQ5I3QswPvpW9EAKAg==,71,71,186,186,0,0.0,1.0,1.0,False
2026-09-27T20:00:23.711152+00:00_MP003,2026-09-27T20:00:23.711152+00:00,COR001,MP003,S002,C7nAjg5DYwoyCP8v/mUKAg==,69,69,26,26,0,0.0,1.0,1.0,False
2026-09-27T20:00:23.711152+00:00_MP004,2026-09-27T20:00:23.711152+00:00,COR001,MP004,S002,C7nAaA5DLwsyI/x5+XsKAg==,51,64,147,117,30,20.3125,1.2564102564102564,1.0,False
2026-09-27T20:00:23.711152+00:00_MP005,2026-09-27T20:00:23.711152+00:00,COR001,MP005,S003,C7m+ww5AJQoyMPkA+HEKBA==,57,77,180,133,47,25.97402597402597,1.3533834586466165,1.0,False
2026-09-27T20:00:23.711152+00:00_MP006,2026-09-27T20:00:23.711152+00:00,COR001,MP006,S003,C7m+ww5AJQoyMPkA+HEKBA==,57,77,180,133,47,25.97402597402597,1.3533834586466165,1.0,False
2026-09-27T20:30:24.385702+00:00_MP001,2026-09-27T20:30:24.385702+00:00,COR001,MP001,S001,C7nDMQ5I3QswPvpW9EAKAg==,71,71,186,186,0,0.0,1.0,1.0,False
2026-09-27T20:30:24.385702+00:00_MP002,2026-09-27T20:30:24.385702+00:00,COR001,MP002,S001,C7nDMQ5I3QswPvpW9EAKAg==,71,71,186,186,0,0.0,1.0,1.0,False
2026-09-27T20:30:24.385702+00:00_MP003,2026-09-27T20:30:24.385702+00:00,COR001,MP003,S002,C7nAjg5DYwoyCP8v/mUKAg==,55,69,33,26,7,20.28985507246377,1.2692307692307692,1.0,False
2026-09-27T20:30:24.385702+00:00_MP004,2026-09-27T20:30:24.385702+00:00,COR001,MP004,S002,C7nAaA5DLwsyI/x5+XsKAg==,36,64,208,117,91,43.75,1.7777777777777777,1.0,False
2026-09-27T20:30:24.385702+00:00_MP005,2026-09-27T20:30:24.385702+00:00,COR001,MP005,S003,C7m+ww5AJQoyMPkA+HEKBA==,61,78,169,132,37,21.7948717948718,1.2803030303030305,1.0,False
2026-09-27T20:30:24.385702+00:00_MP006,2026-09-27T20:30:24.385702+00:00,COR001,MP006,S003,C7m+ww5AJQoyMPkA+HEKBA==,61,78,169,132,37,21.7948717948718,1.2803030303030305,1.0,False
2026-09-27T21:00:25.409111+00:00_MP001,2026-09-27T21:00:25.409111+00:00,COR001,MP001,S001,C7nDMQ5I3QswPvpW9EAKAg==,71,71,186,186,0,0.0,1.0,1.0,False
2026-09-27T21:00:25.409111+00:00_MP002,2026-09-27T21:00:25.409111+00:00,COR001,MP002,S001,C7nDMQ5I3QswPvpW9EAKAg==,71,71,186,186,0,0.0,1.0,1.0,False
2026-09-27T21:00:25.409111+00:00_MP003,2026-09-27T21:00:25.409111+00:00,COR001,MP003,S002,C7nAjg5DYwoyCP8v/mUKAg==,45,68,40,26,14,33.82352941176471,1.5384615384615383,1.0,False
2026-09-27T21:00:25.409111+00:00_MP004,2026-09-27T21:00:25.409111+00:00,COR001,MP004,S002,C7nAaA5DLwsyI/x5+XsKAg==,35,63,214,119,95,44.44444444444444,1.7983193277310925,1.0,False
2026-09-27T21:00:25.409111+00:00_MP005,2026-09-27T21:00:25.409111+00:00,COR001,MP005,S003,C7m+ww5AJQoyMPkA+HEKBA==,61,77,169,133,36,20.77922077922078,1.2706766917293233,1.0,False
2026-09-27T21:00:25.409111+00:00_MP006,2026-09-27T21:00:25.409111+00:00,COR001,MP006,S003,C7m+ww5AJQoyMPkA+HEKBA==,61,77,169,133,36,20.77922077922078,1.2706766917293233,1.0,False
2026-09-27T21:30:27.573873+00:00_MP001,2026-09-27T21:30:27.573873+00:00,COR001,MP001,S001,C7nDMQ5I3QswPvpW9EAKAg==,71,71,186,186,0,0.0,1.0,1.0,False
2026-09-27T21:30:27.573873+00:00_MP002,2026-09-27T21:30:27.573873+00:00,COR001,MP002,S001,C7nDMQ5I3QswPvpW9EAKAg==,71,71,186,186,0,0.0,1.0,1.0,False
2026-09-27T21:30:27.573873+00:00_MP003,2026-09-27T21:30:27.573873+00:00,COR001,MP003,S002,C7nAjg5DYwoyCP8v/mUKAg==,53,69,34,26,8,23.18840579710145,1.3076923076923077,1.0,False
2026-09-27T21:30:27.573873+00:00_MP004,2026-09-27T21:30:27.573873+00:00,COR001,MP004,S002,C7nAaA5DLwsyI/x5+XsKAg==,18,64,417,117,300,71.875,3.5641025641025643,1.0,False
2026-09-27T21:30:27.573873+00:00_MP005,2026-09-27T21:30:27.573873+00:00,COR001,MP005,S003,C7m+ww5AJQoyMPkA+HEKBA==,61,78,169,132,37,21.7948717948718,1.2803030303030305,1.0,False
2026-09-27T21:30:27.573873+00:00_MP006,2026-09-27T21:30:27.573873+00:00,COR001,MP006,S003,C7m+ww5AJQoyMPkA+HEKBA==,61,78,169,132,37,21.7948717948718,1.2803030303030305,1.0,False
2026-09-27T22:00:25.891463+00:00_MP001,2026-09-27T22:00:25.891463+00:00,COR001,MP001,S001,C7nDMQ5I3QswPvpW9EAKAg==,71,71,186,186,0,0.0,1.0,1.0,False
2026-09-27T22:00:25.891463+00:00_MP002,2026-09-27T22:00:25.891463+00:00,COR001,MP002,S001,C7nDMQ5I3QswPvpW9EAKAg==,71,71,186,186,0,0.0,1.0,1.0,False
2026-09-27T22:00:25.891463+00:00_MP003,2026-09-27T22:00:25.891463+00:00,COR001,MP003,S002,C7nAjg5DYwoyCP8v/mUKAg==,18,67,101,27,74,73.13432835820896,3.740740740740741,0.99,False
2026-09-27T22:00:25.891463+00:00_MP004,2026-09-27T22:00:25.891463+00:00,COR001,MP004,S002,C7nAaA5DLwsyI/x5+XsKAg==,15,64,501,117,384,76.5625,4.282051282051282,1.0,False
2026-09-27T22:00:25.891463+00:00_MP005,2026-09-27T22:00:25.891463+00:00,COR001,MP005,S003,C7m+ww5AJQoyMPkA+HEKBA==,56,77,184,133,51,27.27272727272727,1.3834586466165413,1.0,False
2026-09-27T22:00:25.891463+00:00_MP006,2026-09-27T22:00:25.891463+00:00,COR001,MP006,S003,C7m+ww5AJQoyMPkA+HEKBA==,56,77,184,133,51,27.27272727272727,1.3834586466165413,1.0,False
2026-09-27T22:30:26.846650+00:00_MP001,2026-09-27T22:30:26.846650+00:00,COR001,MP001,S001,C7nDMQ5I3QswPvpW9EAKAg==,71,71,186,186,0,0.0,1.0,1.0,False
2026-09-27T22:30:26.846650+00:00_MP002,2026-09-27T22:30:26.846650+00:00,COR001,MP002,S001,C7nDMQ5I3QswPvpW9EAKAg==,71,71,186,186,0,0.0,1.0,1.0,False
2026-09-27T22:30:26.846650+00:00_MP003,2026-09-27T22:30:26.846650+00:00,COR001,MP003,S002,C7nAjg5DYwoyCP8v/mUKAg==,24,69,75,26,49,65.21739130434783,2.8846153846153846,0.995933,False
2026-09-27T22:30:26.846650+00:00_MP004,2026-09-27T22:30:26.846650+00:00,COR001,MP004,S002,C7nAaA5DLwsyI/x5+XsKAg==,15,66,501,113,388,77.27272727272727,4.433628318584071,1.0,False
2026-09-27T22:30:26.846650+00:00_MP005,2026-09-27T22:30:26.846650+00:00,COR001,MP005,S003,C7m+ww5AJQoyMPkA+HEKBA==,59,78,174,132,42,24.35897435897436,1.318181818181818,1.0,False
2026-09-27T22:30:26.846650+00:00_MP006,2026-09-27T22:30:26.846650+00:00,COR001,MP006,S003,C7m+ww5AJQoyMPkA+HEKBA==,59,78,174,132,42,24.35897435897436,1.318181818181818,1.0,False
2026-09-27T23:00:27.633303+00:00_MP001,2026-09-27T23:00:27.633303+00:00,COR001,MP001,S001,C7nDMQ5I3QswPvpW9EAKAg==,54,70,245,189,56,22.857142857142858,1.2962962962962965,1.0,False
2026-09-27T23:00:27.633303+00:00_MP002,2026-09-27T23:00:27.633303+00:00,COR001,MP002,S001,C7nDMQ5I3QswPvpW9EAKAg==,54,70,245,189,56,22.857142857142858,1.2962962962962965,1.0,False
2026-09-27T23:00:27.633303+00:00_MP003,2026-09-27T23:00:27.633303+00:00,COR001,MP003,S002,C7nAjg5DYwoyCP8v/mUKAg==,14,70,130,26,104,80.0,5.0,1.0,False
2026-09-27T23:00:27.633303+00:00_MP004,2026-09-27T23:00:27.633303+00:00,COR001,MP004,S002,C7nAaA5DLwsyI/x5+XsKAg==,13,65,578,115,463,80.0,5.026086956521739,0.998569,False
2026-09-27T23:00:27.633303+00:00_MP005,2026-09-27T23:00:27.633303+00:00,COR001,MP005,S003,C7m+ww5AJQoyMPkA+HEKBA==,59,78,174,132,42,24.35897435897436,1.318181818181818,1.0,False
2026-09-27T23:00:27.633303+00:00_MP006,2026-09-27T23:00:27.633303+00:00,COR001,MP006,S003,C7m+ww5AJQoyMPkA+HEKBA==,59,78,174,132,42,24.35897435897436,1.318181818181818,1.0,False
2026-09-27T23:30:24.445572+00:00_MP001,2026-09-27T23:30:24.445572+00:00,COR001,MP001,S001,C7nDMQ5I3QswPvpW9EAKAg==,56,70,236,189,47,20.0,1.2486772486772486,1.0,False
2026-09-27T23:30:24.445572+00:00_MP002,2026-09-27T23:30:24.445572+00:00,COR001,MP002,S001,C7nDMQ5I3QswPvpW9EAKAg==,56,70,236,189,47,20.0,1.2486772486772486,1.0,False
2026-09-27T23:30:24.445572+00:00_MP003,2026-09-27T23:30:24.445572+00:00,COR001,MP003,S002,C7nAjg5DYwoyCP8v/mUKAg==,20,69,91,26,65,71.01449275362319,3.5,0.99,False
2026-09-27T23:30:24.445572+00:00_MP004,2026-09-27T23:30:24.445572+00:00,COR001,MP004,S002,C7nAaA5DLwsyI/x5+XsKAg==,11,62,683,121,562,82.25806451612904,5.644628099173554,1.0,False
2026-09-27T23:30:24.445572+00:00_MP005,2026-09-27T23:30:24.445572+00:00,COR001,MP005,S003,C7m+ww5AJQoyMPkA+HEKBA==,53,77,194,133,61,31.16883116883117,1.4586466165413534,1.0,False
2026-09-27T23:30:24.445572+00:00_MP006,2026-09-27T23:30:24.445572+00:00,COR001,MP006,S003,C7m+ww5AJQoyMPkA+HEKBA==,53,77,194,133,61,31.16883116883117,1.4586466165413534,1.0,False
2026-09-28T00:01:01.721771+00:00_MP001,2026-09-28T00:01:01.721771+00:00,COR001,MP001,S001,C7nDMQ5I3QswPvpW9EAKAg==,53,71,250,186,64,25.352112676056336,1.3440860215053765,0.996996,False
2026-09-28T00:01:01.721771+00:00_MP002,2026-09-28T00:01:01.721771+00:00,COR001,MP002,S001,C7nDMQ5I3QswPvpW9EAKAg==,53,71,250,186,64,25.352112676056336,1.3440860215053765,0.996996,False
2026-09-28T00:01:01.721771+00:00_MP003,2026-09-28T00:01:01.721771+00:00,COR001,MP003,S002,C7nAjg5DYwoyCP8v/mUKAg==,14,71,130,25,105,80.28169014084507,5.2,0.99,False
2026-09-28T00:01:01.721771+00:00_MP004,2026-09-28T00:01:01.721771+00:00,COR001,MP004,S002,C7nAaA5DLwsyI/x5+XsKAg==,12,65,626,115,511,81.53846153846153,5.443478260869565,1.0,False
2026-09-28T00:01:01.721771+00:00_MP005,2026-09-28T00:01:01.721771+00:00,COR001,MP005,S003,C7m+ww5AJQoyMPkA+HEKBA==,54,77,190,133,57,29.87012987012987,1.4285714285714286,1.0,False
2026-09-28T00:01:01.721771+00:00_MP006,2026-09-28T00:01:01.721771+00:00,COR001,MP006,S003,C7m+ww5AJQoyMPkA+HEKBA==,54,77,190,133,57,29.87012987012987,1.4285714285714286,1.0,False
2026-09-28T00:30:21.014422+00:00_MP001,2026-09-28T00:30:21.014422+00:00,COR001,MP001,S001,C7nDMQ5I3QswPvpW9EAKAg==,55,70,240,189,51,21.428571428571427,1.2698412698412698,0.991686,False
2026-09-28T00:30:21.014422+00:00_MP002,2026-09-28T00:30:21.014422+00:00,COR001,MP002,S001,C7nDMQ5I3QswPvpW9EAKAg==,55,70,240,189,51,21.428571428571427,1.2698412698412698,0.991686,False
2026-09-28T00:30:21.014422+00:00_MP003,2026-09-28T00:30:21.014422+00:00,COR001,MP003,S002,C7nAjg5DYwoyCP8v/mUKAg==,20,70,91,26,65,71.42857142857143,3.5,0.97,False
2026-09-28T00:30:21.014422+00:00_MP004,2026-09-28T00:30:21.014422+00:00,COR001,MP004,S002,C7nAaA5DLwsyI/x5+XsKAg==,10,67,751,112,639,85.07462686567165,6.705357142857143,1.0,False
2026-09-28T00:30:21.014422+00:00_MP005,2026-09-28T00:30:21.014422+00:00,COR001,MP005,S003,C7m+ww5AJQoyMPkA+HEKBA==,50,78,206,132,74,35.8974358974359,1.5606060606060606,1.0,False
2026-09-28T00:30:21.014422+00:00_MP006,2026-09-28T00:30:21.014422+00:00,COR001,MP006,S003,C7m+ww5AJQoyMPkA+HEKBA==,50,78,206,132,74,35.8974358974359,1.5606060606060606,1.0,False
2026-09-28T01:00:24.642197+00:00_MP001,2026-09-28T01:00:24.642197+00:00,COR001,MP001,S001,C7nDMQ5I3QswPvpW9EAKAg==,40,69,331,192,139,42.028985507246375,1.7239583333333333,0.988849,False
2026-09-28T01:00:24.642197+00:00_MP002,2026-09-28T01:00:24.642197+00:00,COR001,MP002,S001,C7nDMQ5I3QswPvpW9EAKAg==,40,69,331,192,139,42.028985507246375,1.7239583333333333,0.988849,False
2026-09-28T01:00:24.642197+00:00_MP003,2026-09-28T01:00:24.642197+00:00,COR001,MP003,S002,C7nAjg5DYwoyCP8v/mUKAg==,10,71,182,25,157,85.91549295774648,7.28,0.98,False
2026-09-28T01:00:24.642197+00:00_MP004,2026-09-28T01:00:24.642197+00:00,COR001,MP004,S002,C7nAaA5DLwsyI/x5+XsKAg==,11,64,683,117,566,82.8125,5.837606837606837,0.99684,False
2026-09-28T01:00:24.642197+00:00_MP005,2026-09-28T01:00:24.642197+00:00,COR001,MP005,S003,C7m+ww5AJQoyMPkA+HEKBA==,56,77,184,133,51,27.27272727272727,1.3834586466165413,1.0,False
2026-09-28T01:00:24.642197+00:00_MP006,2026-09-28T01:00:24.642197+00:00,COR001,MP006,S003,C7m+ww5AJQoyMPkA+HEKBA==,56,77,184,133,51,27.27272727272727,1.3834586466165413,1.0,False
2026-09-28T01:30:23.081657+00:00_MP001,2026-09-28T01:30:23.081657+00:00,COR001,MP001,S001,C7nDMQ5I3QswPvpW9EAKAg==,48,71,276,186,90,32.3943661971831,1.4838709677419355,0.999386,False
2026-09-28T01:30:23.081657+00:00_MP002,2026-09-28T01:30:23.081657+00:00,COR001,MP002,S001,C7nDMQ5I3QswPvpW9EAKAg==,48,71,276,186,90,32.3943661971831,1.4838709677419355,0.999386,False
2026-09-28T01:30:23.081657+00:00_MP003,2026-09-28T01:30:23.081657+00:00,COR001,MP003,S002,C7nAjg5DYwoyCP8v/mUKAg==,10,68,182,26,156,85.29411764705883,7.0,0.99,False
2026-09-28T01:30:23.081657+00:00_MP004,2026-09-28T01:30:23.081657+00:00,COR001,MP004,S002,C7nAaA5DLwsyI/x5+XsKAg==,10,64,751,117,634,84.375,6.418803418803419,1.0,False
2026-09-28T01:30:23.081657+00:00_MP005,2026-09-28T01:30:23.081657+00:00,COR001,MP005,S003,C7m+ww5AJQoyMPkA+HEKBA==,50,77,206,133,73,35.064935064935064,1.5488721804511278,1.0,False
2026-09-28T01:30:23.081657+00:00_MP006,2026-09-28T01:30:23.081657+00:00,COR001,MP006,S003,C7m+ww5AJQoyMPkA+HEKBA==,50,77,206,133,73,35.064935064935064,1.5488721804511278,1.0,False
2026-09-28T02:00:33.720535+00:00_MP001,2026-09-28T02:00:33.720535+00:00,COR001,MP001,S001,C7nDMQ5I3QswPvpW9EAKAg==,49,70,270,189,81,30.0,1.4285714285714286,0.999036,False
2026-09-28T02:00:33.720535+00:00_MP002,2026-09-28T02:00:33.720535+00:00,COR001,MP002,S001,C7nDMQ5I3QswPvpW9EAKAg==,49,70,270,189,81,30.0,1.4285714285714286,0.999036,False
2026-09-28T02:00:33.720535+00:00_MP003,2026-09-28T02:00:33.720535+00:00,COR001,MP003,S002,C7nAjg5DYwoyCP8v/mUKAg==,15,69,121,26,95,78.26086956521739,4.653846153846154,1.0,False
2026-09-28T02:00:33.720535+00:00_MP004,2026-09-28T02:00:33.720535+00:00,COR001,MP004,S002,C7nAaA5DLwsyI/x5+XsKAg==,12,61,626,123,503,80.32786885245902,5.089430894308944,1.0,False
2026-09-28T02:00:33.720535+00:00_MP005,2026-09-28T02:00:33.720535+00:00,COR001,MP005,S003,C7m+ww5AJQoyMPkA+HEKBA==,57,78,180,132,48,26.923076923076923,1.3636363636363635,1.0,False
2026-09-28T02:00:33.720535+00:00_MP006,2026-09-28T02:00:33.720535+00:00,COR001,MP006,S003,C7m+ww5AJQoyMPkA+HEKBA==,57,78,180,132,48,26.923076923076923,1.3636363636363635,1.0,False
2026-09-28T02:30:22.766829+00:00_MP001,2026-09-28T02:30:22.766829+00:00,COR001,MP001,S001,C7nDMQ5I3QswPvpW9EAKAg==,54,70,245,189,56,22.857142857142858,1.2962962962962965,0.996996,False
2026-09-28T02:30:22.766829+00:00_MP002,2026-09-28T02:30:22.766829+00:00,COR001,MP002,S001,C7nDMQ5I3QswPvpW9EAKAg==,54,70,245,189,56,22.857142857142858,1.2962962962962965,0.996996,False
2026-09-28T02:30:22.766829+00:00_MP003,2026-09-28T02:30:22.766829+00:00,COR001,MP003,S002,C7nAjg5DYwoyCP8v/mUKAg==,13,68,140,26,114,80.88235294117648,5.384615384615385,1.0,False
2026-09-28T02:30:22.766829+00:00_MP004,2026-09-28T02:30:22.766829+00:00,COR001,MP004,S002,C7nAaA5DLwsyI/x5+XsKAg==,10,60,751,125,626,83.33333333333334,6.008,1.0,False
2026-09-28T02:30:22.766829+00:00_MP005,2026-09-28T02:30:22.766829+00:00,COR001,MP005,S003,C7m+ww5AJQoyMPkA+HEKBA==,58,78,177,132,45,25.64102564102564,1.3409090909090908,1.0,False
2026-09-28T02:30:22.766829+00:00_MP006,2026-09-28T02:30:22.766829+00:00,COR001,MP006,S003,C7m+ww5AJQoyMPkA+HEKBA==,58,78,177,132,45,25.64102564102564,1.3409090909090908,1.0,False
2026-09-28T03:00:26.877855+00:00_MP001,2026-09-28T03:00:26.877855+00:00,COR001,MP001,S001,C7nDMQ5I3QswPvpW9EAKAg==,56,69,236,192,44,18.84057971014493,1.2291666666666667,1.0,False
2026-09-28T03:00:26.877855+00:00_MP002,2026-09-28T03:00:26.877855+00:00,COR001,MP002,S001,C7nDMQ5I3QswPvpW9EAKAg==,56,69,236,192,44,18.84057971014493,1.2291666666666667,1.0,False
2026-09-28T03:00:26.877855+00:00_MP003,2026-09-28T03:00:26.877855+00:00,COR001,MP003,S002,C7nAjg5DYwoyCP8v/mUKAg==,13,69,140,26,114,81.15942028985508,5.384615384615385,0.99,False
2026-09-28T03:00:26.877855+00:00_MP004,2026-09-28T03:00:26.877855+00:00,COR001,MP004,S002,C7nAaA5DLwsyI/x5+XsKAg==,14,64,537,117,420,78.125,4.589743589743589,1.0,False
2026-09-28T03:00:26.877855+00:00_MP005,2026-09-28T03:00:26.877855+00:00,COR001,MP005,S003,C7m+ww5AJQoyMPkA+HEKBA==,62,77,166,133,33,19.480519480519483,1.2481203007518795,1.0,False
2026-09-28T03:00:26.877855+00:00_MP006,2026-09-28T03:00:26.877855+00:00,COR001,MP006,S003,C7m+ww5AJQoyMPkA+HEKBA==,62,77,166,133,33,19.480519480519483,1.2481203007518795,1.0,False
2026-09-28T03:30:23.021719+00:00_MP001,2026-09-28T03:30:23.021719+00:00,COR001,MP001,S001,C7nDMQ5I3QswPvpW9EAKAg==,59,70,224,189,35,15.714285714285714,1.1851851851851851,1.0,False
2026-09-28T03:30:23.021719+00:00_MP002,2026-09-28T03:30:23.021719+00:00,COR001,MP002,S001,C7nDMQ5I3QswPvpW9EAKAg==,59,70,224,189,35,15.714285714285714,1.1851851851851851,1.0,False
2026-09-28T03:30:23.021719+00:00_MP003,2026-09-28T03:30:23.021719+00:00,COR001,MP003,S002,C7nAjg5DYwoyCP8v/mUKAg==,18,68,101,26,75,73.52941176470588,3.8846153846153846,0.99,False
2026-09-28T03:30:23.021719+00:00_MP004,2026-09-28T03:30:23.021719+00:00,COR001,MP004,S002,C7nAaA5DLwsyI/x5+XsKAg==,17,63,442,119,323,73.01587301587301,3.7142857142857135,1.0,False
2026-09-28T03:30:23.021719+00:00_MP005,2026-09-28T03:30:23.021719+00:00,COR001,MP005,S003,C7m+ww5AJQoyMPkA+HEKBA==,60,77,171,133,38,22.07792207792208,1.2857142857142858,1.0,False
2026-09-28T03:30:23.021719+00:00_MP006,2026-09-28T03:30:23.021719+00:00,COR001,MP006,S003,C7m+ww5AJQoyMPkA+HEKBA==,60,77,171,133,38,22.07792207792208,1.2857142857142858,1.0,False
2026-09-28T04:00:29.551516+00:00_MP001,2026-09-28T04:00:29.551516+00:00,COR001,MP001,S001,C7nDMQ5I3QswPvpW9EAKAg==,71,71,186,186,0,0.0,1.0,1.0,False
2026-09-28T04:00:29.551516+00:00_MP002,2026-09-28T04:00:29.551516+00:00,COR001,MP002,S001,C7nDMQ5I3QswPvpW9EAKAg==,71,71,186,186,0,0.0,1.0,1.0,False
2026-09-28T04:00:29.551516+00:00_MP003,2026-09-28T04:00:29.551516+00:00,COR001,MP003,S002,C7nAjg5DYwoyCP8v/mUKAg==,69,69,26,26,0,0.0,1.0,1.0,False
2026-09-28T04:00:29.551516+00:00_MP004,2026-09-28T04:00:29.551516+00:00,COR001,MP004,S002,C7nAaA5DLwsyI/x5+XsKAg==,64,64,117,117,0,0.0,1.0,1.0,False
2026-09-28T04:00:29.551516+00:00_MP005,2026-09-28T04:00:29.551516+00:00,COR001,MP005,S003,C7m+ww5AJQoyMPkA+HEKBA==,78,78,132,132,0,0.0,1.0,1.0,False
2026-09-28T04:00:29.551516+00:00_MP006,2026-09-28T04:00:29.551516+00:00,COR001,MP006,S003,C7m+ww5AJQoyMPkA+HEKBA==,78,78,132,132,0,0.0,1.0,1.0,False
2026-09-28T04:30:25.193324+00:00_MP001,2026-09-28T04:30:25.193324+00:00,COR001,MP001,S001,C7nDMQ5I3QswPvpW9EAKAg==,71,71,186,186,0,0.0,1.0,1.0,False
2026-09-28T04:30:25.193324+00:00_MP002,2026-09-28T04:30:25.193324+00:00,COR001,MP002,S001,C7nDMQ5I3QswPvpW9EAKAg==,71,71,186,186,0,0.0,1.0,1.0,False
2026-09-28T04:30:25.193324+00:00_MP003,2026-09-28T04:30:25.193324+00:00,COR001,MP003,S002,C7nAjg5DYwoyCP8v/mUKAg==,69,69,26,26,0,0.0,1.0,1.0,False
2026-09-28T04:30:25.193324+00:00_MP004,2026-09-28T04:30:25.193324+00:00,COR001,MP004,S002,C7nAaA5DLwsyI/x5+XsKAg==,64,64,117,117,0,0.0,1.0,1.0,False
2026-09-28T04:30:25.193324+00:00_MP005,2026-09-28T04:30:25.193324+00:00,COR001,MP005,S003,C7m+ww5AJQoyMPkA+HEKBA==,78,78,132,132,0,0.0,1.0,1.0,False
2026-09-28T04:30:25.193324+00:00_MP006,2026-09-28T04:30:25.193324+00:00,COR001,MP006,S003,C7m+ww5AJQoyMPkA+HEKBA==,78,78,132,132,0,0.0,1.0,1.0,False
2026-09-28T05:00:24.036384+00:00_MP001,2026-09-28T05:00:24.036384+00:00,COR001,MP001,S001,C7nDMQ5I3QswPvpW9EAKAg==,71,71,186,186,0,0.0,1.0,1.0,False
2026-09-28T05:00:24.036384+00:00_MP002,2026-09-28T05:00:24.036384+00:00,COR001,MP002,S001,C7nDMQ5I3QswPvpW9EAKAg==,71,71,186,186,0,0.0,1.0,1.0,False
2026-09-28T05:00:24.036384+00:00_MP003,2026-09-28T05:00:24.036384+00:00,COR001,MP003,S002,C7nAjg5DYwoyCP8v/mUKAg==,69,69,26,26,0,0.0,1.0,1.0,False
2026-09-28T05:00:24.036384+00:00_MP004,2026-09-28T05:00:24.036384+00:00,COR001,MP004,S002,C7nAaA5DLwsyI/x5+XsKAg==,64,64,117,117,0,0.0,1.0,1.0,False
2026-09-28T05:00:24.036384+00:00_MP005,2026-09-28T05:00:24.036384+00:00,COR001,MP005,S003,C7m+ww5AJQoyMPkA+HEKBA==,78,78,132,132,0,0.0,1.0,1.0,False
2026-09-28T05:00:24.036384+00:00_MP006,2026-09-28T05:00:24.036384+00:00,COR001,MP006,S003,C7m+ww5AJQoyMPkA+HEKBA==,78,78,132,132,0,0.0,1.0,1.0,False
2026-09-28T05:30:24.723042+00:00_MP001,2026-09-28T05:30:24.723042+00:00,COR001,MP001,S001,C7nDMQ5I3QswPvpW9EAKAg==,71,71,186,186,0,0.0,1.0,1.0,False
2026-09-28T05:30:24.723042+00:00_MP002,2026-09-28T05:30:24.723042+00:00,COR001,MP002,S001,C7nDMQ5I3QswPvpW9EAKAg==,71,71,186,186,0,0.0,1.0,1.0,False
2026-09-28T05:30:24.723042+00:00_MP003,2026-09-28T05:30:24.723042+00:00,COR001,MP003,S002,C7nAjg5DYwoyCP8v/mUKAg==,69,69,26,26,0,0.0,1.0,1.0,False
2026-09-28T05:30:24.723042+00:00_MP004,2026-09-28T05:30:24.723042+00:00,COR001,MP004,S002,C7nAaA5DLwsyI/x5+XsKAg==,49,64,153,117,36,23.4375,1.3076923076923077,0.99,False
2026-09-28T05:30:24.723042+00:00_MP005,2026-09-28T05:30:24.723042+00:00,COR001,MP005,S003,C7m+ww5AJQoyMPkA+HEKBA==,78,78,132,132,0,0.0,1.0,1.0,False
2026-09-28T05:30:24.723042+00:00_MP006,2026-09-28T05:30:24.723042+00:00,COR001,MP006,S003,C7m+ww5AJQoyMPkA+HEKBA==,78,78,132,132,0,0.0,1.0,1.0,False
2026-09-28T06:00:22.858994+00:00_MP001,2026-09-28T06:00:22.858994+00:00,COR001,MP001,S001,C7nDMQ5I3QswPvpW9EAKAg==,71,71,186,186,0,0.0,1.0,1.0,False
2026-09-28T06:00:22.858994+00:00_MP002,2026-09-28T06:00:22.858994+00:00,COR001,MP002,S001,C7nDMQ5I3QswPvpW9EAKAg==,71,71,186,186,0,0.0,1.0,1.0,False
2026-09-28T06:00:22.858994+00:00_MP003,2026-09-28T06:00:22.858994+00:00,COR001,MP003,S002,C7nAjg5DYwoyCP8v/mUKAg==,69,69,26,26,0,0.0,1.0,1.0,False
2026-09-28T06:00:22.858994+00:00_MP004,2026-09-28T06:00:22.858994+00:00,COR001,MP004,S002,C7nAaA5DLwsyI/x5+XsKAg==,64,64,117,117,0,0.0,1.0,1.0,False
2026-09-28T06:00:22.858994+00:00_MP005,2026-09-28T06:00:22.858994+00:00,COR001,MP005,S003,C7m+ww5AJQoyMPkA+HEKBA==,78,78,132,132,0,0.0,1.0,1.0,False
2026-09-28T06:00:22.858994+00:00_MP006,2026-09-28T06:00:22.858994+00:00,COR001,MP006,S003,C7m+ww5AJQoyMPkA+HEKBA==,78,78,132,132,0,0.0,1.0,1.0,False
2026-09-28T06:30:21.929044+00:00_MP001,2026-09-28T06:30:21.929044+00:00,COR001,MP001,S001,C7nDMQ5I3QswPvpW9EAKAg==,71,71,186,186,0,0.0,1.0,1.0,False
2026-09-28T06:30:21.929044+00:00_MP002,2026-09-28T06:30:21.929044+00:00,COR001,MP002,S001,C7nDMQ5I3QswPvpW9EAKAg==,71,71,186,186,0,0.0,1.0,1.0,False
2026-09-28T06:30:21.929044+00:00_MP003,2026-09-28T06:30:21.929044+00:00,COR001,MP003,S002,C7nAjg5DYwoyCP8v/mUKAg==,69,69,26,26,0,0.0,1.0,1.0,False
2026-09-28T06:30:21.929044+00:00_MP004,2026-09-28T06:30:21.929044+00:00,COR001,MP004,S002,C7nAaA5DLwsyI/x5+XsKAg==,52,64,144,117,27,18.75,1.2307692307692308,0.976626,False
2026-09-28T06:30:21.929044+00:00_MP005,2026-09-28T06:30:21.929044+00:00,COR001,MP005,S003,C7m+ww5AJQoyMPkA+HEKBA==,78,78,132,132,0,0.0,1.0,1.0,False
2026-09-28T06:30:21.929044+00:00_MP006,2026-09-28T06:30:21.929044+00:00,COR001,MP006,S003,C7m+ww5AJQoyMPkA+HEKBA==,78,78,132,132,0,0.0,1.0,1.0,False
2026-09-28T07:00:27.915883+00:00_MP001,2026-09-28T07:00:27.915883+00:00,COR001,MP001,S001,C7nDMQ5I3QswPvpW9EAKAg==,71,71,186,186,0,0.0,1.0,1.0,False
2026-09-28T07:00:27.915883+00:00_MP002,2026-09-28T07:00:27.915883+00:00,COR001,MP002,S001,C7nDMQ5I3QswPvpW9EAKAg==,71,71,186,186,0,0.0,1.0,1.0,False
2026-09-28T07:00:27.915883+00:00_MP003,2026-09-28T07:00:27.915883+00:00,COR001,MP003,S002,C7nAjg5DYwoyCP8v/mUKAg==,69,69,26,26,0,0.0,1.0,1.0,False
2026-09-28T07:00:27.915883+00:00_MP004,2026-09-28T07:00:27.915883+00:00,COR001,MP004,S002,C7nAaA5DLwsyI/x5+XsKAg==,55,64,136,117,19,14.0625,1.1623931623931625,0.917805,False
2026-09-28T07:00:27.915883+00:00_MP005,2026-09-28T07:00:27.915883+00:00,COR001,MP005,S003,C7m+ww5AJQoyMPkA+HEKBA==,78,78,132,132,0,0.0,1.0,1.0,False
2026-09-28T07:00:27.915883+00:00_MP006,2026-09-28T07:00:27.915883+00:00,COR001,MP006,S003,C7m+ww5AJQoyMPkA+HEKBA==,78,78,132,132,0,0.0,1.0,1.0,False
2026-09-28T07:30:26.736854+00:00_MP001,2026-09-28T07:30:26.736854+00:00,COR001,MP001,S001,C7nDMQ5I3QswPvpW9EAKAg==,71,71,186,186,0,0.0,1.0,1.0,False
2026-09-28T07:30:26.736854+00:00_MP002,2026-09-28T07:30:26.736854+00:00,COR001,MP002,S001,C7nDMQ5I3QswPvpW9EAKAg==,71,71,186,186,0,0.0,1.0,1.0,False
2026-09-28T07:30:26.736854+00:00_MP003,2026-09-28T07:30:26.736854+00:00,COR001,MP003,S002,C7nAjg5DYwoyCP8v/mUKAg==,69,69,26,26,0,0.0,1.0,1.0,False
2026-09-28T07:30:26.736854+00:00_MP004,2026-09-28T07:30:26.736854+00:00,COR001,MP004,S002,C7nAaA5DLwsyI/x5+XsKAg==,58,64,129,117,12,9.375,1.1025641025641026,0.90108,False
2026-09-28T07:30:26.736854+00:00_MP005,2026-09-28T07:30:26.736854+00:00,COR001,MP005,S003,C7m+ww5AJQoyMPkA+HEKBA==,78,78,132,132,0,0.0,1.0,1.0,False
2026-09-28T07:30:26.736854+00:00_MP006,2026-09-28T07:30:26.736854+00:00,COR001,MP006,S003,C7m+ww5AJQoyMPkA+HEKBA==,78,78,132,132,0,0.0,1.0,1.0,False
2026-09-28T08:00:26.899678+00:00_MP001,2026-09-28T08:00:26.899678+00:00,COR001,MP001,S001,C7nDMQ5I3QswPvpW9EAKAg==,71,71,186,186,0,0.0,1.0,1.0,False
2026-09-28T08:00:26.899678+00:00_MP002,2026-09-28T08:00:26.899678+00:00,COR001,MP002,S001,C7nDMQ5I3QswPvpW9EAKAg==,71,71,186,186,0,0.0,1.0,1.0,False
2026-09-28T08:00:26.899678+00:00_MP003,2026-09-28T08:00:26.899678+00:00,COR001,MP003,S002,C7nAjg5DYwoyCP8v/mUKAg==,69,69,26,26,0,0.0,1.0,1.0,False
2026-09-28T08:00:26.899678+00:00_MP004,2026-09-28T08:00:26.899678+00:00,COR001,MP004,S002,C7nAaA5DLwsyI/x5+XsKAg==,49,64,153,117,36,23.4375,1.3076923076923077,0.956643,False
2026-09-28T08:00:26.899678+00:00_MP005,2026-09-28T08:00:26.899678+00:00,COR001,MP005,S003,C7m+ww5AJQoyMPkA+HEKBA==,78,78,132,132,0,0.0,1.0,1.0,False
2026-09-28T08:00:26.899678+00:00_MP006,2026-09-28T08:00:26.899678+00:00,COR001,MP006,S003,C7m+ww5AJQoyMPkA+HEKBA==,78,78,132,132,0,0.0,1.0,1.0,False
2026-09-28T08:30:24.547191+00:00_MP001,2026-09-28T08:30:24.547191+00:00,COR001,MP001,S001,C7nDMQ5I3QswPvpW9EAKAg==,71,71,186,186,0,0.0,1.0,1.0,False
2026-09-28T08:30:24.547191+00:00_MP002,2026-09-28T08:30:24.547191+00:00,COR001,MP002,S001,C7nDMQ5I3QswPvpW9EAKAg==,71,71,186,186,0,0.0,1.0,1.0,False
2026-09-28T08:30:24.547191+00:00_MP003,2026-09-28T08:30:24.547191+00:00,COR001,MP003,S002,C7nAjg5DYwoyCP8v/mUKAg==,69,69,26,26,0,0.0,1.0,1.0,False
2026-09-28T08:30:24.547191+00:00_MP004,2026-09-28T08:30:24.547191+00:00,COR001,MP004,S002,C7nAaA5DLwsyI/x5+XsKAg==,59,64,127,117,10,7.8125,1.0854700854700854,0.870153,False
2026-09-28T08:30:24.547191+00:00_MP005,2026-09-28T08:30:24.547191+00:00,COR001,MP005,S003,C7m+ww5AJQoyMPkA+HEKBA==,78,78,132,132,0,0.0,1.0,1.0,False
2026-09-28T08:30:24.547191+00:00_MP006,2026-09-28T08:30:24.547191+00:00,COR001,MP006,S003,C7m+ww5AJQoyMPkA+HEKBA==,78,78,132,132,0,0.0,1.0,1.0,False
2026-09-28T09:00:26.631700+00:00_MP001,2026-09-28T09:00:26.631700+00:00,COR001,MP001,S001,C7nDMQ5I3QswPvpW9EAKAg==,71,71,186,186,0,0.0,1.0,1.0,False
2026-09-28T09:00:26.631700+00:00_MP002,2026-09-28T09:00:26.631700+00:00,COR001,MP002,S001,C7nDMQ5I3QswPvpW9EAKAg==,71,71,186,186,0,0.0,1.0,1.0,False
2026-09-28T09:00:26.631700+00:00_MP003,2026-09-28T09:00:26.631700+00:00,COR001,MP003,S002,C7nAjg5DYwoyCP8v/mUKAg==,69,69,26,26,0,0.0,1.0,1.0,False
2026-09-28T09:00:26.631700+00:00_MP004,2026-09-28T09:00:26.631700+00:00,COR001,MP004,S002,C7nAaA5DLwsyI/x5+XsKAg==,55,64,136,117,19,14.0625,1.1623931623931625,0.872355,False
2026-09-28T09:00:26.631700+00:00_MP005,2026-09-28T09:00:26.631700+00:00,COR001,MP005,S003,C7m+ww5AJQoyMPkA+HEKBA==,78,78,132,132,0,0.0,1.0,1.0,False
2026-09-28T09:00:26.631700+00:00_MP006,2026-09-28T09:00:26.631700+00:00,COR001,MP006,S003,C7m+ww5AJQoyMPkA+HEKBA==,78,78,132,132,0,0.0,1.0,1.0,False
2026-09-28T09:30:30.926830+00:00_MP001,2026-09-28T09:30:30.926830+00:00,COR001,MP001,S001,C7nDMQ5I3QswPvpW9EAKAg==,71,71,186,186,0,0.0,1.0,1.0,False
2026-09-28T09:30:30.926830+00:00_MP002,2026-09-28T09:30:30.926830+00:00,COR001,MP002,S001,C7nDMQ5I3QswPvpW9EAKAg==,71,71,186,186,0,0.0,1.0,1.0,False
2026-09-28T09:30:30.926830+00:00_MP003,2026-09-28T09:30:30.926830+00:00,COR001,MP003,S002,C7nAjg5DYwoyCP8v/mUKAg==,69,69,26,26,0,0.0,1.0,1.0,False
2026-09-28T09:30:30.926830+00:00_MP004,2026-09-28T09:30:30.926830+00:00,COR001,MP004,S002,C7nAaA5DLwsyI/x5+XsKAg==,56,64,134,117,17,12.5,1.1452991452991452,0.907666,False
2026-09-28T09:30:30.926830+00:00_MP005,2026-09-28T09:30:30.926830+00:00,COR001,MP005,S003,C7m+ww5AJQoyMPkA+HEKBA==,78,78,132,132,0,0.0,1.0,1.0,False
2026-09-28T09:30:30.926830+00:00_MP006,2026-09-28T09:30:30.926830+00:00,COR001,MP006,S003,C7m+ww5AJQoyMPkA+HEKBA==,78,78,132,132,0,0.0,1.0,1.0,False
2026-09-28T10:00:30.004188+00:00_MP001,2026-09-28T10:00:30.004188+00:00,COR001,MP001,S001,C7nDMQ5I3QswPvpW9EAKAg==,71,71,186,186,0,0.0,1.0,1.0,False
2026-09-28T10:00:30.004188+00:00_MP002,2026-09-28T10:00:30.004188+00:00,COR001,MP002,S001,C7nDMQ5I3QswPvpW9EAKAg==,71,71,186,186,0,0.0,1.0,1.0,False
2026-09-28T10:00:30.004188+00:00_MP003,2026-09-28T10:00:30.004188+00:00,COR001,MP003,S002,C7nAjg5DYwoyCP8v/mUKAg==,69,69,26,26,0,0.0,1.0,1.0,False
2026-09-28T10:00:30.004188+00:00_MP004,2026-09-28T10:00:30.004188+00:00,COR001,MP004,S002,C7nAaA5DLwsyI/x5+XsKAg==,50,64,150,117,33,21.875,1.2820512820512822,0.911075,False
2026-09-28T10:00:30.004188+00:00_MP005,2026-09-28T10:00:30.004188+00:00,COR001,MP005,S003,C7m+ww5AJQoyMPkA+HEKBA==,78,78,132,132,0,0.0,1.0,1.0,False
2026-09-28T10:00:30.004188+00:00_MP006,2026-09-28T10:00:30.004188+00:00,COR001,MP006,S003,C7m+ww5AJQoyMPkA+HEKBA==,78,78,132,132,0,0.0,1.0,1.0,False
2026-09-28T10:30:28.095525+00:00_MP001,2026-09-28T10:30:28.095525+00:00,COR001,MP001,S001,C7nDMQ5I3QswPvpW9EAKAg==,71,71,186,186,0,0.0,1.0,1.0,False
2026-09-28T10:30:28.095525+00:00_MP002,2026-09-28T10:30:28.095525+00:00,COR001,MP002,S001,C7nDMQ5I3QswPvpW9EAKAg==,71,71,186,186,0,0.0,1.0,1.0,False
2026-09-28T10:30:28.095525+00:00_MP003,2026-09-28T10:30:28.095525+00:00,COR001,MP003,S002,C7nAjg5DYwoyCP8v/mUKAg==,69,69,26,26,0,0.0,1.0,1.0,False
2026-09-28T10:30:28.095525+00:00_MP004,2026-09-28T10:30:28.095525+00:00,COR001,MP004,S002,C7nAaA5DLwsyI/x5+XsKAg==,42,65,179,115,64,35.38461538461539,1.556521739130435,0.982134,False
2026-09-28T10:30:28.095525+00:00_MP005,2026-09-28T10:30:28.095525+00:00,COR001,MP005,S003,C7m+ww5AJQoyMPkA+HEKBA==,78,78,132,132,0,0.0,1.0,1.0,False
2026-09-28T10:30:28.095525+00:00_MP006,2026-09-28T10:30:28.095525+00:00,COR001,MP006,S003,C7m+ww5AJQoyMPkA+HEKBA==,78,78,132,132,0,0.0,1.0,1.0,False
2026-09-28T11:00:28.279669+00:00_MP001,2026-09-28T11:00:28.279669+00:00,COR001,MP001,S001,C7nDMQ5I3QswPvpW9EAKAg==,71,71,186,186,0,0.0,1.0,1.0,False
2026-09-28T11:00:28.279669+00:00_MP002,2026-09-28T11:00:28.279669+00:00,COR001,MP002,S001,C7nDMQ5I3QswPvpW9EAKAg==,71,71,186,186,0,0.0,1.0,1.0,False
2026-09-28T11:00:28.279669+00:00_MP003,2026-09-28T11:00:28.279669+00:00,COR001,MP003,S002,C7nAjg5DYwoyCP8v/mUKAg==,69,69,26,26,0,0.0,1.0,1.0,False
2026-09-28T11:00:28.279669+00:00_MP004,2026-09-28T11:00:28.279669+00:00,COR001,MP004,S002,C7nAaA5DLwsyI/x5+XsKAg==,49,64,153,117,36,23.4375,1.3076923076923077,0.975191,False
2026-09-28T11:00:28.279669+00:00_MP005,2026-09-28T11:00:28.279669+00:00,COR001,MP005,S003,C7m+ww5AJQoyMPkA+HEKBA==,78,78,132,132,0,0.0,1.0,1.0,False
2026-09-28T11:00:28.279669+00:00_MP006,2026-09-28T11:00:28.279669+00:00,COR001,MP006,S003,C7m+ww5AJQoyMPkA+HEKBA==,78,78,132,132,0,0.0,1.0,1.0,False
2026-09-28T11:30:28.744547+00:00_MP001,2026-09-28T11:30:28.744547+00:00,COR001,MP001,S001,C7nDMQ5I3QswPvpW9EAKAg==,71,71,186,186,0,0.0,1.0,1.0,False
2026-09-28T11:30:28.744547+00:00_MP002,2026-09-28T11:30:28.744547+00:00,COR001,MP002,S001,C7nDMQ5I3QswPvpW9EAKAg==,71,71,186,186,0,0.0,1.0,1.0,False
2026-09-28T11:30:28.744547+00:00_MP003,2026-09-28T11:30:28.744547+00:00,COR001,MP003,S002,C7nAjg5DYwoyCP8v/mUKAg==,69,69,26,26,0,0.0,1.0,1.0,False
2026-09-28T11:30:28.744547+00:00_MP004,2026-09-28T11:30:28.744547+00:00,COR001,MP004,S002,C7nAaA5DLwsyI/x5+XsKAg==,64,64,117,117,0,0.0,1.0,1.0,False
2026-09-28T11:30:28.744547+00:00_MP005,2026-09-28T11:30:28.744547+00:00,COR001,MP005,S003,C7m+ww5AJQoyMPkA+HEKBA==,78,78,132,132,0,0.0,1.0,1.0,False
2026-09-28T11:30:28.744547+00:00_MP006,2026-09-28T11:30:28.744547+00:00,COR001,MP006,S003,C7m+ww5AJQoyMPkA+HEKBA==,78,78,132,132,0,0.0,1.0,1.0,False
2026-09-28T12:00:30.752610+00:00_MP001,2026-09-28T12:00:30.752610+00:00,COR001,MP001,S001,C7nDMQ5I3QswPvpW9EAKAg==,71,71,186,186,0,0.0,1.0,1.0,False
2026-09-28T12:00:30.752610+00:00_MP002,2026-09-28T12:00:30.752610+00:00,COR001,MP002,S001,C7nDMQ5I3QswPvpW9EAKAg==,71,71,186,186,0,0.0,1.0,1.0,False
2026-09-28T12:00:30.752610+00:00_MP003,2026-09-28T12:00:30.752610+00:00,COR001,MP003,S002,C7nAjg5DYwoyCP8v/mUKAg==,69,69,26,26,0,0.0,1.0,1.0,False
2026-09-28T12:00:30.752610+00:00_MP004,2026-09-28T12:00:30.752610+00:00,COR001,MP004,S002,C7nAaA5DLwsyI/x5+XsKAg==,64,64,117,117,0,0.0,1.0,1.0,False
2026-09-28T12:00:30.752610+00:00_MP005,2026-09-28T12:00:30.752610+00:00,COR001,MP005,S003,C7m+ww5AJQoyMPkA+HEKBA==,78,78,132,132,0,0.0,1.0,1.0,False
2026-09-28T12:00:30.752610+00:00_MP006,2026-09-28T12:00:30.752610+00:00,COR001,MP006,S003,C7m+ww5AJQoyMPkA+HEKBA==,78,78,132,132,0,0.0,1.0,1.0,False
2026-09-28T12:30:24.699398+00:00_MP001,2026-09-28T12:30:24.699398+00:00,COR001,MP001,S001,C7nDMQ5I3QswPvpW9EAKAg==,71,71,186,186,0,0.0,1.0,1.0,False
2026-09-28T12:30:24.699398+00:00_MP002,2026-09-28T12:30:24.699398+00:00,COR001,MP002,S001,C7nDMQ5I3QswPvpW9EAKAg==,71,71,186,186,0,0.0,1.0,1.0,False
2026-09-28T12:30:24.699398+00:00_MP003,2026-09-28T12:30:24.699398+00:00,COR001,MP003,S002,C7nAjg5DYwoyCP8v/mUKAg==,58,69,31,26,5,15.942028985507244,1.1923076923076923,1.0,False
2026-09-28T12:30:24.699398+00:00_MP004,2026-09-28T12:30:24.699398+00:00,COR001,MP004,S002,C7nAaA5DLwsyI/x5+XsKAg==,40,64,187,117,70,37.5,1.5982905982905984,0.998276,False
2026-09-28T12:30:24.699398+00:00_MP005,2026-09-28T12:30:24.699398+00:00,COR001,MP005,S003,C7m+ww5AJQoyMPkA+HEKBA==,78,78,132,132,0,0.0,1.0,1.0,False
2026-09-28T12:30:24.699398+00:00_MP006,2026-09-28T12:30:24.699398+00:00,COR001,MP006,S003,C7m+ww5AJQoyMPkA+HEKBA==,78,78,132,132,0,0.0,1.0,1.0,False
2026-09-28T13:00:29.522992+00:00_MP001,2026-09-28T13:00:29.522992+00:00,COR001,MP001,S001,C7nDMQ5I3QswPvpW9EAKAg==,61,71,217,186,31,14.084507042253522,1.1666666666666667,0.992468,False
2026-09-28T13:00:29.522992+00:00_MP002,2026-09-28T13:00:29.522992+00:00,COR001,MP002,S001,C7nDMQ5I3QswPvpW9EAKAg==,61,71,217,186,31,14.084507042253522,1.1666666666666667,0.992468,False
2026-09-28T13:00:29.522992+00:00_MP003,2026-09-28T13:00:29.522992+00:00,COR001,MP003,S002,C7nAjg5DYwoyCP8v/mUKAg==,69,69,26,26,0,0.0,1.0,1.0,False
2026-09-28T13:00:29.522992+00:00_MP004,2026-09-28T13:00:29.522992+00:00,COR001,MP004,S002,C7nAaA5DLwsyI/x5+XsKAg==,49,63,153,119,34,22.22222222222222,1.2857142857142858,0.998276,False
2026-09-28T13:00:29.522992+00:00_MP005,2026-09-28T13:00:29.522992+00:00,COR001,MP005,S003,C7m+ww5AJQoyMPkA+HEKBA==,78,78,132,132,0,0.0,1.0,1.0,False
2026-09-28T13:00:29.522992+00:00_MP006,2026-09-28T13:00:29.522992+00:00,COR001,MP006,S003,C7m+ww5AJQoyMPkA+HEKBA==,78,78,132,132,0,0.0,1.0,1.0,False
2026-09-28T13:30:27.404431+00:00_MP001,2026-09-28T13:30:27.404431+00:00,COR001,MP001,S001,C7nDMQ5I3QswPvpW9EAKAg==,71,71,186,186,0,0.0,1.0,1.0,False
2026-09-28T13:30:27.404431+00:00_MP002,2026-09-28T13:30:27.404431+00:00,COR001,MP002,S001,C7nDMQ5I3QswPvpW9EAKAg==,71,71,186,186,0,0.0,1.0,1.0,False
2026-09-28T13:30:27.404431+00:00_MP003,2026-09-28T13:30:27.404431+00:00,COR001,MP003,S002,C7nAjg5DYwoyCP8v/mUKAg==,31,69,58,26,32,55.072463768115945,2.230769230769231,1.0,False
2026-09-28T13:30:27.404431+00:00_MP004,2026-09-28T13:30:27.404431+00:00,COR001,MP004,S002,C7nAaA5DLwsyI/x5+XsKAg==,17,62,442,121,321,72.58064516129032,3.652892561983471,1.0,False
2026-09-28T13:30:27.404431+00:00_MP005,2026-09-28T13:30:27.404431+00:00,COR001,MP005,S003,C7m+ww5AJQoyMPkA+HEKBA==,53,77,194,133,61,31.16883116883117,1.4586466165413534,1.0,False
2026-09-28T13:30:27.404431+00:00_MP006,2026-09-28T13:30:27.404431+00:00,COR001,MP006,S003,C7m+ww5AJQoyMPkA+HEKBA==,53,77,194,133,61,31.16883116883117,1.4586466165413534,1.0,False
2026-09-28T14:00:35.767372+00:00_MP001,2026-09-28T14:00:35.767372+00:00,COR001,MP001,S001,C7nDMQ5I3QswPvpW9EAKAg==,59,70,224,189,35,15.714285714285714,1.1851851851851851,1.0,False
2026-09-28T14:00:35.767372+00:00_MP002,2026-09-28T14:00:35.767372+00:00,COR001,MP002,S001,C7nDMQ5I3QswPvpW9EAKAg==,59,70,224,189,35,15.714285714285714,1.1851851851851851,1.0,False
2026-09-28T14:00:35.767372+00:00_MP003,2026-09-28T14:00:35.767372+00:00,COR001,MP003,S002,C7nAjg5DYwoyCP8v/mUKAg==,28,69,65,26,39,59.42028985507246,2.5,0.99,False
2026-09-28T14:00:35.767372+00:00_MP004,2026-09-28T14:00:35.767372+00:00,COR001,MP004,S002,C7nAaA5DLwsyI/x5+XsKAg==,17,65,442,115,327,73.84615384615385,3.843478260869565,0.998276,False
2026-09-28T14:00:35.767372+00:00_MP005,2026-09-28T14:00:35.767372+00:00,COR001,MP005,S003,C7m+ww5AJQoyMPkA+HEKBA==,53,78,194,132,62,32.05128205128205,1.4696969696969695,1.0,False
2026-09-28T14:00:35.767372+00:00_MP006,2026-09-28T14:00:35.767372+00:00,COR001,MP006,S003,C7m+ww5AJQoyMPkA+HEKBA==,53,78,194,132,62,32.05128205128205,1.4696969696969695,1.0,False
2026-09-28T14:30:23.878318+00:00_MP001,2026-09-28T14:30:23.878318+00:00,COR001,MP001,S001,C7nDMQ5I3QswPvpW9EAKAg==,71,71,186,186,0,0.0,1.0,1.0,False
2026-09-28T14:30:23.878318+00:00_MP002,2026-09-28T14:30:23.878318+00:00,COR001,MP002,S001,C7nDMQ5I3QswPvpW9EAKAg==,71,71,186,186,0,0.0,1.0,1.0,False
2026-09-28T14:30:23.878318+00:00_MP003,2026-09-28T14:30:23.878318+00:00,COR001,MP003,S002,C7nAjg5DYwoyCP8v/mUKAg==,36,70,50,26,24,48.57142857142857,1.9230769230769231,0.99,False
2026-09-28T14:30:23.878318+00:00_MP004,2026-09-28T14:30:23.878318+00:00,COR001,MP004,S002,C7nAaA5DLwsyI/x5+XsKAg==,15,64,501,117,384,76.5625,4.282051282051282,0.997132,False
2026-09-28T14:30:23.878318+00:00_MP005,2026-09-28T14:30:23.878318+00:00,COR001,MP005,S003,C7m+ww5AJQoyMPkA+HEKBA==,56,78,184,132,52,28.205128205128204,1.393939393939394,1.0,False
2026-09-28T14:30:23.878318+00:00_MP006,2026-09-28T14:30:23.878318+00:00,COR001,MP006,S003,C7m+ww5AJQoyMPkA+HEKBA==,56,78,184,132,52,28.205128205128204,1.393939393939394,1.0,False
2026-09-28T15:00:27.815186+00:00_MP001,2026-09-28T15:00:27.815186+00:00,COR001,MP001,S001,C7nDMQ5I3QswPvpW9EAKAg==,59,70,224,189,35,15.714285714285714,1.1851851851851851,1.0,False
2026-09-28T15:00:27.815186+00:00_MP002,2026-09-28T15:00:27.815186+00:00,COR001,MP002,S001,C7nDMQ5I3QswPvpW9EAKAg==,59,70,224,189,35,15.714285714285714,1.1851851851851851,1.0,False
2026-09-28T15:00:27.815186+00:00_MP003,2026-09-28T15:00:27.815186+00:00,COR001,MP003,S002,C7nAjg5DYwoyCP8v/mUKAg==,69,69,26,26,0,0.0,1.0,1.0,False
2026-09-28T15:00:27.815186+00:00_MP004,2026-09-28T15:00:27.815186+00:00,COR001,MP004,S002,C7nAaA5DLwsyI/x5+XsKAg==,41,63,183,119,64,34.92063492063492,1.5378151260504205,1.0,False
2026-09-28T15:00:27.815186+00:00_MP005,2026-09-28T15:00:27.815186+00:00,COR001,MP005,S003,C7m+ww5AJQoyMPkA+HEKBA==,57,78,180,132,48,26.923076923076923,1.3636363636363635,1.0,False
2026-09-28T15:00:27.815186+00:00_MP006,2026-09-28T15:00:27.815186+00:00,COR001,MP006,S003,C7m+ww5AJQoyMPkA+HEKBA==,57,78,180,132,48,26.923076923076923,1.3636363636363635,1.0,False
2026-09-28T15:30:30.325445+00:00_MP001,2026-09-28T15:30:30.325445+00:00,COR001,MP001,S001,C7nDMQ5I3QswPvpW9EAKAg==,71,71,186,186,0,0.0,1.0,1.0,False
2026-09-28T15:30:30.325445+00:00_MP002,2026-09-28T15:30:30.325445+00:00,COR001,MP002,S001,C7nDMQ5I3QswPvpW9EAKAg==,71,71,186,186,0,0.0,1.0,1.0,False
2026-09-28T15:30:30.325445+00:00_MP003,2026-09-28T15:30:30.325445+00:00,COR001,MP003,S002,C7nAjg5DYwoyCP8v/mUKAg==,69,69,26,26,0,0.0,1.0,1.0,False
2026-09-28T15:30:30.325445+00:00_MP004,2026-09-28T15:30:30.325445+00:00,COR001,MP004,S002,C7nAaA5DLwsyI/x5+XsKAg==,64,64,117,117,0,0.0,1.0,1.0,False
2026-09-28T15:30:30.325445+00:00_MP005,2026-09-28T15:30:30.325445+00:00,COR001,MP005,S003,C7m+ww5AJQoyMPkA+HEKBA==,57,77,180,133,47,25.97402597402597,1.3533834586466165,1.0,False
2026-09-28T15:30:30.325445+00:00_MP006,2026-09-28T15:30:30.325445+00:00,COR001,MP006,S003,C7m+ww5AJQoyMPkA+HEKBA==,57,77,180,133,47,25.97402597402597,1.3533834586466165,1.0,False
2026-09-28T16:00:28.333899+00:00_MP001,2026-09-28T16:00:28.333899+00:00,COR001,MP001,S001,C7nDMQ5I3QswPvpW9EAKAg==,71,71,186,186,0,0.0,1.0,1.0,False
2026-09-28T16:00:28.333899+00:00_MP002,2026-09-28T16:00:28.333899+00:00,COR001,MP002,S001,C7nDMQ5I3QswPvpW9EAKAg==,71,71,186,186,0,0.0,1.0,1.0,False
2026-09-28T16:00:28.333899+00:00_MP003,2026-09-28T16:00:28.333899+00:00,COR001,MP003,S002,C7nAjg5DYwoyCP8v/mUKAg==,69,69,26,26,0,0.0,1.0,1.0,False
2026-09-28T16:00:28.333899+00:00_MP004,2026-09-28T16:00:28.333899+00:00,COR001,MP004,S002,C7nAaA5DLwsyI/x5+XsKAg==,64,64,117,117,0,0.0,1.0,1.0,False
2026-09-28T16:00:28.333899+00:00_MP005,2026-09-28T16:00:28.333899+00:00,COR001,MP005,S003,C7m+ww5AJQoyMPkA+HEKBA==,59,77,174,133,41,23.37662337662337,1.3082706766917294,1.0,False
2026-09-28T16:00:28.333899+00:00_MP006,2026-09-28T16:00:28.333899+00:00,COR001,MP006,S003,C7m+ww5AJQoyMPkA+HEKBA==,59,77,174,133,41,23.37662337662337,1.3082706766917294,1.0,False
2026-09-28T16:30:24.782549+00:00_MP001,2026-09-28T16:30:24.782549+00:00,COR001,MP001,S001,C7nDMQ5I3QswPvpW9EAKAg==,71,71,186,186,0,0.0,1.0,1.0,False
2026-09-28T16:30:24.782549+00:00_MP002,2026-09-28T16:30:24.782549+00:00,COR001,MP002,S001,C7nDMQ5I3QswPvpW9EAKAg==,71,71,186,186,0,0.0,1.0,1.0,False
2026-09-28T16:30:24.782549+00:00_MP003,2026-09-28T16:30:24.782549+00:00,COR001,MP003,S002,C7nAjg5DYwoyCP8v/mUKAg==,69,69,26,26,0,0.0,1.0,1.0,False
2026-09-28T16:30:24.782549+00:00_MP004,2026-09-28T16:30:24.782549+00:00,COR001,MP004,S002,C7nAaA5DLwsyI/x5+XsKAg==,64,64,117,117,0,0.0,1.0,1.0,False
2026-09-28T16:30:24.782549+00:00_MP005,2026-09-28T16:30:24.782549+00:00,COR001,MP005,S003,C7m+ww5AJQoyMPkA+HEKBA==,78,78,132,132,0,0.0,1.0,1.0,False
2026-09-28T16:30:24.782549+00:00_MP006,2026-09-28T16:30:24.782549+00:00,COR001,MP006,S003,C7m+ww5AJQoyMPkA+HEKBA==,78,78,132,132,0,0.0,1.0,1.0,False
2026-09-28T17:00:28.820908+00:00_MP001,2026-09-28T17:00:28.820908+00:00,COR001,MP001,S001,C7nDMQ5I3QswPvpW9EAKAg==,71,71,186,186,0,0.0,1.0,1.0,False
2026-09-28T17:00:28.820908+00:00_MP002,2026-09-28T17:00:28.820908+00:00,COR001,MP002,S001,C7nDMQ5I3QswPvpW9EAKAg==,71,71,186,186,0,0.0,1.0,1.0,False
2026-09-28T17:00:28.820908+00:00_MP003,2026-09-28T17:00:28.820908+00:00,COR001,MP003,S002,C7nAjg5DYwoyCP8v/mUKAg==,69,69,26,26,0,0.0,1.0,1.0,False
2026-09-28T17:00:28.820908+00:00_MP004,2026-09-28T17:00:28.820908+00:00,COR001,MP004,S002,C7nAaA5DLwsyI/x5+XsKAg==,54,64,139,117,22,15.625,1.188034188034188,1.0,False
2026-09-28T17:00:28.820908+00:00_MP005,2026-09-28T17:00:28.820908+00:00,COR001,MP005,S003,C7m+ww5AJQoyMPkA+HEKBA==,57,78,180,132,48,26.923076923076923,1.3636363636363635,1.0,False
2026-09-28T17:00:28.820908+00:00_MP006,2026-09-28T17:00:28.820908+00:00,COR001,MP006,S003,C7m+ww5AJQoyMPkA+HEKBA==,57,78,180,132,48,26.923076923076923,1.3636363636363635,1.0,False
2026-09-28T17:30:26.219943+00:00_MP001,2026-09-28T17:30:26.219943+00:00,COR001,MP001,S001,C7nDMQ5I3QswPvpW9EAKAg==,71,71,186,186,0,0.0,1.0,1.0,False
2026-09-28T17:30:26.219943+00:00_MP002,2026-09-28T17:30:26.219943+00:00,COR001,MP002,S001,C7nDMQ5I3QswPvpW9EAKAg==,71,71,186,186,0,0.0,1.0,1.0,False
2026-09-28T17:30:26.219943+00:00_MP003,2026-09-28T17:30:26.219943+00:00,COR001,MP003,S002,C7nAjg5DYwoyCP8v/mUKAg==,69,69,26,26,0,0.0,1.0,1.0,False
2026-09-28T17:30:26.219943+00:00_MP004,2026-09-28T17:30:26.219943+00:00,COR001,MP004,S002,C7nAaA5DLwsyI/x5+XsKAg==,44,63,170,119,51,30.15873015873016,1.4285714285714286,1.0,False
2026-09-28T17:30:26.219943+00:00_MP005,2026-09-28T17:30:26.219943+00:00,COR001,MP005,S003,C7m+ww5AJQoyMPkA+HEKBA==,78,78,132,132,0,0.0,1.0,1.0,False
2026-09-28T17:30:26.219943+00:00_MP006,2026-09-28T17:30:26.219943+00:00,COR001,MP006,S003,C7m+ww5AJQoyMPkA+HEKBA==,78,78,132,132,0,0.0,1.0,1.0,False
2026-09-28T18:00:32.630568+00:00_MP001,2026-09-28T18:00:32.630568+00:00,COR001,MP001,S001,C7nDMQ5I3QswPvpW9EAKAg==,57,71,232,186,46,19.718309859154928,1.2473118279569892,1.0,False
2026-09-28T18:00:32.630568+00:00_MP002,2026-09-28T18:00:32.630568+00:00,COR001,MP002,S001,C7nDMQ5I3QswPvpW9EAKAg==,57,71,232,186,46,19.718309859154928,1.2473118279569892,1.0,False
2026-09-28T18:00:32.630568+00:00_MP003,2026-09-28T18:00:32.630568+00:00,COR001,MP003,S002,C7nAjg5DYwoyCP8v/mUKAg==,69,69,26,26,0,0.0,1.0,1.0,False
2026-09-28T18:00:32.630568+00:00_MP004,2026-09-28T18:00:32.630568+00:00,COR001,MP004,S002,C7nAaA5DLwsyI/x5+XsKAg==,64,64,117,117,0,0.0,1.0,1.0,False
2026-09-28T18:00:32.630568+00:00_MP005,2026-09-28T18:00:32.630568+00:00,COR001,MP005,S003,C7m+ww5AJQoyMPkA+HEKBA==,78,78,132,132,0,0.0,1.0,1.0,False
2026-09-28T18:00:32.630568+00:00_MP006,2026-09-28T18:00:32.630568+00:00,COR001,MP006,S003,C7m+ww5AJQoyMPkA+HEKBA==,78,78,132,132,0,0.0,1.0,1.0,False
2026-09-28T18:30:25.854277+00:00_MP001,2026-09-28T18:30:25.854277+00:00,COR001,MP001,S001,C7nDMQ5I3QswPvpW9EAKAg==,71,71,186,186,0,0.0,1.0,1.0,False
2026-09-28T18:30:25.854277+00:00_MP002,2026-09-28T18:30:25.854277+00:00,COR001,MP002,S001,C7nDMQ5I3QswPvpW9EAKAg==,71,71,186,186,0,0.0,1.0,1.0,False
2026-09-28T18:30:25.854277+00:00_MP003,2026-09-28T18:30:25.854277+00:00,COR001,MP003,S002,C7nAjg5DYwoyCP8v/mUKAg==,51,68,35,26,9,25.0,1.3461538461538465,1.0,False
2026-09-28T18:30:25.854277+00:00_MP004,2026-09-28T18:30:25.854277+00:00,COR001,MP004,S002,C7nAaA5DLwsyI/x5+XsKAg==,33,64,227,117,110,48.4375,1.94017094017094,0.998276,False
2026-09-28T18:30:25.854277+00:00_MP005,2026-09-28T18:30:25.854277+00:00,COR001,MP005,S003,C7m+ww5AJQoyMPkA+HEKBA==,63,77,163,133,30,18.181818181818183,1.2255639097744362,1.0,False
2026-09-28T18:30:25.854277+00:00_MP006,2026-09-28T18:30:25.854277+00:00,COR001,MP006,S003,C7m+ww5AJQoyMPkA+HEKBA==,63,77,163,133,30,18.181818181818183,1.2255639097744362,1.0,False
2026-09-28T19:00:26.877422+00:00_MP001,2026-09-28T19:00:26.877422+00:00,COR001,MP001,S001,C7nDMQ5I3QswPvpW9EAKAg==,61,71,217,186,31,14.084507042253522,1.1666666666666667,1.0,False
2026-09-28T19:00:26.877422+00:00_MP002,2026-09-28T19:00:26.877422+00:00,COR001,MP002,S001,C7nDMQ5I3QswPvpW9EAKAg==,61,71,217,186,31,14.084507042253522,1.1666666666666667,1.0,False
2026-09-28T19:00:26.877422+00:00_MP003,2026-09-28T19:00:26.877422+00:00,COR001,MP003,S002,C7nAjg5DYwoyCP8v/mUKAg==,15,70,121,26,95,78.57142857142857,4.653846153846154,1.0,False
2026-09-28T19:00:26.877422+00:00_MP004,2026-09-28T19:00:26.877422+00:00,COR001,MP004,S002,C7nAaA5DLwsyI/x5+XsKAg==,7,65,1074,115,959,89.23076923076924,9.339130434782607,0.998569,False
2026-09-28T19:00:26.877422+00:00_MP005,2026-09-28T19:00:26.877422+00:00,COR001,MP005,S003,C7m+ww5AJQoyMPkA+HEKBA==,60,77,171,133,38,22.07792207792208,1.2857142857142858,1.0,False
2026-09-28T19:00:26.877422+00:00_MP006,2026-09-28T19:00:26.877422+00:00,COR001,MP006,S003,C7m+ww5AJQoyMPkA+HEKBA==,60,77,171,133,38,22.07792207792208,1.2857142857142858,1.0,False
2026-09-28T19:30:25.693277+00:00_MP001,2026-09-28T19:30:25.693277+00:00,COR001,MP001,S001,C7nDMQ5I3QswPvpW9EAKAg==,34,70,389,189,200,51.42857142857142,2.058201058201058,0.990541,False
2026-09-28T19:30:25.693277+00:00_MP002,2026-09-28T19:30:25.693277+00:00,COR001,MP002,S001,C7nDMQ5I3QswPvpW9EAKAg==,34,70,389,189,200,51.42857142857142,2.058201058201058,0.990541,False
2026-09-28T19:30:25.693277+00:00_MP003,2026-09-28T19:30:25.693277+00:00,COR001,MP003,S002,C7nAjg5DYwoyCP8v/mUKAg==,9,66,202,27,175,86.36363636363636,7.481481481481482,0.933722,False
2026-09-28T19:30:25.693277+00:00_MP004,2026-09-28T19:30:25.693277+00:00,COR001,MP004,S002,C7nAaA5DLwsyI/x5+XsKAg==,5,68,1503,110,1393,92.64705882352942,13.663636363636364,1.0,False
2026-09-28T19:30:25.693277+00:00_MP005,2026-09-28T19:30:25.693277+00:00,COR001,MP005,S003,C7m+ww5AJQoyMPkA+HEKBA==,62,78,166,132,34,20.51282051282051,1.2575757575757576,1.0,False
2026-09-28T19:30:25.693277+00:00_MP006,2026-09-28T19:30:25.693277+00:00,COR001,MP006,S003,C7m+ww5AJQoyMPkA+HEKBA==,62,78,166,132,34,20.51282051282051,1.2575757575757576,1.0,False
